00:19:52.463 INFO  [background-preinit] [Version.java-<clinit>-21] HV000001: Hibernate Validator 8.0.2.Final
00:19:52.557 INFO  [restartedMain] [StartupInfoLogger.java-logStarting-53] Starting SupportershighUserBackendApplication using Java 24.0.1 with PID 9908 (E:\Development\BackEnd\fillo-user-backend\out\production\classes started by user in E:\Development\BackEnd\fillo-user-backend)
00:19:52.557 INFO  [restartedMain] [SpringApplication.java-logStartupProfileInfo-652] No active profile set, falling back to 1 default profile: "default"
00:19:52.588 INFO  [restartedMain] [DeferredLog.java-logTo-252] Devtools property defaults active! Set 'spring.devtools.add-properties' to 'false' to disable
00:19:52.589 INFO  [restartedMain] [DeferredLog.java-logTo-252] For additional web related logging consider setting the 'logging.level.web' property to 'DEBUG'
00:19:53.127 INFO  [restartedMain] [RepositoryConfigurationDelegate.java-multipleStoresDetected-294] Multiple Spring Data modules found, entering strict repository configuration mode
00:19:53.128 INFO  [restartedMain] [RepositoryConfigurationDelegate.java-registerRepositoriesIn-145] Bootstrapping Spring Data JDBC repositories in DEFAULT mode.
00:19:53.157 INFO  [restartedMain] [RepositoryConfigurationExtensionSupport.java-isStrictRepositoryCandidate-327] Spring Data JDBC - Could not safely identify store assignment for repository candidate interface sh.user.supportershighuserbackend.jwt.repository.JwtTokenRepository; If you want this repository to be a JDBC repository, consider annotating your entities with one of these annotations: org.springframework.data.relational.core.mapping.Table.
00:19:53.240 INFO  [restartedMain] [RepositoryConfigurationExtensionSupport.java-isStrictRepositoryCandidate-327] Spring Data JDBC - Could not safely identify store assignment for repository candidate interface sh.user.supportershighuserbackend.media.repository.MediaRepository; If you want this repository to be a JDBC repository, consider annotating your entities with one of these annotations: org.springframework.data.relational.core.mapping.Table.
00:19:53.255 INFO  [restartedMain] [RepositoryConfigurationDelegate.java-registerRepositoriesIn-213] Finished Spring Data repository scanning in 123 ms. Found 3 JDBC repository interfaces.
00:19:53.262 INFO  [restartedMain] [RepositoryConfigurationDelegate.java-multipleStoresDetected-294] Multiple Spring Data modules found, entering strict repository configuration mode
00:19:53.262 INFO  [restartedMain] [RepositoryConfigurationDelegate.java-registerRepositoriesIn-145] Bootstrapping Spring Data JPA repositories in DEFAULT mode.
00:19:53.275 INFO  [restartedMain] [DefaultListableBeanFactory.java-logBeanDefinitionOverriding-1334] Overriding bean definition for bean 'leagueRepository' with a different definition: replacing [Root bean: class=org.springframework.data.jdbc.repository.support.JdbcRepositoryFactoryBean; scope=; abstract=false; lazyInit=false; autowireMode=0; dependencyCheck=0; autowireCandidate=true; primary=false; fallback=false; factoryBeanName=null; factoryMethodName=null; initMethodNames=null; destroyMethodNames=null; defined in sh.user.supportershighuserbackend.league.repository.LeagueRepository defined in @EnableJdbcRepositories declared on JdbcRepositoriesRegistrar.EnableJdbcRepositoriesConfiguration] with [Root bean: class=org.springframework.data.jpa.repository.support.JpaRepositoryFactoryBean; scope=; abstract=false; lazyInit=false; autowireMode=0; dependencyCheck=0; autowireCandidate=true; primary=false; fallback=false; factoryBeanName=null; factoryMethodName=null; initMethodNames=null; destroyMethodNames=null; defined in sh.user.supportershighuserbackend.league.repository.LeagueRepository defined in @EnableJpaRepositories declared on JpaRepositoriesRegistrar.EnableJpaRepositoriesConfiguration]
00:19:53.276 INFO  [restartedMain] [DefaultListableBeanFactory.java-logBeanDefinitionOverriding-1334] Overriding bean definition for bean 'memberRepository' with a different definition: replacing [Root bean: class=org.springframework.data.jdbc.repository.support.JdbcRepositoryFactoryBean; scope=; abstract=false; lazyInit=false; autowireMode=0; dependencyCheck=0; autowireCandidate=true; primary=false; fallback=false; factoryBeanName=null; factoryMethodName=null; initMethodNames=null; destroyMethodNames=null; defined in sh.user.supportershighuserbackend.member.repository.MemberRepository defined in @EnableJdbcRepositories declared on JdbcRepositoriesRegistrar.EnableJdbcRepositoriesConfiguration] with [Root bean: class=org.springframework.data.jpa.repository.support.JpaRepositoryFactoryBean; scope=; abstract=false; lazyInit=false; autowireMode=0; dependencyCheck=0; autowireCandidate=true; primary=false; fallback=false; factoryBeanName=null; factoryMethodName=null; initMethodNames=null; destroyMethodNames=null; defined in sh.user.supportershighuserbackend.member.repository.MemberRepository defined in @EnableJpaRepositories declared on JpaRepositoriesRegistrar.EnableJpaRepositoriesConfiguration]
00:19:53.276 INFO  [restartedMain] [DefaultListableBeanFactory.java-logBeanDefinitionOverriding-1334] Overriding bean definition for bean 'teamRepository' with a different definition: replacing [Root bean: class=org.springframework.data.jdbc.repository.support.JdbcRepositoryFactoryBean; scope=; abstract=false; lazyInit=false; autowireMode=0; dependencyCheck=0; autowireCandidate=true; primary=false; fallback=false; factoryBeanName=null; factoryMethodName=null; initMethodNames=null; destroyMethodNames=null; defined in sh.user.supportershighuserbackend.team.repository.TeamRepository defined in @EnableJdbcRepositories declared on JdbcRepositoriesRegistrar.EnableJdbcRepositoriesConfiguration] with [Root bean: class=org.springframework.data.jpa.repository.support.JpaRepositoryFactoryBean; scope=; abstract=false; lazyInit=false; autowireMode=0; dependencyCheck=0; autowireCandidate=true; primary=false; fallback=false; factoryBeanName=null; factoryMethodName=null; initMethodNames=null; destroyMethodNames=null; defined in sh.user.supportershighuserbackend.team.repository.TeamRepository defined in @EnableJpaRepositories declared on JpaRepositoriesRegistrar.EnableJpaRepositoriesConfiguration]
00:19:53.277 INFO  [restartedMain] [RepositoryConfigurationDelegate.java-registerRepositoriesIn-213] Finished Spring Data repository scanning in 13 ms. Found 5 JPA repository interfaces.
00:19:53.783 INFO  [restartedMain] [TomcatWebServer.java-initialize-111] Tomcat initialized with port 8093 (http)
00:19:53.792 INFO  [restartedMain] [DirectJDKLog.java-log-168] Initializing ProtocolHandler ["http-nio-8093"]
00:19:53.793 INFO  [restartedMain] [DirectJDKLog.java-log-168] Starting service [Tomcat]
00:19:53.793 INFO  [restartedMain] [DirectJDKLog.java-log-168] Starting Servlet engine: [Apache Tomcat/10.1.43]
00:19:53.824 INFO  [restartedMain] [DirectJDKLog.java-log-168] Initializing Spring embedded WebApplicationContext
00:19:53.824 INFO  [restartedMain] [ServletWebServerApplicationContext.java-prepareWebApplicationContext-301] Root WebApplicationContext: initialization completed in 1235 ms
00:19:53.946 INFO  [restartedMain] [LogHelper.java-logPersistenceUnitInformation-31] HHH000204: Processing PersistenceUnitInfo [name: default]
00:19:53.992 INFO  [restartedMain] [Version.java-logVersion-44] HHH000412: Hibernate ORM core version 6.6.22.Final
00:19:54.021 INFO  [restartedMain] [RegionFactoryInitiator.java-initiateService-50] HHH000026: Second-level cache disabled
00:19:54.234 INFO  [restartedMain] [SpringPersistenceUnitInfo.java-addTransformer-87] No LoadTimeWeaver setup: ignoring JPA class transformer
00:19:54.255 WARN  [restartedMain] [HikariConfig.java-validateNumerics-1109] HikariPool-1 - keepaliveTime is greater than or equal to maxLifetime, disabling it.
00:19:54.255 INFO  [restartedMain] [HikariDataSource.java-getConnection-109] HikariPool-1 - Starting...
00:19:54.544 INFO  [restartedMain] [HikariPool.java-checkFailFast-580] HikariPool-1 - Added connection com.mysql.cj.jdbc.ConnectionImpl@2848d47c
00:19:54.545 INFO  [restartedMain] [HikariDataSource.java-getConnection-122] HikariPool-1 - Start completed.
00:19:54.588 INFO  [restartedMain] [JdbcEnvironmentInitiator.java-logConnectionInfo-163] HHH10001005: Database info:
	Database JDBC URL [Connecting through datasource 'HikariDataSource (HikariPool-1)']
	Database driver: undefined/unknown
	Database version: 8.0.34
	Autocommit mode: undefined/unknown
	Isolation level: undefined/unknown
	Minimum pool size: undefined/unknown
	Maximum pool size: undefined/unknown
00:19:54.593 DEBUG [restartedMain] [DdlTypeRegistry.java-addDescriptor-64] addDescriptor(12, org.hibernate.type.descriptor.sql.internal.CapacityDependentDdlType@7f2a3ba8) replaced previous registration(org.hibernate.type.descriptor.sql.internal.CapacityDependentDdlType@7337a48f)
00:19:54.593 DEBUG [restartedMain] [DdlTypeRegistry.java-addDescriptor-64] addDescriptor(-9, org.hibernate.type.descriptor.sql.internal.CapacityDependentDdlType@4b9d974d) replaced previous registration(org.hibernate.type.descriptor.sql.internal.CapacityDependentDdlType@30774cfb)
00:19:54.593 DEBUG [restartedMain] [DdlTypeRegistry.java-addDescriptor-64] addDescriptor(-3, org.hibernate.type.descriptor.sql.internal.CapacityDependentDdlType@1eaed626) replaced previous registration(org.hibernate.type.descriptor.sql.internal.CapacityDependentDdlType@50730aa0)
00:19:54.593 DEBUG [restartedMain] [DdlTypeRegistry.java-addDescriptor-64] addDescriptor(4003, org.hibernate.type.descriptor.sql.internal.DdlTypeImpl@7773d81c) replaced previous registration(org.hibernate.type.descriptor.sql.internal.DdlTypeImpl@7d69529d)
00:19:54.593 DEBUG [restartedMain] [DdlTypeRegistry.java-addDescriptor-64] addDescriptor(4001, org.hibernate.type.descriptor.sql.internal.DdlTypeImpl@159ea4f0) replaced previous registration(org.hibernate.type.descriptor.sql.internal.DdlTypeImpl@5d709ae9)
00:19:54.593 DEBUG [restartedMain] [DdlTypeRegistry.java-addDescriptor-64] addDescriptor(4002, org.hibernate.type.descriptor.sql.internal.DdlTypeImpl@342a1a63) replaced previous registration(org.hibernate.type.descriptor.sql.internal.DdlTypeImpl@3e04bc1)
00:19:54.593 DEBUG [restartedMain] [DdlTypeRegistry.java-addDescriptor-64] addDescriptor(2004, org.hibernate.type.descriptor.sql.internal.CapacityDependentDdlType@6339c669) replaced previous registration(org.hibernate.type.descriptor.sql.internal.DdlTypeImpl@3a47af35)
00:19:54.593 DEBUG [restartedMain] [DdlTypeRegistry.java-addDescriptor-64] addDescriptor(2005, org.hibernate.type.descriptor.sql.internal.CapacityDependentDdlType@5e5a531c) replaced previous registration(org.hibernate.type.descriptor.sql.internal.DdlTypeImpl@5f65b555)
00:19:54.593 DEBUG [restartedMain] [DdlTypeRegistry.java-addDescriptor-64] addDescriptor(2011, org.hibernate.type.descriptor.sql.internal.CapacityDependentDdlType@72423a5e) replaced previous registration(org.hibernate.type.descriptor.sql.internal.DdlTypeImpl@757b0d24)
00:19:55.237 INFO  [restartedMain] [JtaPlatformInitiator.java-initiateService-59] HHH000489: No JTA platform available (set 'hibernate.transaction.jta.platform' to enable JTA platform integration)
00:19:55.454 INFO  [restartedMain] [AbstractEntityManagerFactoryBean.java-buildNativeEntityManagerFactory-447] Initialized JPA EntityManagerFactory for persistence unit 'default'
00:19:55.802 WARN  [restartedMain] [JpaBaseConfiguration.java-openEntityManagerInViewInterceptor-258] spring.jpa.open-in-view is enabled by default. Therefore, database queries may be performed during view rendering. Explicitly configure spring.jpa.open-in-view to disable this warning
00:19:55.937 INFO  [restartedMain] [InitializeUserDetailsBeanManagerConfigurer.java-configure-110] Global AuthenticationManager configured with UserDetailsService bean with name userDetailsServiceImpl
00:19:55.979 INFO  [restartedMain] [SecurityConfig.java-securityFilterChain-38] [ LOCAL ] Security Active
00:19:56.017 WARN  [restartedMain] [CglibAopProxy.java-doValidateClass-296] Unable to proxy interface-implementing method [public final void org.springframework.web.filter.GenericFilterBean.init(jakarta.servlet.FilterConfig) throws jakarta.servlet.ServletException] because it is marked as final, consider using interface-based JDK proxies instead.
00:19:56.029 WARN  [restartedMain] [CglibAopProxy.java-doValidateClass-296] Unable to proxy interface-implementing method [public final void org.springframework.web.filter.GenericFilterBean.init(jakarta.servlet.FilterConfig) throws jakarta.servlet.ServletException] because it is marked as final, consider using interface-based JDK proxies instead.
00:19:56.035 WARN  [restartedMain] [CglibAopProxy.java-doValidateClass-296] Unable to proxy interface-implementing method [public final void org.springframework.web.filter.GenericFilterBean.init(jakarta.servlet.FilterConfig) throws jakarta.servlet.ServletException] because it is marked as final, consider using interface-based JDK proxies instead.
00:19:56.211 INFO  [restartedMain] [OptionalLiveReloadServer.java-startServer-59] LiveReload server is running on port 35729
00:19:56.432 INFO  [restartedMain] [DirectJDKLog.java-log-168] Starting ProtocolHandler ["http-nio-8093"]
00:19:56.442 INFO  [restartedMain] [TomcatWebServer.java-start-243] Tomcat started on port 8093 (http) with context path '/'
00:19:56.446 INFO  [restartedMain] [StartupInfoLogger.java-logStarted-59] Started SupportershighUserBackendApplication in 4.377 seconds (process running for 4.875)
00:19:56.448 INFO  [restartedMain] [StartEventListener.java-onApplicationEvent-17] ApplicationReadyEvent: batch.issueCoupon=OFF
00:21:30.954 INFO  [http-nio-8093-exec-1] [DirectJDKLog.java-log-168] Initializing Spring DispatcherServlet 'dispatcherServlet'
00:21:30.954 INFO  [http-nio-8093-exec-1] [FrameworkServlet.java-initServletBean-532] Initializing Servlet 'dispatcherServlet'
00:21:30.955 INFO  [http-nio-8093-exec-1] [FrameworkServlet.java-initServletBean-554] Completed initialization in 1 ms
00:21:31.000 INFO  [http-nio-8093-exec-2] [JwtTokenProvider.java-validateToken-134] validateToken 함수 진입 : 토큰 Provider 에서 검증할 토큰을 가지고 왔는지 확인
00:21:31.000 INFO  [http-nio-8093-exec-2] [JwtTokenProvider.java-validateToken-137] Checking JWT Token
00:21:31.056 INFO  [http-nio-8093-exec-2] [JwtTokenProvider.java-validateToken-144] Expired JWT Token
io.jsonwebtoken.ExpiredJwtException: JWT expired at 2025-09-22T16:23:56Z. Current time: 2025-10-08T15:21:31Z, a difference of 1378655054 milliseconds.  Allowed clock skew: 0 milliseconds.
	at io.jsonwebtoken.impl.DefaultJwtParser.parse(DefaultJwtParser.java:427)
	at io.jsonwebtoken.impl.DefaultJwtParser.parse(DefaultJwtParser.java:529)
	at io.jsonwebtoken.impl.DefaultJwtParser.parseClaimsJws(DefaultJwtParser.java:589)
	at io.jsonwebtoken.impl.ImmutableJwtParser.parseClaimsJws(ImmutableJwtParser.java:173)
	at sh.user.supportershighuserbackend.jwt.service.JwtTokenProvider.validateToken(JwtTokenProvider.java:138)
	at sh.user.supportershighuserbackend.jwt.service.JwtAuthenticationFilter.doFilter(JwtAuthenticationFilter.java:28)
	at org.springframework.security.web.FilterChainProxy$VirtualFilterChain.doFilter(FilterChainProxy.java:374)
	at org.springframework.security.web.authentication.logout.LogoutFilter.doFilter(LogoutFilter.java:107)
	at org.springframework.security.web.authentication.logout.LogoutFilter.doFilter(LogoutFilter.java:93)
	at org.springframework.security.web.FilterChainProxy$VirtualFilterChain.doFilter(FilterChainProxy.java:374)
	at org.springframework.web.filter.CorsFilter.doFilterInternal(CorsFilter.java:91)
	at org.springframework.web.filter.OncePerRequestFilter.doFilter(OncePerRequestFilter.java:116)
	at org.springframework.security.web.FilterChainProxy$VirtualFilterChain.doFilter(FilterChainProxy.java:374)
	at org.springframework.security.web.header.HeaderWriterFilter.doHeadersAfter(HeaderWriterFilter.java:90)
	at org.springframework.security.web.header.HeaderWriterFilter.doFilterInternal(HeaderWriterFilter.java:75)
	at org.springframework.web.filter.OncePerRequestFilter.doFilter(OncePerRequestFilter.java:116)
	at org.springframework.security.web.FilterChainProxy$VirtualFilterChain.doFilter(FilterChainProxy.java:374)
	at org.springframework.security.web.context.SecurityContextHolderFilter.doFilter(SecurityContextHolderFilter.java:82)
	at org.springframework.security.web.context.SecurityContextHolderFilter.doFilter(SecurityContextHolderFilter.java:69)
	at org.springframework.security.web.FilterChainProxy$VirtualFilterChain.doFilter(FilterChainProxy.java:374)
	at org.springframework.security.web.context.request.async.WebAsyncManagerIntegrationFilter.doFilterInternal(WebAsyncManagerIntegrationFilter.java:62)
	at org.springframework.web.filter.OncePerRequestFilter.doFilter(OncePerRequestFilter.java:116)
	at org.springframework.security.web.FilterChainProxy$VirtualFilterChain.doFilter(FilterChainProxy.java:374)
	at org.springframework.security.web.session.DisableEncodeUrlFilter.doFilterInternal(DisableEncodeUrlFilter.java:42)
	at org.springframework.web.filter.OncePerRequestFilter.doFilter(OncePerRequestFilter.java:116)
	at org.springframework.security.web.FilterChainProxy$VirtualFilterChain.doFilter(FilterChainProxy.java:374)
	at org.springframework.security.web.FilterChainProxy.doFilterInternal(FilterChainProxy.java:233)
	at org.springframework.security.web.FilterChainProxy.doFilter(FilterChainProxy.java:191)
	at java.base/jdk.internal.reflect.DirectMethodHandleAccessor.invoke(DirectMethodHandleAccessor.java:104)
	at java.base/java.lang.reflect.Method.invoke(Method.java:565)
	at org.springframework.aop.support.AopUtils.invokeJoinpointUsingReflection(AopUtils.java:360)
	at org.springframework.aop.framework.ReflectiveMethodInvocation.invokeJoinpoint(ReflectiveMethodInvocation.java:196)
	at org.springframework.aop.framework.ReflectiveMethodInvocation.proceed(ReflectiveMethodInvocation.java:163)
	at org.springframework.aop.aspectj.MethodInvocationProceedingJoinPoint.proceed(MethodInvocationProceedingJoinPoint.java:89)
	at sh.user.supportershighuserbackend.configuration.AopConfig.handleRequestRejectedException(AopConfig.java:19)
	at java.base/jdk.internal.reflect.DirectMethodHandleAccessor.invoke(DirectMethodHandleAccessor.java:104)
	at java.base/java.lang.reflect.Method.invoke(Method.java:565)
	at org.springframework.aop.aspectj.AbstractAspectJAdvice.invokeAdviceMethodWithGivenArgs(AbstractAspectJAdvice.java:649)
	at org.springframework.aop.aspectj.AbstractAspectJAdvice.invokeAdviceMethod(AbstractAspectJAdvice.java:631)
	at org.springframework.aop.aspectj.AspectJAroundAdvice.invoke(AspectJAroundAdvice.java:71)
	at org.springframework.aop.framework.ReflectiveMethodInvocation.proceed(ReflectiveMethodInvocation.java:184)
	at org.springframework.aop.interceptor.ExposeInvocationInterceptor.invoke(ExposeInvocationInterceptor.java:97)
	at org.springframework.aop.framework.ReflectiveMethodInvocation.proceed(ReflectiveMethodInvocation.java:184)
	at org.springframework.aop.framework.CglibAopProxy$DynamicAdvisedInterceptor.intercept(CglibAopProxy.java:728)
	at org.springframework.security.web.FilterChainProxy$$SpringCGLIB$$0.doFilter(<generated>)
	at org.springframework.web.filter.CompositeFilter$VirtualFilterChain.doFilter(CompositeFilter.java:113)
	at org.springframework.web.filter.ServletRequestPathFilter.doFilter(ServletRequestPathFilter.java:52)
	at org.springframework.web.filter.CompositeFilter$VirtualFilterChain.doFilter(CompositeFilter.java:113)
	at org.springframework.web.filter.CompositeFilter.doFilter(CompositeFilter.java:74)
	at org.springframework.security.config.annotation.web.configuration.WebSecurityConfiguration$CompositeFilterChainProxy.doFilter(WebSecurityConfiguration.java:319)
	at java.base/jdk.internal.reflect.DirectMethodHandleAccessor.invoke(DirectMethodHandleAccessor.java:104)
	at java.base/java.lang.reflect.Method.invoke(Method.java:565)
	at org.springframework.aop.support.AopUtils.invokeJoinpointUsingReflection(AopUtils.java:360)
	at org.springframework.aop.framework.ReflectiveMethodInvocation.invokeJoinpoint(ReflectiveMethodInvocation.java:196)
	at org.springframework.aop.framework.ReflectiveMethodInvocation.proceed(ReflectiveMethodInvocation.java:163)
	at org.springframework.aop.aspectj.MethodInvocationProceedingJoinPoint.proceed(MethodInvocationProceedingJoinPoint.java:89)
	at sh.user.supportershighuserbackend.configuration.AopConfig.handleRequestRejectedException(AopConfig.java:19)
	at java.base/jdk.internal.reflect.DirectMethodHandleAccessor.invoke(DirectMethodHandleAccessor.java:104)
	at java.base/java.lang.reflect.Method.invoke(Method.java:565)
	at org.springframework.aop.aspectj.AbstractAspectJAdvice.invokeAdviceMethodWithGivenArgs(AbstractAspectJAdvice.java:649)
	at org.springframework.aop.aspectj.AbstractAspectJAdvice.invokeAdviceMethod(AbstractAspectJAdvice.java:631)
	at org.springframework.aop.aspectj.AspectJAroundAdvice.invoke(AspectJAroundAdvice.java:71)
	at org.springframework.aop.framework.ReflectiveMethodInvocation.proceed(ReflectiveMethodInvocation.java:184)
	at org.springframework.aop.interceptor.ExposeInvocationInterceptor.invoke(ExposeInvocationInterceptor.java:97)
	at org.springframework.aop.framework.ReflectiveMethodInvocation.proceed(ReflectiveMethodInvocation.java:184)
	at org.springframework.aop.framework.CglibAopProxy$DynamicAdvisedInterceptor.intercept(CglibAopProxy.java:728)
	at org.springframework.security.config.annotation.web.configuration.WebSecurityConfiguration$CompositeFilterChainProxy$$SpringCGLIB$$0.doFilter(<generated>)
	at org.springframework.web.filter.CompositeFilter$VirtualFilterChain.doFilter(CompositeFilter.java:113)
	at org.springframework.web.servlet.handler.HandlerMappingIntrospector.lambda$createCacheFilter$4(HandlerMappingIntrospector.java:267)
	at org.springframework.web.filter.CompositeFilter$VirtualFilterChain.doFilter(CompositeFilter.java:113)
	at org.springframework.web.filter.CompositeFilter.doFilter(CompositeFilter.java:74)
	at org.springframework.security.config.annotation.web.configuration.WebMvcSecurityConfiguration$CompositeFilterChainProxy.doFilter(WebMvcSecurityConfiguration.java:240)
	at java.base/jdk.internal.reflect.DirectMethodHandleAccessor.invoke(DirectMethodHandleAccessor.java:104)
	at java.base/java.lang.reflect.Method.invoke(Method.java:565)
	at org.springframework.aop.support.AopUtils.invokeJoinpointUsingReflection(AopUtils.java:360)
	at org.springframework.aop.framework.ReflectiveMethodInvocation.invokeJoinpoint(ReflectiveMethodInvocation.java:196)
	at org.springframework.aop.framework.ReflectiveMethodInvocation.proceed(ReflectiveMethodInvocation.java:163)
	at org.springframework.aop.aspectj.MethodInvocationProceedingJoinPoint.proceed(MethodInvocationProceedingJoinPoint.java:89)
	at sh.user.supportershighuserbackend.configuration.AopConfig.handleRequestRejectedException(AopConfig.java:19)
	at java.base/jdk.internal.reflect.DirectMethodHandleAccessor.invoke(DirectMethodHandleAccessor.java:104)
	at java.base/java.lang.reflect.Method.invoke(Method.java:565)
	at org.springframework.aop.aspectj.AbstractAspectJAdvice.invokeAdviceMethodWithGivenArgs(AbstractAspectJAdvice.java:649)
	at org.springframework.aop.aspectj.AbstractAspectJAdvice.invokeAdviceMethod(AbstractAspectJAdvice.java:631)
	at org.springframework.aop.aspectj.AspectJAroundAdvice.invoke(AspectJAroundAdvice.java:71)
	at org.springframework.aop.framework.ReflectiveMethodInvocation.proceed(ReflectiveMethodInvocation.java:184)
	at org.springframework.aop.interceptor.ExposeInvocationInterceptor.invoke(ExposeInvocationInterceptor.java:97)
	at org.springframework.aop.framework.ReflectiveMethodInvocation.proceed(ReflectiveMethodInvocation.java:184)
	at org.springframework.aop.framework.CglibAopProxy$DynamicAdvisedInterceptor.intercept(CglibAopProxy.java:728)
	at org.springframework.security.config.annotation.web.configuration.WebMvcSecurityConfiguration$CompositeFilterChainProxy$$SpringCGLIB$$0.doFilter(<generated>)
	at org.springframework.web.filter.DelegatingFilterProxy.invokeDelegate(DelegatingFilterProxy.java:362)
	at org.springframework.web.filter.DelegatingFilterProxy.doFilter(DelegatingFilterProxy.java:278)
	at org.apache.catalina.core.ApplicationFilterChain.internalDoFilter(ApplicationFilterChain.java:164)
	at org.apache.catalina.core.ApplicationFilterChain.doFilter(ApplicationFilterChain.java:140)
	at org.springframework.web.filter.RequestContextFilter.doFilterInternal(RequestContextFilter.java:100)
	at org.springframework.web.filter.OncePerRequestFilter.doFilter(OncePerRequestFilter.java:116)
	at org.apache.catalina.core.ApplicationFilterChain.internalDoFilter(ApplicationFilterChain.java:164)
	at org.apache.catalina.core.ApplicationFilterChain.doFilter(ApplicationFilterChain.java:140)
	at org.springframework.web.filter.FormContentFilter.doFilterInternal(FormContentFilter.java:93)
	at org.springframework.web.filter.OncePerRequestFilter.doFilter(OncePerRequestFilter.java:116)
	at org.apache.catalina.core.ApplicationFilterChain.internalDoFilter(ApplicationFilterChain.java:164)
	at org.apache.catalina.core.ApplicationFilterChain.doFilter(ApplicationFilterChain.java:140)
	at org.springframework.web.filter.CharacterEncodingFilter.doFilterInternal(CharacterEncodingFilter.java:201)
	at org.springframework.web.filter.OncePerRequestFilter.doFilter(OncePerRequestFilter.java:116)
	at org.apache.catalina.core.ApplicationFilterChain.internalDoFilter(ApplicationFilterChain.java:164)
	at org.apache.catalina.core.ApplicationFilterChain.doFilter(ApplicationFilterChain.java:140)
	at org.apache.catalina.core.StandardWrapperValve.invoke(StandardWrapperValve.java:167)
	at org.apache.catalina.core.StandardContextValve.invoke(StandardContextValve.java:90)
	at org.apache.catalina.authenticator.AuthenticatorBase.invoke(AuthenticatorBase.java:483)
	at org.apache.catalina.core.StandardHostValve.invoke(StandardHostValve.java:116)
	at org.apache.catalina.valves.ErrorReportValve.invoke(ErrorReportValve.java:93)
	at org.apache.catalina.core.StandardEngineValve.invoke(StandardEngineValve.java:74)
	at org.apache.catalina.connector.CoyoteAdapter.service(CoyoteAdapter.java:344)
	at org.apache.coyote.http11.Http11Processor.service(Http11Processor.java:398)
	at org.apache.coyote.AbstractProcessorLight.process(AbstractProcessorLight.java:63)
	at org.apache.coyote.AbstractProtocol$ConnectionHandler.process(AbstractProtocol.java:903)
	at org.apache.tomcat.util.net.NioEndpoint$SocketProcessor.doRun(NioEndpoint.java:1769)
	at org.apache.tomcat.util.net.SocketProcessorBase.run(SocketProcessorBase.java:52)
	at org.apache.tomcat.util.threads.ThreadPoolExecutor.runWorker(ThreadPoolExecutor.java:1189)
	at org.apache.tomcat.util.threads.ThreadPoolExecutor$Worker.run(ThreadPoolExecutor.java:658)
	at org.apache.tomcat.util.threads.TaskThread$WrappingRunnable.run(TaskThread.java:63)
	at java.base/java.lang.Thread.run(Thread.java:1447)
00:21:31.075 INFO  [http-nio-8093-exec-2] [MethodCallMonitorAspect.java-methodCallLog-21] [AOP] 호출 함수 확인
00:21:31.076 INFO  [http-nio-8093-exec-2] [MethodCallMonitorAspect.java-methodCallLog-24] 함수 : getPreRegistrationCount, 파라미터 : []
00:21:31.077 INFO  [http-nio-8093-exec-2] [TimeMonitorAspect.java-logTime-20] [AOP] 함수 실행 시간 로깅
00:21:31.077 INFO  [http-nio-8093-exec-2] [MemberController.java-getPreRegistrationCount-142] [Member] 사전 등록한 유저수 조회
00:21:31.078 INFO  [http-nio-8093-exec-2] [MemberService.java-getPreRegistrationCount-436] 사전 등록한 유저수 조회 service
00:21:31.165 INFO  [http-nio-8093-exec-2] [TimeMonitorAspect.java-logTime-32] ResponseEntity sh.user.supportershighuserbackend.member.controller.MemberController.getPreRegistrationCount() 실행 시간 : 87 ms
00:21:31.166 INFO  [http-nio-8093-exec-2] [MethodCallMonitorAspect.java-methodCallLog-32] getPreRegistrationCount 함수 정상 반환 데이터 : public class org.springframework.http.ResponseEntity<T>
00:21:31.203 INFO  [http-nio-8093-exec-3] [JwtTokenProvider.java-validateToken-134] validateToken 함수 진입 : 토큰 Provider 에서 검증할 토큰을 가지고 왔는지 확인
00:21:31.203 INFO  [http-nio-8093-exec-3] [JwtTokenProvider.java-validateToken-137] Checking JWT Token
00:21:31.205 INFO  [http-nio-8093-exec-3] [JwtTokenProvider.java-validateToken-144] Expired JWT Token
io.jsonwebtoken.ExpiredJwtException: JWT expired at 2025-09-22T16:23:56Z. Current time: 2025-10-08T15:21:31Z, a difference of 1378655204 milliseconds.  Allowed clock skew: 0 milliseconds.
	at io.jsonwebtoken.impl.DefaultJwtParser.parse(DefaultJwtParser.java:427)
	at io.jsonwebtoken.impl.DefaultJwtParser.parse(DefaultJwtParser.java:529)
	at io.jsonwebtoken.impl.DefaultJwtParser.parseClaimsJws(DefaultJwtParser.java:589)
	at io.jsonwebtoken.impl.ImmutableJwtParser.parseClaimsJws(ImmutableJwtParser.java:173)
	at sh.user.supportershighuserbackend.jwt.service.JwtTokenProvider.validateToken(JwtTokenProvider.java:138)
	at sh.user.supportershighuserbackend.jwt.service.JwtAuthenticationFilter.doFilter(JwtAuthenticationFilter.java:28)
	at org.springframework.security.web.FilterChainProxy$VirtualFilterChain.doFilter(FilterChainProxy.java:374)
	at org.springframework.security.web.authentication.logout.LogoutFilter.doFilter(LogoutFilter.java:107)
	at org.springframework.security.web.authentication.logout.LogoutFilter.doFilter(LogoutFilter.java:93)
	at org.springframework.security.web.FilterChainProxy$VirtualFilterChain.doFilter(FilterChainProxy.java:374)
	at org.springframework.web.filter.CorsFilter.doFilterInternal(CorsFilter.java:91)
	at org.springframework.web.filter.OncePerRequestFilter.doFilter(OncePerRequestFilter.java:116)
	at org.springframework.security.web.FilterChainProxy$VirtualFilterChain.doFilter(FilterChainProxy.java:374)
	at org.springframework.security.web.header.HeaderWriterFilter.doHeadersAfter(HeaderWriterFilter.java:90)
	at org.springframework.security.web.header.HeaderWriterFilter.doFilterInternal(HeaderWriterFilter.java:75)
	at org.springframework.web.filter.OncePerRequestFilter.doFilter(OncePerRequestFilter.java:116)
	at org.springframework.security.web.FilterChainProxy$VirtualFilterChain.doFilter(FilterChainProxy.java:374)
	at org.springframework.security.web.context.SecurityContextHolderFilter.doFilter(SecurityContextHolderFilter.java:82)
	at org.springframework.security.web.context.SecurityContextHolderFilter.doFilter(SecurityContextHolderFilter.java:69)
	at org.springframework.security.web.FilterChainProxy$VirtualFilterChain.doFilter(FilterChainProxy.java:374)
	at org.springframework.security.web.context.request.async.WebAsyncManagerIntegrationFilter.doFilterInternal(WebAsyncManagerIntegrationFilter.java:62)
	at org.springframework.web.filter.OncePerRequestFilter.doFilter(OncePerRequestFilter.java:116)
	at org.springframework.security.web.FilterChainProxy$VirtualFilterChain.doFilter(FilterChainProxy.java:374)
	at org.springframework.security.web.session.DisableEncodeUrlFilter.doFilterInternal(DisableEncodeUrlFilter.java:42)
	at org.springframework.web.filter.OncePerRequestFilter.doFilter(OncePerRequestFilter.java:116)
	at org.springframework.security.web.FilterChainProxy$VirtualFilterChain.doFilter(FilterChainProxy.java:374)
	at org.springframework.security.web.FilterChainProxy.doFilterInternal(FilterChainProxy.java:233)
	at org.springframework.security.web.FilterChainProxy.doFilter(FilterChainProxy.java:191)
	at java.base/jdk.internal.reflect.DirectMethodHandleAccessor.invoke(DirectMethodHandleAccessor.java:104)
	at java.base/java.lang.reflect.Method.invoke(Method.java:565)
	at org.springframework.aop.support.AopUtils.invokeJoinpointUsingReflection(AopUtils.java:360)
	at org.springframework.aop.framework.ReflectiveMethodInvocation.invokeJoinpoint(ReflectiveMethodInvocation.java:196)
	at org.springframework.aop.framework.ReflectiveMethodInvocation.proceed(ReflectiveMethodInvocation.java:163)
	at org.springframework.aop.aspectj.MethodInvocationProceedingJoinPoint.proceed(MethodInvocationProceedingJoinPoint.java:89)
	at sh.user.supportershighuserbackend.configuration.AopConfig.handleRequestRejectedException(AopConfig.java:19)
	at java.base/jdk.internal.reflect.DirectMethodHandleAccessor.invoke(DirectMethodHandleAccessor.java:104)
	at java.base/java.lang.reflect.Method.invoke(Method.java:565)
	at org.springframework.aop.aspectj.AbstractAspectJAdvice.invokeAdviceMethodWithGivenArgs(AbstractAspectJAdvice.java:649)
	at org.springframework.aop.aspectj.AbstractAspectJAdvice.invokeAdviceMethod(AbstractAspectJAdvice.java:631)
	at org.springframework.aop.aspectj.AspectJAroundAdvice.invoke(AspectJAroundAdvice.java:71)
	at org.springframework.aop.framework.ReflectiveMethodInvocation.proceed(ReflectiveMethodInvocation.java:184)
	at org.springframework.aop.interceptor.ExposeInvocationInterceptor.invoke(ExposeInvocationInterceptor.java:97)
	at org.springframework.aop.framework.ReflectiveMethodInvocation.proceed(ReflectiveMethodInvocation.java:184)
	at org.springframework.aop.framework.CglibAopProxy$DynamicAdvisedInterceptor.intercept(CglibAopProxy.java:728)
	at org.springframework.security.web.FilterChainProxy$$SpringCGLIB$$0.doFilter(<generated>)
	at org.springframework.web.filter.CompositeFilter$VirtualFilterChain.doFilter(CompositeFilter.java:113)
	at org.springframework.web.filter.ServletRequestPathFilter.doFilter(ServletRequestPathFilter.java:52)
	at org.springframework.web.filter.CompositeFilter$VirtualFilterChain.doFilter(CompositeFilter.java:113)
	at org.springframework.web.filter.CompositeFilter.doFilter(CompositeFilter.java:74)
	at org.springframework.security.config.annotation.web.configuration.WebSecurityConfiguration$CompositeFilterChainProxy.doFilter(WebSecurityConfiguration.java:319)
	at java.base/jdk.internal.reflect.DirectMethodHandleAccessor.invoke(DirectMethodHandleAccessor.java:104)
	at java.base/java.lang.reflect.Method.invoke(Method.java:565)
	at org.springframework.aop.support.AopUtils.invokeJoinpointUsingReflection(AopUtils.java:360)
	at org.springframework.aop.framework.ReflectiveMethodInvocation.invokeJoinpoint(ReflectiveMethodInvocation.java:196)
	at org.springframework.aop.framework.ReflectiveMethodInvocation.proceed(ReflectiveMethodInvocation.java:163)
	at org.springframework.aop.aspectj.MethodInvocationProceedingJoinPoint.proceed(MethodInvocationProceedingJoinPoint.java:89)
	at sh.user.supportershighuserbackend.configuration.AopConfig.handleRequestRejectedException(AopConfig.java:19)
	at java.base/jdk.internal.reflect.DirectMethodHandleAccessor.invoke(DirectMethodHandleAccessor.java:104)
	at java.base/java.lang.reflect.Method.invoke(Method.java:565)
	at org.springframework.aop.aspectj.AbstractAspectJAdvice.invokeAdviceMethodWithGivenArgs(AbstractAspectJAdvice.java:649)
	at org.springframework.aop.aspectj.AbstractAspectJAdvice.invokeAdviceMethod(AbstractAspectJAdvice.java:631)
	at org.springframework.aop.aspectj.AspectJAroundAdvice.invoke(AspectJAroundAdvice.java:71)
	at org.springframework.aop.framework.ReflectiveMethodInvocation.proceed(ReflectiveMethodInvocation.java:184)
	at org.springframework.aop.interceptor.ExposeInvocationInterceptor.invoke(ExposeInvocationInterceptor.java:97)
	at org.springframework.aop.framework.ReflectiveMethodInvocation.proceed(ReflectiveMethodInvocation.java:184)
	at org.springframework.aop.framework.CglibAopProxy$DynamicAdvisedInterceptor.intercept(CglibAopProxy.java:728)
	at org.springframework.security.config.annotation.web.configuration.WebSecurityConfiguration$CompositeFilterChainProxy$$SpringCGLIB$$0.doFilter(<generated>)
	at org.springframework.web.filter.CompositeFilter$VirtualFilterChain.doFilter(CompositeFilter.java:113)
	at org.springframework.web.servlet.handler.HandlerMappingIntrospector.lambda$createCacheFilter$4(HandlerMappingIntrospector.java:267)
	at org.springframework.web.filter.CompositeFilter$VirtualFilterChain.doFilter(CompositeFilter.java:113)
	at org.springframework.web.filter.CompositeFilter.doFilter(CompositeFilter.java:74)
	at org.springframework.security.config.annotation.web.configuration.WebMvcSecurityConfiguration$CompositeFilterChainProxy.doFilter(WebMvcSecurityConfiguration.java:240)
	at java.base/jdk.internal.reflect.DirectMethodHandleAccessor.invoke(DirectMethodHandleAccessor.java:104)
	at java.base/java.lang.reflect.Method.invoke(Method.java:565)
	at org.springframework.aop.support.AopUtils.invokeJoinpointUsingReflection(AopUtils.java:360)
	at org.springframework.aop.framework.ReflectiveMethodInvocation.invokeJoinpoint(ReflectiveMethodInvocation.java:196)
	at org.springframework.aop.framework.ReflectiveMethodInvocation.proceed(ReflectiveMethodInvocation.java:163)
	at org.springframework.aop.aspectj.MethodInvocationProceedingJoinPoint.proceed(MethodInvocationProceedingJoinPoint.java:89)
	at sh.user.supportershighuserbackend.configuration.AopConfig.handleRequestRejectedException(AopConfig.java:19)
	at java.base/jdk.internal.reflect.DirectMethodHandleAccessor.invoke(DirectMethodHandleAccessor.java:104)
	at java.base/java.lang.reflect.Method.invoke(Method.java:565)
	at org.springframework.aop.aspectj.AbstractAspectJAdvice.invokeAdviceMethodWithGivenArgs(AbstractAspectJAdvice.java:649)
	at org.springframework.aop.aspectj.AbstractAspectJAdvice.invokeAdviceMethod(AbstractAspectJAdvice.java:631)
	at org.springframework.aop.aspectj.AspectJAroundAdvice.invoke(AspectJAroundAdvice.java:71)
	at org.springframework.aop.framework.ReflectiveMethodInvocation.proceed(ReflectiveMethodInvocation.java:184)
	at org.springframework.aop.interceptor.ExposeInvocationInterceptor.invoke(ExposeInvocationInterceptor.java:97)
	at org.springframework.aop.framework.ReflectiveMethodInvocation.proceed(ReflectiveMethodInvocation.java:184)
	at org.springframework.aop.framework.CglibAopProxy$DynamicAdvisedInterceptor.intercept(CglibAopProxy.java:728)
	at org.springframework.security.config.annotation.web.configuration.WebMvcSecurityConfiguration$CompositeFilterChainProxy$$SpringCGLIB$$0.doFilter(<generated>)
	at org.springframework.web.filter.DelegatingFilterProxy.invokeDelegate(DelegatingFilterProxy.java:362)
	at org.springframework.web.filter.DelegatingFilterProxy.doFilter(DelegatingFilterProxy.java:278)
	at org.apache.catalina.core.ApplicationFilterChain.internalDoFilter(ApplicationFilterChain.java:164)
	at org.apache.catalina.core.ApplicationFilterChain.doFilter(ApplicationFilterChain.java:140)
	at org.springframework.web.filter.RequestContextFilter.doFilterInternal(RequestContextFilter.java:100)
	at org.springframework.web.filter.OncePerRequestFilter.doFilter(OncePerRequestFilter.java:116)
	at org.apache.catalina.core.ApplicationFilterChain.internalDoFilter(ApplicationFilterChain.java:164)
	at org.apache.catalina.core.ApplicationFilterChain.doFilter(ApplicationFilterChain.java:140)
	at org.springframework.web.filter.FormContentFilter.doFilterInternal(FormContentFilter.java:93)
	at org.springframework.web.filter.OncePerRequestFilter.doFilter(OncePerRequestFilter.java:116)
	at org.apache.catalina.core.ApplicationFilterChain.internalDoFilter(ApplicationFilterChain.java:164)
	at org.apache.catalina.core.ApplicationFilterChain.doFilter(ApplicationFilterChain.java:140)
	at org.springframework.web.filter.CharacterEncodingFilter.doFilterInternal(CharacterEncodingFilter.java:201)
	at org.springframework.web.filter.OncePerRequestFilter.doFilter(OncePerRequestFilter.java:116)
	at org.apache.catalina.core.ApplicationFilterChain.internalDoFilter(ApplicationFilterChain.java:164)
	at org.apache.catalina.core.ApplicationFilterChain.doFilter(ApplicationFilterChain.java:140)
	at org.apache.catalina.core.StandardWrapperValve.invoke(StandardWrapperValve.java:167)
	at org.apache.catalina.core.StandardContextValve.invoke(StandardContextValve.java:90)
	at org.apache.catalina.authenticator.AuthenticatorBase.invoke(AuthenticatorBase.java:483)
	at org.apache.catalina.core.StandardHostValve.invoke(StandardHostValve.java:116)
	at org.apache.catalina.valves.ErrorReportValve.invoke(ErrorReportValve.java:93)
	at org.apache.catalina.core.StandardEngineValve.invoke(StandardEngineValve.java:74)
	at org.apache.catalina.connector.CoyoteAdapter.service(CoyoteAdapter.java:344)
	at org.apache.coyote.http11.Http11Processor.service(Http11Processor.java:398)
	at org.apache.coyote.AbstractProcessorLight.process(AbstractProcessorLight.java:63)
	at org.apache.coyote.AbstractProtocol$ConnectionHandler.process(AbstractProtocol.java:903)
	at org.apache.tomcat.util.net.NioEndpoint$SocketProcessor.doRun(NioEndpoint.java:1769)
	at org.apache.tomcat.util.net.SocketProcessorBase.run(SocketProcessorBase.java:52)
	at org.apache.tomcat.util.threads.ThreadPoolExecutor.runWorker(ThreadPoolExecutor.java:1189)
	at org.apache.tomcat.util.threads.ThreadPoolExecutor$Worker.run(ThreadPoolExecutor.java:658)
	at org.apache.tomcat.util.threads.TaskThread$WrappingRunnable.run(TaskThread.java:63)
	at java.base/java.lang.Thread.run(Thread.java:1447)
00:21:31.206 INFO  [http-nio-8093-exec-3] [MethodCallMonitorAspect.java-methodCallLog-21] [AOP] 호출 함수 확인
00:21:31.207 INFO  [http-nio-8093-exec-3] [MethodCallMonitorAspect.java-methodCallLog-24] 함수 : getPreRegistrationCount, 파라미터 : []
00:21:31.207 INFO  [http-nio-8093-exec-3] [TimeMonitorAspect.java-logTime-20] [AOP] 함수 실행 시간 로깅
00:21:31.207 INFO  [http-nio-8093-exec-3] [MemberController.java-getPreRegistrationCount-142] [Member] 사전 등록한 유저수 조회
00:21:31.207 INFO  [http-nio-8093-exec-3] [MemberService.java-getPreRegistrationCount-436] 사전 등록한 유저수 조회 service
00:21:31.210 INFO  [http-nio-8093-exec-3] [TimeMonitorAspect.java-logTime-32] ResponseEntity sh.user.supportershighuserbackend.member.controller.MemberController.getPreRegistrationCount() 실행 시간 : 3 ms
00:21:31.211 INFO  [http-nio-8093-exec-3] [MethodCallMonitorAspect.java-methodCallLog-32] getPreRegistrationCount 함수 정상 반환 데이터 : public class org.springframework.http.ResponseEntity<T>
00:22:15.876 INFO  [http-nio-8093-exec-4] [MethodCallMonitorAspect.java-methodCallLog-21] [AOP] 호출 함수 확인
00:22:15.876 INFO  [http-nio-8093-exec-4] [MethodCallMonitorAspect.java-methodCallLog-24] 함수 : loginAccount, 파라미터 : null
00:22:15.877 INFO  [http-nio-8093-exec-4] [TimeMonitorAspect.java-logTime-20] [AOP] 함수 실행 시간 로깅
00:22:15.877 INFO  [http-nio-8093-exec-4] [MemberController.java-loginAccount-72] [Member] 로그인
00:22:15.881 INFO  [http-nio-8093-exec-4] [MemberService.java-loginAccount-244] 계정 로그인 service
00:22:16.021 INFO  [http-nio-8093-exec-4] [UserDetailsServiceImpl.java-loadUserByUsername-27] 유저 계정 존재 (고객) : wlstpgns51@naver.com
00:22:16.021 INFO  [http-nio-8093-exec-4] [UserDetailsServiceImpl.java-createUserDetailsOfMember-36] 회원용 createUserDetails 실행
00:22:16.073 INFO  [http-nio-8093-exec-4] [JwtTokenProvider.java-generateToken-57] 권한 정보 확인 : ROLE_client
00:22:16.122 INFO  [http-nio-8093-exec-4] [TimeMonitorAspect.java-logTime-32] ResponseEntity sh.user.supportershighuserbackend.member.controller.MemberController.loginAccount(HttpServletRequest,HttpServletResponse,MemberLoginRequestDto) 실행 시간 : 245 ms
00:22:16.122 INFO  [http-nio-8093-exec-4] [MethodCallMonitorAspect.java-methodCallLog-32] loginAccount 함수 정상 반환 데이터 : public class org.springframework.http.ResponseEntity<T>
00:22:16.705 INFO  [http-nio-8093-exec-6] [JwtTokenProvider.java-validateToken-134] validateToken 함수 진입 : 토큰 Provider 에서 검증할 토큰을 가지고 왔는지 확인
00:22:16.706 INFO  [http-nio-8093-exec-6] [JwtTokenProvider.java-validateToken-137] Checking JWT Token
00:22:16.707 INFO  [http-nio-8093-exec-6] [JwtTokenProvider.java-validateToken-139] Valid JWT Token
00:22:16.710 INFO  [http-nio-8093-exec-6] [MethodCallMonitorAspect.java-methodCallLog-21] [AOP] 호출 함수 확인
00:22:16.711 INFO  [http-nio-8093-exec-6] [MethodCallMonitorAspect.java-methodCallLog-24] 함수 : getPreRegistrationCount, 파라미터 : []
00:22:16.711 INFO  [http-nio-8093-exec-6] [TimeMonitorAspect.java-logTime-20] [AOP] 함수 실행 시간 로깅
00:22:16.711 INFO  [http-nio-8093-exec-6] [MemberController.java-getPreRegistrationCount-142] [Member] 사전 등록한 유저수 조회
00:22:16.711 INFO  [http-nio-8093-exec-6] [MemberService.java-getPreRegistrationCount-436] 사전 등록한 유저수 조회 service
00:22:16.713 INFO  [http-nio-8093-exec-6] [TimeMonitorAspect.java-logTime-32] ResponseEntity sh.user.supportershighuserbackend.member.controller.MemberController.getPreRegistrationCount() 실행 시간 : 2 ms
00:22:16.713 INFO  [http-nio-8093-exec-6] [MethodCallMonitorAspect.java-methodCallLog-32] getPreRegistrationCount 함수 정상 반환 데이터 : public class org.springframework.http.ResponseEntity<T>
00:22:16.838 INFO  [http-nio-8093-exec-7] [JwtTokenProvider.java-validateToken-134] validateToken 함수 진입 : 토큰 Provider 에서 검증할 토큰을 가지고 왔는지 확인
00:22:16.838 INFO  [http-nio-8093-exec-7] [JwtTokenProvider.java-validateToken-137] Checking JWT Token
00:22:16.839 INFO  [http-nio-8093-exec-7] [JwtTokenProvider.java-validateToken-139] Valid JWT Token
00:22:16.841 INFO  [http-nio-8093-exec-7] [MethodCallMonitorAspect.java-methodCallLog-21] [AOP] 호출 함수 확인
00:22:16.841 INFO  [http-nio-8093-exec-7] [MethodCallMonitorAspect.java-methodCallLog-24] 함수 : getPreRegistrationCount, 파라미터 : []
00:22:16.842 INFO  [http-nio-8093-exec-7] [TimeMonitorAspect.java-logTime-20] [AOP] 함수 실행 시간 로깅
00:22:16.842 INFO  [http-nio-8093-exec-7] [MemberController.java-getPreRegistrationCount-142] [Member] 사전 등록한 유저수 조회
00:22:16.842 INFO  [http-nio-8093-exec-7] [MemberService.java-getPreRegistrationCount-436] 사전 등록한 유저수 조회 service
00:22:16.844 INFO  [http-nio-8093-exec-7] [TimeMonitorAspect.java-logTime-32] ResponseEntity sh.user.supportershighuserbackend.member.controller.MemberController.getPreRegistrationCount() 실행 시간 : 2 ms
00:22:16.844 INFO  [http-nio-8093-exec-7] [MethodCallMonitorAspect.java-methodCallLog-32] getPreRegistrationCount 함수 정상 반환 데이터 : public class org.springframework.http.ResponseEntity<T>
00:22:23.179 INFO  [http-nio-8093-exec-9] [JwtTokenProvider.java-validateToken-134] validateToken 함수 진입 : 토큰 Provider 에서 검증할 토큰을 가지고 왔는지 확인
00:22:23.180 INFO  [http-nio-8093-exec-9] [JwtTokenProvider.java-validateToken-137] Checking JWT Token
00:22:23.182 INFO  [http-nio-8093-exec-9] [JwtTokenProvider.java-validateToken-139] Valid JWT Token
00:22:23.184 INFO  [http-nio-8093-exec-9] [MethodCallMonitorAspect.java-methodCallLog-21] [AOP] 호출 함수 확인
00:22:23.184 INFO  [http-nio-8093-exec-9] [MethodCallMonitorAspect.java-methodCallLog-24] 함수 : getAccountInfo, 파라미터 : null
00:22:23.184 INFO  [http-nio-8093-exec-9] [TimeMonitorAspect.java-logTime-20] [AOP] 함수 실행 시간 로깅
00:22:23.184 INFO  [http-nio-8093-exec-9] [MemberController.java-getAccountInfo-107] [Member] 마이페이지에 조회될 로그인 회원 정보
00:22:23.184 INFO  [http-nio-8093-exec-9] [MemberService.java-getAccountInfo-346] 마이페이지에 조회될 로그인 회원 정보 조회 service
00:22:23.184 INFO  [http-nio-8093-exec-9] [JwtTokenProvider.java-validateToken-134] validateToken 함수 진입 : 토큰 Provider 에서 검증할 토큰을 가지고 왔는지 확인
00:22:23.184 INFO  [http-nio-8093-exec-9] [JwtTokenProvider.java-validateToken-137] Checking JWT Token
00:22:23.185 INFO  [http-nio-8093-exec-9] [JwtTokenProvider.java-validateToken-139] Valid JWT Token
00:22:23.185 INFO  [http-nio-8093-exec-9] [JwtTokenProvider.java-getMemberFromAuthentication-119] authentication 계정 이메일 아이디 - wlstpgns51@naver.com
00:22:23.191 INFO  [http-nio-8093-exec-9] [TimeMonitorAspect.java-logTime-32] ResponseEntity sh.user.supportershighuserbackend.member.controller.MemberController.getAccountInfo(HttpServletRequest) 실행 시간 : 7 ms
00:22:23.191 INFO  [http-nio-8093-exec-9] [MethodCallMonitorAspect.java-methodCallLog-32] getAccountInfo 함수 정상 반환 데이터 : public class org.springframework.http.ResponseEntity<T>
00:22:23.450 INFO  [http-nio-8093-exec-10] [JwtTokenProvider.java-validateToken-134] validateToken 함수 진입 : 토큰 Provider 에서 검증할 토큰을 가지고 왔는지 확인
00:22:23.450 INFO  [http-nio-8093-exec-10] [JwtTokenProvider.java-validateToken-137] Checking JWT Token
00:22:23.452 INFO  [http-nio-8093-exec-10] [JwtTokenProvider.java-validateToken-139] Valid JWT Token
00:22:23.454 INFO  [http-nio-8093-exec-10] [MethodCallMonitorAspect.java-methodCallLog-21] [AOP] 호출 함수 확인
00:22:23.454 INFO  [http-nio-8093-exec-10] [MethodCallMonitorAspect.java-methodCallLog-24] 함수 : getAccountInfo, 파라미터 : null
00:22:23.454 INFO  [http-nio-8093-exec-10] [TimeMonitorAspect.java-logTime-20] [AOP] 함수 실행 시간 로깅
00:22:23.454 INFO  [http-nio-8093-exec-10] [MemberController.java-getAccountInfo-107] [Member] 마이페이지에 조회될 로그인 회원 정보
00:22:23.454 INFO  [http-nio-8093-exec-10] [MemberService.java-getAccountInfo-346] 마이페이지에 조회될 로그인 회원 정보 조회 service
00:22:23.454 INFO  [http-nio-8093-exec-10] [JwtTokenProvider.java-validateToken-134] validateToken 함수 진입 : 토큰 Provider 에서 검증할 토큰을 가지고 왔는지 확인
00:22:23.455 INFO  [http-nio-8093-exec-10] [JwtTokenProvider.java-validateToken-137] Checking JWT Token
00:22:23.456 INFO  [http-nio-8093-exec-10] [JwtTokenProvider.java-validateToken-139] Valid JWT Token
00:22:23.456 INFO  [http-nio-8093-exec-10] [JwtTokenProvider.java-getMemberFromAuthentication-119] authentication 계정 이메일 아이디 - wlstpgns51@naver.com
00:22:23.459 INFO  [http-nio-8093-exec-10] [TimeMonitorAspect.java-logTime-32] ResponseEntity sh.user.supportershighuserbackend.member.controller.MemberController.getAccountInfo(HttpServletRequest) 실행 시간 : 5 ms
00:22:23.459 INFO  [http-nio-8093-exec-10] [MethodCallMonitorAspect.java-methodCallLog-32] getAccountInfo 함수 정상 반환 데이터 : public class org.springframework.http.ResponseEntity<T>
00:22:23.571 INFO  [http-nio-8093-exec-1] [JwtTokenProvider.java-validateToken-134] validateToken 함수 진입 : 토큰 Provider 에서 검증할 토큰을 가지고 왔는지 확인
00:22:23.571 INFO  [http-nio-8093-exec-1] [JwtTokenProvider.java-validateToken-137] Checking JWT Token
00:22:23.572 INFO  [http-nio-8093-exec-1] [JwtTokenProvider.java-validateToken-139] Valid JWT Token
00:22:23.574 INFO  [http-nio-8093-exec-1] [MethodCallMonitorAspect.java-methodCallLog-21] [AOP] 호출 함수 확인
00:22:23.574 INFO  [http-nio-8093-exec-1] [MethodCallMonitorAspect.java-methodCallLog-24] 함수 : getAccountInfo, 파라미터 : null
00:22:23.574 INFO  [http-nio-8093-exec-1] [TimeMonitorAspect.java-logTime-20] [AOP] 함수 실행 시간 로깅
00:22:23.574 INFO  [http-nio-8093-exec-1] [MemberController.java-getAccountInfo-107] [Member] 마이페이지에 조회될 로그인 회원 정보
00:22:23.574 INFO  [http-nio-8093-exec-1] [MemberService.java-getAccountInfo-346] 마이페이지에 조회될 로그인 회원 정보 조회 service
00:22:23.574 INFO  [http-nio-8093-exec-1] [JwtTokenProvider.java-validateToken-134] validateToken 함수 진입 : 토큰 Provider 에서 검증할 토큰을 가지고 왔는지 확인
00:22:23.574 INFO  [http-nio-8093-exec-1] [JwtTokenProvider.java-validateToken-137] Checking JWT Token
00:22:23.575 INFO  [http-nio-8093-exec-1] [JwtTokenProvider.java-validateToken-139] Valid JWT Token
00:22:23.575 INFO  [http-nio-8093-exec-1] [JwtTokenProvider.java-getMemberFromAuthentication-119] authentication 계정 이메일 아이디 - wlstpgns51@naver.com
00:22:23.578 INFO  [http-nio-8093-exec-1] [TimeMonitorAspect.java-logTime-32] ResponseEntity sh.user.supportershighuserbackend.member.controller.MemberController.getAccountInfo(HttpServletRequest) 실행 시간 : 4 ms
00:22:23.579 INFO  [http-nio-8093-exec-1] [MethodCallMonitorAspect.java-methodCallLog-32] getAccountInfo 함수 정상 반환 데이터 : public class org.springframework.http.ResponseEntity<T>
00:22:42.865 INFO  [http-nio-8093-exec-4] [JwtTokenProvider.java-validateToken-134] validateToken 함수 진입 : 토큰 Provider 에서 검증할 토큰을 가지고 왔는지 확인
00:22:42.865 INFO  [http-nio-8093-exec-4] [JwtTokenProvider.java-validateToken-137] Checking JWT Token
00:22:42.867 INFO  [http-nio-8093-exec-4] [JwtTokenProvider.java-validateToken-139] Valid JWT Token
00:22:42.868 INFO  [http-nio-8093-exec-4] [MethodCallMonitorAspect.java-methodCallLog-21] [AOP] 호출 함수 확인
00:22:42.869 INFO  [http-nio-8093-exec-4] [MethodCallMonitorAspect.java-methodCallLog-24] 함수 : getAccountInfo, 파라미터 : null
00:22:42.869 INFO  [http-nio-8093-exec-4] [TimeMonitorAspect.java-logTime-20] [AOP] 함수 실행 시간 로깅
00:22:42.869 INFO  [http-nio-8093-exec-4] [MemberController.java-getAccountInfo-107] [Member] 마이페이지에 조회될 로그인 회원 정보
00:22:42.869 INFO  [http-nio-8093-exec-4] [MemberService.java-getAccountInfo-346] 마이페이지에 조회될 로그인 회원 정보 조회 service
00:22:42.869 INFO  [http-nio-8093-exec-4] [JwtTokenProvider.java-validateToken-134] validateToken 함수 진입 : 토큰 Provider 에서 검증할 토큰을 가지고 왔는지 확인
00:22:42.869 INFO  [http-nio-8093-exec-4] [JwtTokenProvider.java-validateToken-137] Checking JWT Token
00:22:42.870 INFO  [http-nio-8093-exec-4] [JwtTokenProvider.java-validateToken-139] Valid JWT Token
00:22:42.871 INFO  [http-nio-8093-exec-4] [JwtTokenProvider.java-getMemberFromAuthentication-119] authentication 계정 이메일 아이디 - wlstpgns51@naver.com
00:22:42.874 INFO  [http-nio-8093-exec-4] [TimeMonitorAspect.java-logTime-32] ResponseEntity sh.user.supportershighuserbackend.member.controller.MemberController.getAccountInfo(HttpServletRequest) 실행 시간 : 5 ms
00:22:42.874 INFO  [http-nio-8093-exec-4] [MethodCallMonitorAspect.java-methodCallLog-32] getAccountInfo 함수 정상 반환 데이터 : public class org.springframework.http.ResponseEntity<T>
00:22:42.989 INFO  [http-nio-8093-exec-6] [JwtTokenProvider.java-validateToken-134] validateToken 함수 진입 : 토큰 Provider 에서 검증할 토큰을 가지고 왔는지 확인
00:22:42.990 INFO  [http-nio-8093-exec-6] [JwtTokenProvider.java-validateToken-137] Checking JWT Token
00:22:42.991 INFO  [http-nio-8093-exec-6] [JwtTokenProvider.java-validateToken-139] Valid JWT Token
00:22:42.994 INFO  [http-nio-8093-exec-6] [MethodCallMonitorAspect.java-methodCallLog-21] [AOP] 호출 함수 확인
00:22:42.994 INFO  [http-nio-8093-exec-6] [MethodCallMonitorAspect.java-methodCallLog-24] 함수 : getAllLeague, 파라미터 : null
00:22:42.994 INFO  [http-nio-8093-exec-6] [TimeMonitorAspect.java-logTime-20] [AOP] 함수 실행 시간 로깅
00:22:42.994 INFO  [http-nio-8093-exec-6] [LeagueController.java-getAllLeague-30] [League] 회원가입 시 선택할 수 있도록 전체 리그 정보 호출
00:22:42.994 INFO  [http-nio-8093-exec-6] [LeagueService.java-getAllLeague-26] 회원가입 전체 리그 정보 호출 service
00:22:42.998 INFO  [http-nio-8093-exec-6] [TimeMonitorAspect.java-logTime-32] ResponseEntity sh.user.supportershighuserbackend.league.controller.LeagueController.getAllLeague(HttpServletRequest) 실행 시간 : 4 ms
00:22:42.998 INFO  [http-nio-8093-exec-6] [MethodCallMonitorAspect.java-methodCallLog-32] getAllLeague 함수 정상 반환 데이터 : public class org.springframework.http.ResponseEntity<T>
00:22:43.117 INFO  [http-nio-8093-exec-7] [JwtTokenProvider.java-validateToken-134] validateToken 함수 진입 : 토큰 Provider 에서 검증할 토큰을 가지고 왔는지 확인
00:22:43.117 INFO  [http-nio-8093-exec-7] [JwtTokenProvider.java-validateToken-137] Checking JWT Token
00:22:43.119 INFO  [http-nio-8093-exec-7] [JwtTokenProvider.java-validateToken-139] Valid JWT Token
00:22:43.120 INFO  [http-nio-8093-exec-7] [MethodCallMonitorAspect.java-methodCallLog-21] [AOP] 호출 함수 확인
00:22:43.120 INFO  [http-nio-8093-exec-7] [MethodCallMonitorAspect.java-methodCallLog-24] 함수 : getAccountInfo, 파라미터 : null
00:22:43.121 INFO  [http-nio-8093-exec-7] [TimeMonitorAspect.java-logTime-20] [AOP] 함수 실행 시간 로깅
00:22:43.121 INFO  [http-nio-8093-exec-7] [MemberController.java-getAccountInfo-107] [Member] 마이페이지에 조회될 로그인 회원 정보
00:22:43.121 INFO  [http-nio-8093-exec-7] [MemberService.java-getAccountInfo-346] 마이페이지에 조회될 로그인 회원 정보 조회 service
00:22:43.121 INFO  [http-nio-8093-exec-7] [JwtTokenProvider.java-validateToken-134] validateToken 함수 진입 : 토큰 Provider 에서 검증할 토큰을 가지고 왔는지 확인
00:22:43.121 INFO  [http-nio-8093-exec-7] [JwtTokenProvider.java-validateToken-137] Checking JWT Token
00:22:43.122 INFO  [http-nio-8093-exec-7] [JwtTokenProvider.java-validateToken-139] Valid JWT Token
00:22:43.122 INFO  [http-nio-8093-exec-7] [JwtTokenProvider.java-getMemberFromAuthentication-119] authentication 계정 이메일 아이디 - wlstpgns51@naver.com
00:22:43.125 INFO  [http-nio-8093-exec-7] [TimeMonitorAspect.java-logTime-32] ResponseEntity sh.user.supportershighuserbackend.member.controller.MemberController.getAccountInfo(HttpServletRequest) 실행 시간 : 4 ms
00:22:43.126 INFO  [http-nio-8093-exec-7] [MethodCallMonitorAspect.java-methodCallLog-32] getAccountInfo 함수 정상 반환 데이터 : public class org.springframework.http.ResponseEntity<T>
00:22:43.241 INFO  [http-nio-8093-exec-8] [JwtTokenProvider.java-validateToken-134] validateToken 함수 진입 : 토큰 Provider 에서 검증할 토큰을 가지고 왔는지 확인
00:22:43.241 INFO  [http-nio-8093-exec-8] [JwtTokenProvider.java-validateToken-137] Checking JWT Token
00:22:43.242 INFO  [http-nio-8093-exec-8] [JwtTokenProvider.java-validateToken-139] Valid JWT Token
00:22:43.243 INFO  [http-nio-8093-exec-8] [MethodCallMonitorAspect.java-methodCallLog-21] [AOP] 호출 함수 확인
00:22:43.243 INFO  [http-nio-8093-exec-8] [MethodCallMonitorAspect.java-methodCallLog-24] 함수 : getAllLeague, 파라미터 : null
00:22:43.244 INFO  [http-nio-8093-exec-8] [TimeMonitorAspect.java-logTime-20] [AOP] 함수 실행 시간 로깅
00:22:43.244 INFO  [http-nio-8093-exec-8] [LeagueController.java-getAllLeague-30] [League] 회원가입 시 선택할 수 있도록 전체 리그 정보 호출
00:22:43.244 INFO  [http-nio-8093-exec-8] [LeagueService.java-getAllLeague-26] 회원가입 전체 리그 정보 호출 service
00:22:43.246 INFO  [http-nio-8093-exec-8] [TimeMonitorAspect.java-logTime-32] ResponseEntity sh.user.supportershighuserbackend.league.controller.LeagueController.getAllLeague(HttpServletRequest) 실행 시간 : 2 ms
00:22:43.246 INFO  [http-nio-8093-exec-8] [MethodCallMonitorAspect.java-methodCallLog-32] getAllLeague 함수 정상 반환 데이터 : public class org.springframework.http.ResponseEntity<T>
00:24:43.913 INFO  [http-nio-8093-exec-2] [JwtTokenProvider.java-validateToken-134] validateToken 함수 진입 : 토큰 Provider 에서 검증할 토큰을 가지고 왔는지 확인
00:24:43.913 INFO  [http-nio-8093-exec-2] [JwtTokenProvider.java-validateToken-137] Checking JWT Token
00:24:43.915 INFO  [http-nio-8093-exec-2] [JwtTokenProvider.java-validateToken-139] Valid JWT Token
00:24:43.917 INFO  [http-nio-8093-exec-2] [MethodCallMonitorAspect.java-methodCallLog-21] [AOP] 호출 함수 확인
00:24:43.917 INFO  [http-nio-8093-exec-2] [MethodCallMonitorAspect.java-methodCallLog-24] 함수 : getAccountInfo, 파라미터 : null
00:24:43.917 INFO  [http-nio-8093-exec-2] [TimeMonitorAspect.java-logTime-20] [AOP] 함수 실행 시간 로깅
00:24:43.917 INFO  [http-nio-8093-exec-2] [MemberController.java-getAccountInfo-107] [Member] 마이페이지에 조회될 로그인 회원 정보
00:24:43.917 INFO  [http-nio-8093-exec-2] [MemberService.java-getAccountInfo-346] 마이페이지에 조회될 로그인 회원 정보 조회 service
00:24:43.917 INFO  [http-nio-8093-exec-2] [JwtTokenProvider.java-validateToken-134] validateToken 함수 진입 : 토큰 Provider 에서 검증할 토큰을 가지고 왔는지 확인
00:24:43.917 INFO  [http-nio-8093-exec-2] [JwtTokenProvider.java-validateToken-137] Checking JWT Token
00:24:43.918 INFO  [http-nio-8093-exec-2] [JwtTokenProvider.java-validateToken-139] Valid JWT Token
00:24:43.918 INFO  [http-nio-8093-exec-2] [JwtTokenProvider.java-getMemberFromAuthentication-119] authentication 계정 이메일 아이디 - wlstpgns51@naver.com
00:24:43.922 INFO  [http-nio-8093-exec-2] [TimeMonitorAspect.java-logTime-32] ResponseEntity sh.user.supportershighuserbackend.member.controller.MemberController.getAccountInfo(HttpServletRequest) 실행 시간 : 5 ms
00:24:43.922 INFO  [http-nio-8093-exec-2] [MethodCallMonitorAspect.java-methodCallLog-32] getAccountInfo 함수 정상 반환 데이터 : public class org.springframework.http.ResponseEntity<T>
00:24:44.047 INFO  [http-nio-8093-exec-4] [JwtTokenProvider.java-validateToken-134] validateToken 함수 진입 : 토큰 Provider 에서 검증할 토큰을 가지고 왔는지 확인
00:24:44.047 INFO  [http-nio-8093-exec-4] [JwtTokenProvider.java-validateToken-137] Checking JWT Token
00:24:44.048 INFO  [http-nio-8093-exec-4] [JwtTokenProvider.java-validateToken-139] Valid JWT Token
00:24:44.050 INFO  [http-nio-8093-exec-4] [MethodCallMonitorAspect.java-methodCallLog-21] [AOP] 호출 함수 확인
00:24:44.050 INFO  [http-nio-8093-exec-4] [MethodCallMonitorAspect.java-methodCallLog-24] 함수 : getAllLeague, 파라미터 : null
00:24:44.050 INFO  [http-nio-8093-exec-4] [TimeMonitorAspect.java-logTime-20] [AOP] 함수 실행 시간 로깅
00:24:44.050 INFO  [http-nio-8093-exec-4] [LeagueController.java-getAllLeague-30] [League] 회원가입 시 선택할 수 있도록 전체 리그 정보 호출
00:24:44.050 INFO  [http-nio-8093-exec-4] [LeagueService.java-getAllLeague-26] 회원가입 전체 리그 정보 호출 service
00:24:44.053 INFO  [http-nio-8093-exec-4] [TimeMonitorAspect.java-logTime-32] ResponseEntity sh.user.supportershighuserbackend.league.controller.LeagueController.getAllLeague(HttpServletRequest) 실행 시간 : 3 ms
00:24:44.053 INFO  [http-nio-8093-exec-4] [MethodCallMonitorAspect.java-methodCallLog-32] getAllLeague 함수 정상 반환 데이터 : public class org.springframework.http.ResponseEntity<T>
00:26:20.728 INFO  [http-nio-8093-exec-7] [JwtTokenProvider.java-validateToken-134] validateToken 함수 진입 : 토큰 Provider 에서 검증할 토큰을 가지고 왔는지 확인
00:26:20.728 INFO  [http-nio-8093-exec-7] [JwtTokenProvider.java-validateToken-137] Checking JWT Token
00:26:20.730 INFO  [http-nio-8093-exec-7] [JwtTokenProvider.java-validateToken-139] Valid JWT Token
00:26:20.732 INFO  [http-nio-8093-exec-7] [MethodCallMonitorAspect.java-methodCallLog-21] [AOP] 호출 함수 확인
00:26:20.732 INFO  [http-nio-8093-exec-7] [MethodCallMonitorAspect.java-methodCallLog-24] 함수 : getAccountInfo, 파라미터 : null
00:26:20.732 INFO  [http-nio-8093-exec-7] [TimeMonitorAspect.java-logTime-20] [AOP] 함수 실행 시간 로깅
00:26:20.733 INFO  [http-nio-8093-exec-7] [MemberController.java-getAccountInfo-107] [Member] 마이페이지에 조회될 로그인 회원 정보
00:26:20.733 INFO  [http-nio-8093-exec-7] [MemberService.java-getAccountInfo-346] 마이페이지에 조회될 로그인 회원 정보 조회 service
00:26:20.733 INFO  [http-nio-8093-exec-7] [JwtTokenProvider.java-validateToken-134] validateToken 함수 진입 : 토큰 Provider 에서 검증할 토큰을 가지고 왔는지 확인
00:26:20.733 INFO  [http-nio-8093-exec-7] [JwtTokenProvider.java-validateToken-137] Checking JWT Token
00:26:20.735 INFO  [http-nio-8093-exec-7] [JwtTokenProvider.java-validateToken-139] Valid JWT Token
00:26:20.735 INFO  [http-nio-8093-exec-7] [JwtTokenProvider.java-getMemberFromAuthentication-119] authentication 계정 이메일 아이디 - wlstpgns51@naver.com
00:26:20.739 INFO  [http-nio-8093-exec-7] [TimeMonitorAspect.java-logTime-32] ResponseEntity sh.user.supportershighuserbackend.member.controller.MemberController.getAccountInfo(HttpServletRequest) 실행 시간 : 6 ms
00:26:20.739 INFO  [http-nio-8093-exec-7] [MethodCallMonitorAspect.java-methodCallLog-32] getAccountInfo 함수 정상 반환 데이터 : public class org.springframework.http.ResponseEntity<T>
00:26:20.858 INFO  [http-nio-8093-exec-9] [JwtTokenProvider.java-validateToken-134] validateToken 함수 진입 : 토큰 Provider 에서 검증할 토큰을 가지고 왔는지 확인
00:26:20.859 INFO  [http-nio-8093-exec-9] [JwtTokenProvider.java-validateToken-137] Checking JWT Token
00:26:20.860 INFO  [http-nio-8093-exec-9] [JwtTokenProvider.java-validateToken-139] Valid JWT Token
00:26:20.861 INFO  [http-nio-8093-exec-9] [MethodCallMonitorAspect.java-methodCallLog-21] [AOP] 호출 함수 확인
00:26:20.861 INFO  [http-nio-8093-exec-9] [MethodCallMonitorAspect.java-methodCallLog-24] 함수 : getAllLeague, 파라미터 : null
00:26:20.861 INFO  [http-nio-8093-exec-9] [TimeMonitorAspect.java-logTime-20] [AOP] 함수 실행 시간 로깅
00:26:20.861 INFO  [http-nio-8093-exec-9] [LeagueController.java-getAllLeague-30] [League] 회원가입 시 선택할 수 있도록 전체 리그 정보 호출
00:26:20.861 INFO  [http-nio-8093-exec-9] [LeagueService.java-getAllLeague-26] 회원가입 전체 리그 정보 호출 service
00:26:20.863 INFO  [http-nio-8093-exec-9] [TimeMonitorAspect.java-logTime-32] ResponseEntity sh.user.supportershighuserbackend.league.controller.LeagueController.getAllLeague(HttpServletRequest) 실행 시간 : 2 ms
00:26:20.863 INFO  [http-nio-8093-exec-9] [MethodCallMonitorAspect.java-methodCallLog-32] getAllLeague 함수 정상 반환 데이터 : public class org.springframework.http.ResponseEntity<T>
00:27:24.230 INFO  [http-nio-8093-exec-2] [JwtTokenProvider.java-validateToken-134] validateToken 함수 진입 : 토큰 Provider 에서 검증할 토큰을 가지고 왔는지 확인
00:27:24.230 INFO  [http-nio-8093-exec-2] [JwtTokenProvider.java-validateToken-137] Checking JWT Token
00:27:24.232 INFO  [http-nio-8093-exec-2] [JwtTokenProvider.java-validateToken-139] Valid JWT Token
00:27:24.234 INFO  [http-nio-8093-exec-2] [MethodCallMonitorAspect.java-methodCallLog-21] [AOP] 호출 함수 확인
00:27:24.234 INFO  [http-nio-8093-exec-2] [MethodCallMonitorAspect.java-methodCallLog-24] 함수 : getAccountInfo, 파라미터 : null
00:27:24.234 INFO  [http-nio-8093-exec-2] [TimeMonitorAspect.java-logTime-20] [AOP] 함수 실행 시간 로깅
00:27:24.234 INFO  [http-nio-8093-exec-2] [MemberController.java-getAccountInfo-107] [Member] 마이페이지에 조회될 로그인 회원 정보
00:27:24.234 INFO  [http-nio-8093-exec-2] [MemberService.java-getAccountInfo-346] 마이페이지에 조회될 로그인 회원 정보 조회 service
00:27:24.234 INFO  [http-nio-8093-exec-2] [JwtTokenProvider.java-validateToken-134] validateToken 함수 진입 : 토큰 Provider 에서 검증할 토큰을 가지고 왔는지 확인
00:27:24.234 INFO  [http-nio-8093-exec-2] [JwtTokenProvider.java-validateToken-137] Checking JWT Token
00:27:24.236 INFO  [http-nio-8093-exec-2] [JwtTokenProvider.java-validateToken-139] Valid JWT Token
00:27:24.237 INFO  [http-nio-8093-exec-2] [JwtTokenProvider.java-getMemberFromAuthentication-119] authentication 계정 이메일 아이디 - wlstpgns51@naver.com
00:27:24.240 INFO  [http-nio-8093-exec-2] [TimeMonitorAspect.java-logTime-32] ResponseEntity sh.user.supportershighuserbackend.member.controller.MemberController.getAccountInfo(HttpServletRequest) 실행 시간 : 6 ms
00:27:24.240 INFO  [http-nio-8093-exec-2] [MethodCallMonitorAspect.java-methodCallLog-32] getAccountInfo 함수 정상 반환 데이터 : public class org.springframework.http.ResponseEntity<T>
00:27:24.346 INFO  [http-nio-8093-exec-4] [JwtTokenProvider.java-validateToken-134] validateToken 함수 진입 : 토큰 Provider 에서 검증할 토큰을 가지고 왔는지 확인
00:27:24.346 INFO  [http-nio-8093-exec-4] [JwtTokenProvider.java-validateToken-137] Checking JWT Token
00:27:24.348 INFO  [http-nio-8093-exec-4] [JwtTokenProvider.java-validateToken-139] Valid JWT Token
00:27:24.349 INFO  [http-nio-8093-exec-4] [MethodCallMonitorAspect.java-methodCallLog-21] [AOP] 호출 함수 확인
00:27:24.349 INFO  [http-nio-8093-exec-4] [MethodCallMonitorAspect.java-methodCallLog-24] 함수 : getAllLeague, 파라미터 : null
00:27:24.349 INFO  [http-nio-8093-exec-4] [TimeMonitorAspect.java-logTime-20] [AOP] 함수 실행 시간 로깅
00:27:24.349 INFO  [http-nio-8093-exec-4] [LeagueController.java-getAllLeague-30] [League] 회원가입 시 선택할 수 있도록 전체 리그 정보 호출
00:27:24.349 INFO  [http-nio-8093-exec-4] [LeagueService.java-getAllLeague-26] 회원가입 전체 리그 정보 호출 service
00:27:24.352 INFO  [http-nio-8093-exec-4] [TimeMonitorAspect.java-logTime-32] ResponseEntity sh.user.supportershighuserbackend.league.controller.LeagueController.getAllLeague(HttpServletRequest) 실행 시간 : 3 ms
00:27:24.352 INFO  [http-nio-8093-exec-4] [MethodCallMonitorAspect.java-methodCallLog-32] getAllLeague 함수 정상 반환 데이터 : public class org.springframework.http.ResponseEntity<T>
00:30:02.250 INFO  [http-nio-8093-exec-7] [JwtTokenProvider.java-validateToken-134] validateToken 함수 진입 : 토큰 Provider 에서 검증할 토큰을 가지고 왔는지 확인
00:30:02.250 INFO  [http-nio-8093-exec-7] [JwtTokenProvider.java-validateToken-137] Checking JWT Token
00:30:02.251 INFO  [http-nio-8093-exec-7] [JwtTokenProvider.java-validateToken-139] Valid JWT Token
00:30:02.252 INFO  [http-nio-8093-exec-7] [MethodCallMonitorAspect.java-methodCallLog-21] [AOP] 호출 함수 확인
00:30:02.252 INFO  [http-nio-8093-exec-7] [MethodCallMonitorAspect.java-methodCallLog-24] 함수 : getAllLeague, 파라미터 : null
00:30:02.252 INFO  [http-nio-8093-exec-7] [TimeMonitorAspect.java-logTime-20] [AOP] 함수 실행 시간 로깅
00:30:02.252 INFO  [http-nio-8093-exec-7] [LeagueController.java-getAllLeague-30] [League] 회원가입 시 선택할 수 있도록 전체 리그 정보 호출
00:30:02.253 INFO  [http-nio-8093-exec-7] [LeagueService.java-getAllLeague-26] 회원가입 전체 리그 정보 호출 service
00:30:02.255 INFO  [http-nio-8093-exec-7] [TimeMonitorAspect.java-logTime-32] ResponseEntity sh.user.supportershighuserbackend.league.controller.LeagueController.getAllLeague(HttpServletRequest) 실행 시간 : 3 ms
00:30:02.255 INFO  [http-nio-8093-exec-7] [MethodCallMonitorAspect.java-methodCallLog-32] getAllLeague 함수 정상 반환 데이터 : public class org.springframework.http.ResponseEntity<T>
00:30:03.742 INFO  [http-nio-8093-exec-8] [JwtTokenProvider.java-validateToken-134] validateToken 함수 진입 : 토큰 Provider 에서 검증할 토큰을 가지고 왔는지 확인
00:30:03.742 INFO  [http-nio-8093-exec-8] [JwtTokenProvider.java-validateToken-137] Checking JWT Token
00:30:03.743 INFO  [http-nio-8093-exec-8] [JwtTokenProvider.java-validateToken-139] Valid JWT Token
00:30:03.744 INFO  [http-nio-8093-exec-8] [MethodCallMonitorAspect.java-methodCallLog-21] [AOP] 호출 함수 확인
00:30:03.745 INFO  [http-nio-8093-exec-8] [MethodCallMonitorAspect.java-methodCallLog-24] 함수 : getAllLeague, 파라미터 : null
00:30:03.745 INFO  [http-nio-8093-exec-8] [TimeMonitorAspect.java-logTime-20] [AOP] 함수 실행 시간 로깅
00:30:03.745 INFO  [http-nio-8093-exec-8] [LeagueController.java-getAllLeague-30] [League] 회원가입 시 선택할 수 있도록 전체 리그 정보 호출
00:30:03.745 INFO  [http-nio-8093-exec-8] [LeagueService.java-getAllLeague-26] 회원가입 전체 리그 정보 호출 service
00:30:03.747 INFO  [http-nio-8093-exec-8] [TimeMonitorAspect.java-logTime-32] ResponseEntity sh.user.supportershighuserbackend.league.controller.LeagueController.getAllLeague(HttpServletRequest) 실행 시간 : 2 ms
00:30:03.748 INFO  [http-nio-8093-exec-8] [MethodCallMonitorAspect.java-methodCallLog-32] getAllLeague 함수 정상 반환 데이터 : public class org.springframework.http.ResponseEntity<T>
00:30:03.890 INFO  [http-nio-8093-exec-10] [JwtTokenProvider.java-validateToken-134] validateToken 함수 진입 : 토큰 Provider 에서 검증할 토큰을 가지고 왔는지 확인
00:30:03.890 INFO  [http-nio-8093-exec-10] [JwtTokenProvider.java-validateToken-137] Checking JWT Token
00:30:03.891 INFO  [http-nio-8093-exec-10] [JwtTokenProvider.java-validateToken-139] Valid JWT Token
00:30:03.893 INFO  [http-nio-8093-exec-10] [MethodCallMonitorAspect.java-methodCallLog-21] [AOP] 호출 함수 확인
00:30:03.893 INFO  [http-nio-8093-exec-10] [MethodCallMonitorAspect.java-methodCallLog-24] 함수 : getAccountInfo, 파라미터 : null
00:30:03.893 INFO  [http-nio-8093-exec-10] [TimeMonitorAspect.java-logTime-20] [AOP] 함수 실행 시간 로깅
00:30:03.893 INFO  [http-nio-8093-exec-10] [MemberController.java-getAccountInfo-107] [Member] 마이페이지에 조회될 로그인 회원 정보
00:30:03.893 INFO  [http-nio-8093-exec-10] [MemberService.java-getAccountInfo-346] 마이페이지에 조회될 로그인 회원 정보 조회 service
00:30:03.894 INFO  [http-nio-8093-exec-10] [JwtTokenProvider.java-validateToken-134] validateToken 함수 진입 : 토큰 Provider 에서 검증할 토큰을 가지고 왔는지 확인
00:30:03.894 INFO  [http-nio-8093-exec-10] [JwtTokenProvider.java-validateToken-137] Checking JWT Token
00:30:03.895 INFO  [http-nio-8093-exec-10] [JwtTokenProvider.java-validateToken-139] Valid JWT Token
00:30:03.895 INFO  [http-nio-8093-exec-10] [JwtTokenProvider.java-getMemberFromAuthentication-119] authentication 계정 이메일 아이디 - wlstpgns51@naver.com
00:30:03.898 INFO  [http-nio-8093-exec-10] [TimeMonitorAspect.java-logTime-32] ResponseEntity sh.user.supportershighuserbackend.member.controller.MemberController.getAccountInfo(HttpServletRequest) 실행 시간 : 5 ms
00:30:03.898 INFO  [http-nio-8093-exec-10] [MethodCallMonitorAspect.java-methodCallLog-32] getAccountInfo 함수 정상 반환 데이터 : public class org.springframework.http.ResponseEntity<T>
00:30:04.004 INFO  [http-nio-8093-exec-1] [JwtTokenProvider.java-validateToken-134] validateToken 함수 진입 : 토큰 Provider 에서 검증할 토큰을 가지고 왔는지 확인
00:30:04.004 INFO  [http-nio-8093-exec-1] [JwtTokenProvider.java-validateToken-137] Checking JWT Token
00:30:04.005 INFO  [http-nio-8093-exec-1] [JwtTokenProvider.java-validateToken-139] Valid JWT Token
00:30:04.006 INFO  [http-nio-8093-exec-1] [MethodCallMonitorAspect.java-methodCallLog-21] [AOP] 호출 함수 확인
00:30:04.006 INFO  [http-nio-8093-exec-1] [MethodCallMonitorAspect.java-methodCallLog-24] 함수 : getAllLeague, 파라미터 : null
00:30:04.006 INFO  [http-nio-8093-exec-1] [TimeMonitorAspect.java-logTime-20] [AOP] 함수 실행 시간 로깅
00:30:04.006 INFO  [http-nio-8093-exec-1] [LeagueController.java-getAllLeague-30] [League] 회원가입 시 선택할 수 있도록 전체 리그 정보 호출
00:30:04.007 INFO  [http-nio-8093-exec-1] [LeagueService.java-getAllLeague-26] 회원가입 전체 리그 정보 호출 service
00:30:04.008 INFO  [http-nio-8093-exec-1] [TimeMonitorAspect.java-logTime-32] ResponseEntity sh.user.supportershighuserbackend.league.controller.LeagueController.getAllLeague(HttpServletRequest) 실행 시간 : 2 ms
00:30:04.008 INFO  [http-nio-8093-exec-1] [MethodCallMonitorAspect.java-methodCallLog-32] getAllLeague 함수 정상 반환 데이터 : public class org.springframework.http.ResponseEntity<T>
00:32:42.613 INFO  [http-nio-8093-exec-4] [JwtTokenProvider.java-validateToken-134] validateToken 함수 진입 : 토큰 Provider 에서 검증할 토큰을 가지고 왔는지 확인
00:32:42.614 INFO  [http-nio-8093-exec-4] [JwtTokenProvider.java-validateToken-137] Checking JWT Token
00:32:42.615 INFO  [http-nio-8093-exec-4] [JwtTokenProvider.java-validateToken-139] Valid JWT Token
00:32:42.616 INFO  [http-nio-8093-exec-4] [MethodCallMonitorAspect.java-methodCallLog-21] [AOP] 호출 함수 확인
00:32:42.617 INFO  [http-nio-8093-exec-4] [MethodCallMonitorAspect.java-methodCallLog-24] 함수 : getAccountInfo, 파라미터 : null
00:32:42.617 INFO  [http-nio-8093-exec-4] [TimeMonitorAspect.java-logTime-20] [AOP] 함수 실행 시간 로깅
00:32:42.617 INFO  [http-nio-8093-exec-4] [MemberController.java-getAccountInfo-107] [Member] 마이페이지에 조회될 로그인 회원 정보
00:32:42.617 INFO  [http-nio-8093-exec-4] [MemberService.java-getAccountInfo-346] 마이페이지에 조회될 로그인 회원 정보 조회 service
00:32:42.617 INFO  [http-nio-8093-exec-4] [JwtTokenProvider.java-validateToken-134] validateToken 함수 진입 : 토큰 Provider 에서 검증할 토큰을 가지고 왔는지 확인
00:32:42.617 INFO  [http-nio-8093-exec-4] [JwtTokenProvider.java-validateToken-137] Checking JWT Token
00:32:42.618 INFO  [http-nio-8093-exec-4] [JwtTokenProvider.java-validateToken-139] Valid JWT Token
00:32:42.618 INFO  [http-nio-8093-exec-4] [JwtTokenProvider.java-getMemberFromAuthentication-119] authentication 계정 이메일 아이디 - wlstpgns51@naver.com
00:32:42.621 INFO  [http-nio-8093-exec-4] [TimeMonitorAspect.java-logTime-32] ResponseEntity sh.user.supportershighuserbackend.member.controller.MemberController.getAccountInfo(HttpServletRequest) 실행 시간 : 4 ms
00:32:42.622 INFO  [http-nio-8093-exec-4] [MethodCallMonitorAspect.java-methodCallLog-32] getAccountInfo 함수 정상 반환 데이터 : public class org.springframework.http.ResponseEntity<T>
00:32:42.731 INFO  [http-nio-8093-exec-6] [JwtTokenProvider.java-validateToken-134] validateToken 함수 진입 : 토큰 Provider 에서 검증할 토큰을 가지고 왔는지 확인
00:32:42.731 INFO  [http-nio-8093-exec-6] [JwtTokenProvider.java-validateToken-137] Checking JWT Token
00:32:42.732 INFO  [http-nio-8093-exec-6] [JwtTokenProvider.java-validateToken-139] Valid JWT Token
00:32:42.733 INFO  [http-nio-8093-exec-6] [MethodCallMonitorAspect.java-methodCallLog-21] [AOP] 호출 함수 확인
00:32:42.733 INFO  [http-nio-8093-exec-6] [MethodCallMonitorAspect.java-methodCallLog-24] 함수 : getAllLeague, 파라미터 : null
00:32:42.733 INFO  [http-nio-8093-exec-6] [TimeMonitorAspect.java-logTime-20] [AOP] 함수 실행 시간 로깅
00:32:42.733 INFO  [http-nio-8093-exec-6] [LeagueController.java-getAllLeague-30] [League] 회원가입 시 선택할 수 있도록 전체 리그 정보 호출
00:32:42.733 INFO  [http-nio-8093-exec-6] [LeagueService.java-getAllLeague-26] 회원가입 전체 리그 정보 호출 service
00:32:42.735 INFO  [http-nio-8093-exec-6] [TimeMonitorAspect.java-logTime-32] ResponseEntity sh.user.supportershighuserbackend.league.controller.LeagueController.getAllLeague(HttpServletRequest) 실행 시간 : 2 ms
00:32:42.735 INFO  [http-nio-8093-exec-6] [MethodCallMonitorAspect.java-methodCallLog-32] getAllLeague 함수 정상 반환 데이터 : public class org.springframework.http.ResponseEntity<T>
00:36:23.256 INFO  [http-nio-8093-exec-9] [JwtTokenProvider.java-validateToken-134] validateToken 함수 진입 : 토큰 Provider 에서 검증할 토큰을 가지고 왔는지 확인
00:36:23.256 INFO  [http-nio-8093-exec-9] [JwtTokenProvider.java-validateToken-137] Checking JWT Token
00:36:23.257 INFO  [http-nio-8093-exec-9] [JwtTokenProvider.java-validateToken-139] Valid JWT Token
00:36:23.258 INFO  [http-nio-8093-exec-9] [MethodCallMonitorAspect.java-methodCallLog-21] [AOP] 호출 함수 확인
00:36:23.258 INFO  [http-nio-8093-exec-9] [MethodCallMonitorAspect.java-methodCallLog-24] 함수 : getAccountInfo, 파라미터 : null
00:36:23.258 INFO  [http-nio-8093-exec-9] [TimeMonitorAspect.java-logTime-20] [AOP] 함수 실행 시간 로깅
00:36:23.258 INFO  [http-nio-8093-exec-9] [MemberController.java-getAccountInfo-107] [Member] 마이페이지에 조회될 로그인 회원 정보
00:36:23.258 INFO  [http-nio-8093-exec-9] [MemberService.java-getAccountInfo-346] 마이페이지에 조회될 로그인 회원 정보 조회 service
00:36:23.259 INFO  [http-nio-8093-exec-9] [JwtTokenProvider.java-validateToken-134] validateToken 함수 진입 : 토큰 Provider 에서 검증할 토큰을 가지고 왔는지 확인
00:36:23.259 INFO  [http-nio-8093-exec-9] [JwtTokenProvider.java-validateToken-137] Checking JWT Token
00:36:23.259 INFO  [http-nio-8093-exec-9] [JwtTokenProvider.java-validateToken-139] Valid JWT Token
00:36:23.260 INFO  [http-nio-8093-exec-9] [JwtTokenProvider.java-getMemberFromAuthentication-119] authentication 계정 이메일 아이디 - wlstpgns51@naver.com
00:36:23.262 INFO  [http-nio-8093-exec-9] [TimeMonitorAspect.java-logTime-32] ResponseEntity sh.user.supportershighuserbackend.member.controller.MemberController.getAccountInfo(HttpServletRequest) 실행 시간 : 4 ms
00:36:23.262 INFO  [http-nio-8093-exec-9] [MethodCallMonitorAspect.java-methodCallLog-32] getAccountInfo 함수 정상 반환 데이터 : public class org.springframework.http.ResponseEntity<T>
00:36:23.378 INFO  [http-nio-8093-exec-1] [JwtTokenProvider.java-validateToken-134] validateToken 함수 진입 : 토큰 Provider 에서 검증할 토큰을 가지고 왔는지 확인
00:36:23.378 INFO  [http-nio-8093-exec-1] [JwtTokenProvider.java-validateToken-137] Checking JWT Token
00:36:23.379 INFO  [http-nio-8093-exec-1] [JwtTokenProvider.java-validateToken-139] Valid JWT Token
00:36:23.380 INFO  [http-nio-8093-exec-1] [MethodCallMonitorAspect.java-methodCallLog-21] [AOP] 호출 함수 확인
00:36:23.380 INFO  [http-nio-8093-exec-1] [MethodCallMonitorAspect.java-methodCallLog-24] 함수 : getAllLeague, 파라미터 : null
00:36:23.380 INFO  [http-nio-8093-exec-1] [TimeMonitorAspect.java-logTime-20] [AOP] 함수 실행 시간 로깅
00:36:23.380 INFO  [http-nio-8093-exec-1] [LeagueController.java-getAllLeague-30] [League] 회원가입 시 선택할 수 있도록 전체 리그 정보 호출
00:36:23.380 INFO  [http-nio-8093-exec-1] [LeagueService.java-getAllLeague-26] 회원가입 전체 리그 정보 호출 service
00:36:23.383 INFO  [http-nio-8093-exec-1] [TimeMonitorAspect.java-logTime-32] ResponseEntity sh.user.supportershighuserbackend.league.controller.LeagueController.getAllLeague(HttpServletRequest) 실행 시간 : 3 ms
00:36:23.383 INFO  [http-nio-8093-exec-1] [MethodCallMonitorAspect.java-methodCallLog-32] getAllLeague 함수 정상 반환 데이터 : public class org.springframework.http.ResponseEntity<T>
00:36:25.892 INFO  [http-nio-8093-exec-2] [JwtTokenProvider.java-validateToken-134] validateToken 함수 진입 : 토큰 Provider 에서 검증할 토큰을 가지고 왔는지 확인
00:36:25.892 INFO  [http-nio-8093-exec-2] [JwtTokenProvider.java-validateToken-137] Checking JWT Token
00:36:25.893 INFO  [http-nio-8093-exec-2] [JwtTokenProvider.java-validateToken-139] Valid JWT Token
00:36:25.894 INFO  [http-nio-8093-exec-2] [MethodCallMonitorAspect.java-methodCallLog-21] [AOP] 호출 함수 확인
00:36:25.895 INFO  [http-nio-8093-exec-2] [MethodCallMonitorAspect.java-methodCallLog-24] 함수 : getAccountInfo, 파라미터 : null
00:36:25.895 INFO  [http-nio-8093-exec-2] [TimeMonitorAspect.java-logTime-20] [AOP] 함수 실행 시간 로깅
00:36:25.895 INFO  [http-nio-8093-exec-2] [MemberController.java-getAccountInfo-107] [Member] 마이페이지에 조회될 로그인 회원 정보
00:36:25.895 INFO  [http-nio-8093-exec-2] [MemberService.java-getAccountInfo-346] 마이페이지에 조회될 로그인 회원 정보 조회 service
00:36:25.895 INFO  [http-nio-8093-exec-2] [JwtTokenProvider.java-validateToken-134] validateToken 함수 진입 : 토큰 Provider 에서 검증할 토큰을 가지고 왔는지 확인
00:36:25.895 INFO  [http-nio-8093-exec-2] [JwtTokenProvider.java-validateToken-137] Checking JWT Token
00:36:25.896 INFO  [http-nio-8093-exec-2] [JwtTokenProvider.java-validateToken-139] Valid JWT Token
00:36:25.896 INFO  [http-nio-8093-exec-2] [JwtTokenProvider.java-getMemberFromAuthentication-119] authentication 계정 이메일 아이디 - wlstpgns51@naver.com
00:36:25.899 INFO  [http-nio-8093-exec-2] [TimeMonitorAspect.java-logTime-32] ResponseEntity sh.user.supportershighuserbackend.member.controller.MemberController.getAccountInfo(HttpServletRequest) 실행 시간 : 4 ms
00:36:25.899 INFO  [http-nio-8093-exec-2] [MethodCallMonitorAspect.java-methodCallLog-32] getAccountInfo 함수 정상 반환 데이터 : public class org.springframework.http.ResponseEntity<T>
00:36:26.025 INFO  [http-nio-8093-exec-3] [JwtTokenProvider.java-validateToken-134] validateToken 함수 진입 : 토큰 Provider 에서 검증할 토큰을 가지고 왔는지 확인
00:36:26.025 INFO  [http-nio-8093-exec-3] [JwtTokenProvider.java-validateToken-137] Checking JWT Token
00:36:26.026 INFO  [http-nio-8093-exec-3] [JwtTokenProvider.java-validateToken-139] Valid JWT Token
00:36:26.028 INFO  [http-nio-8093-exec-3] [MethodCallMonitorAspect.java-methodCallLog-21] [AOP] 호출 함수 확인
00:36:26.028 INFO  [http-nio-8093-exec-3] [MethodCallMonitorAspect.java-methodCallLog-24] 함수 : getAllLeague, 파라미터 : null
00:36:26.028 INFO  [http-nio-8093-exec-3] [TimeMonitorAspect.java-logTime-20] [AOP] 함수 실행 시간 로깅
00:36:26.028 INFO  [http-nio-8093-exec-3] [LeagueController.java-getAllLeague-30] [League] 회원가입 시 선택할 수 있도록 전체 리그 정보 호출
00:36:26.028 INFO  [http-nio-8093-exec-3] [LeagueService.java-getAllLeague-26] 회원가입 전체 리그 정보 호출 service
00:36:26.030 INFO  [http-nio-8093-exec-3] [TimeMonitorAspect.java-logTime-32] ResponseEntity sh.user.supportershighuserbackend.league.controller.LeagueController.getAllLeague(HttpServletRequest) 실행 시간 : 2 ms
00:36:26.030 INFO  [http-nio-8093-exec-3] [MethodCallMonitorAspect.java-methodCallLog-32] getAllLeague 함수 정상 반환 데이터 : public class org.springframework.http.ResponseEntity<T>
00:37:22.944 INFO  [http-nio-8093-exec-5] [JwtTokenProvider.java-validateToken-134] validateToken 함수 진입 : 토큰 Provider 에서 검증할 토큰을 가지고 왔는지 확인
00:37:22.944 INFO  [http-nio-8093-exec-5] [JwtTokenProvider.java-validateToken-137] Checking JWT Token
00:37:22.945 INFO  [http-nio-8093-exec-5] [JwtTokenProvider.java-validateToken-139] Valid JWT Token
00:37:22.947 INFO  [http-nio-8093-exec-5] [MethodCallMonitorAspect.java-methodCallLog-21] [AOP] 호출 함수 확인
00:37:22.948 INFO  [http-nio-8093-exec-5] [MethodCallMonitorAspect.java-methodCallLog-24] 함수 : getAccountInfo, 파라미터 : null
00:37:22.948 INFO  [http-nio-8093-exec-5] [TimeMonitorAspect.java-logTime-20] [AOP] 함수 실행 시간 로깅
00:37:22.948 INFO  [http-nio-8093-exec-5] [MemberController.java-getAccountInfo-107] [Member] 마이페이지에 조회될 로그인 회원 정보
00:37:22.948 INFO  [http-nio-8093-exec-5] [MemberService.java-getAccountInfo-346] 마이페이지에 조회될 로그인 회원 정보 조회 service
00:37:22.948 INFO  [http-nio-8093-exec-5] [JwtTokenProvider.java-validateToken-134] validateToken 함수 진입 : 토큰 Provider 에서 검증할 토큰을 가지고 왔는지 확인
00:37:22.948 INFO  [http-nio-8093-exec-5] [JwtTokenProvider.java-validateToken-137] Checking JWT Token
00:37:22.950 INFO  [http-nio-8093-exec-5] [JwtTokenProvider.java-validateToken-139] Valid JWT Token
00:37:22.950 INFO  [http-nio-8093-exec-5] [JwtTokenProvider.java-getMemberFromAuthentication-119] authentication 계정 이메일 아이디 - wlstpgns51@naver.com
00:37:22.953 INFO  [http-nio-8093-exec-5] [TimeMonitorAspect.java-logTime-32] ResponseEntity sh.user.supportershighuserbackend.member.controller.MemberController.getAccountInfo(HttpServletRequest) 실행 시간 : 5 ms
00:37:22.953 INFO  [http-nio-8093-exec-5] [MethodCallMonitorAspect.java-methodCallLog-32] getAccountInfo 함수 정상 반환 데이터 : public class org.springframework.http.ResponseEntity<T>
00:37:23.064 INFO  [http-nio-8093-exec-7] [JwtTokenProvider.java-validateToken-134] validateToken 함수 진입 : 토큰 Provider 에서 검증할 토큰을 가지고 왔는지 확인
00:37:23.064 INFO  [http-nio-8093-exec-7] [JwtTokenProvider.java-validateToken-137] Checking JWT Token
00:37:23.065 INFO  [http-nio-8093-exec-7] [JwtTokenProvider.java-validateToken-139] Valid JWT Token
00:37:23.067 INFO  [http-nio-8093-exec-7] [MethodCallMonitorAspect.java-methodCallLog-21] [AOP] 호출 함수 확인
00:37:23.067 INFO  [http-nio-8093-exec-7] [MethodCallMonitorAspect.java-methodCallLog-24] 함수 : getAllLeague, 파라미터 : null
00:37:23.067 INFO  [http-nio-8093-exec-7] [TimeMonitorAspect.java-logTime-20] [AOP] 함수 실행 시간 로깅
00:37:23.067 INFO  [http-nio-8093-exec-7] [LeagueController.java-getAllLeague-30] [League] 회원가입 시 선택할 수 있도록 전체 리그 정보 호출
00:37:23.067 INFO  [http-nio-8093-exec-7] [LeagueService.java-getAllLeague-26] 회원가입 전체 리그 정보 호출 service
00:37:23.069 INFO  [http-nio-8093-exec-7] [TimeMonitorAspect.java-logTime-32] ResponseEntity sh.user.supportershighuserbackend.league.controller.LeagueController.getAllLeague(HttpServletRequest) 실행 시간 : 2 ms
00:37:23.069 INFO  [http-nio-8093-exec-7] [MethodCallMonitorAspect.java-methodCallLog-32] getAllLeague 함수 정상 반환 데이터 : public class org.springframework.http.ResponseEntity<T>
00:38:57.411 INFO  [http-nio-8093-exec-10] [JwtTokenProvider.java-validateToken-134] validateToken 함수 진입 : 토큰 Provider 에서 검증할 토큰을 가지고 왔는지 확인
00:38:57.411 INFO  [http-nio-8093-exec-10] [JwtTokenProvider.java-validateToken-137] Checking JWT Token
00:38:57.412 INFO  [http-nio-8093-exec-10] [JwtTokenProvider.java-validateToken-139] Valid JWT Token
00:38:57.415 INFO  [http-nio-8093-exec-10] [MethodCallMonitorAspect.java-methodCallLog-21] [AOP] 호출 함수 확인
00:38:57.415 INFO  [http-nio-8093-exec-10] [MethodCallMonitorAspect.java-methodCallLog-24] 함수 : getAccountInfo, 파라미터 : null
00:38:57.415 INFO  [http-nio-8093-exec-10] [TimeMonitorAspect.java-logTime-20] [AOP] 함수 실행 시간 로깅
00:38:57.415 INFO  [http-nio-8093-exec-10] [MemberController.java-getAccountInfo-107] [Member] 마이페이지에 조회될 로그인 회원 정보
00:38:57.415 INFO  [http-nio-8093-exec-10] [MemberService.java-getAccountInfo-346] 마이페이지에 조회될 로그인 회원 정보 조회 service
00:38:57.415 INFO  [http-nio-8093-exec-10] [JwtTokenProvider.java-validateToken-134] validateToken 함수 진입 : 토큰 Provider 에서 검증할 토큰을 가지고 왔는지 확인
00:38:57.415 INFO  [http-nio-8093-exec-10] [JwtTokenProvider.java-validateToken-137] Checking JWT Token
00:38:57.416 INFO  [http-nio-8093-exec-10] [JwtTokenProvider.java-validateToken-139] Valid JWT Token
00:38:57.416 INFO  [http-nio-8093-exec-10] [JwtTokenProvider.java-getMemberFromAuthentication-119] authentication 계정 이메일 아이디 - wlstpgns51@naver.com
00:38:57.419 INFO  [http-nio-8093-exec-10] [TimeMonitorAspect.java-logTime-32] ResponseEntity sh.user.supportershighuserbackend.member.controller.MemberController.getAccountInfo(HttpServletRequest) 실행 시간 : 4 ms
00:38:57.419 INFO  [http-nio-8093-exec-10] [MethodCallMonitorAspect.java-methodCallLog-32] getAccountInfo 함수 정상 반환 데이터 : public class org.springframework.http.ResponseEntity<T>
00:38:57.534 INFO  [http-nio-8093-exec-2] [JwtTokenProvider.java-validateToken-134] validateToken 함수 진입 : 토큰 Provider 에서 검증할 토큰을 가지고 왔는지 확인
00:38:57.534 INFO  [http-nio-8093-exec-2] [JwtTokenProvider.java-validateToken-137] Checking JWT Token
00:38:57.535 INFO  [http-nio-8093-exec-2] [JwtTokenProvider.java-validateToken-139] Valid JWT Token
00:38:57.536 INFO  [http-nio-8093-exec-2] [MethodCallMonitorAspect.java-methodCallLog-21] [AOP] 호출 함수 확인
00:38:57.536 INFO  [http-nio-8093-exec-2] [MethodCallMonitorAspect.java-methodCallLog-24] 함수 : getAllLeague, 파라미터 : null
00:38:57.536 INFO  [http-nio-8093-exec-2] [TimeMonitorAspect.java-logTime-20] [AOP] 함수 실행 시간 로깅
00:38:57.536 INFO  [http-nio-8093-exec-2] [LeagueController.java-getAllLeague-30] [League] 회원가입 시 선택할 수 있도록 전체 리그 정보 호출
00:38:57.536 INFO  [http-nio-8093-exec-2] [LeagueService.java-getAllLeague-26] 회원가입 전체 리그 정보 호출 service
00:38:57.538 INFO  [http-nio-8093-exec-2] [TimeMonitorAspect.java-logTime-32] ResponseEntity sh.user.supportershighuserbackend.league.controller.LeagueController.getAllLeague(HttpServletRequest) 실행 시간 : 2 ms
00:38:57.538 INFO  [http-nio-8093-exec-2] [MethodCallMonitorAspect.java-methodCallLog-32] getAllLeague 함수 정상 반환 데이터 : public class org.springframework.http.ResponseEntity<T>
00:38:59.611 INFO  [http-nio-8093-exec-3] [JwtTokenProvider.java-validateToken-134] validateToken 함수 진입 : 토큰 Provider 에서 검증할 토큰을 가지고 왔는지 확인
00:38:59.612 INFO  [http-nio-8093-exec-3] [JwtTokenProvider.java-validateToken-137] Checking JWT Token
00:38:59.613 INFO  [http-nio-8093-exec-3] [JwtTokenProvider.java-validateToken-139] Valid JWT Token
00:38:59.615 INFO  [http-nio-8093-exec-3] [MethodCallMonitorAspect.java-methodCallLog-21] [AOP] 호출 함수 확인
00:38:59.615 INFO  [http-nio-8093-exec-3] [MethodCallMonitorAspect.java-methodCallLog-24] 함수 : getAllLeague, 파라미터 : null
00:38:59.615 INFO  [http-nio-8093-exec-3] [TimeMonitorAspect.java-logTime-20] [AOP] 함수 실행 시간 로깅
00:38:59.616 INFO  [http-nio-8093-exec-3] [LeagueController.java-getAllLeague-30] [League] 회원가입 시 선택할 수 있도록 전체 리그 정보 호출
00:38:59.616 INFO  [http-nio-8093-exec-3] [LeagueService.java-getAllLeague-26] 회원가입 전체 리그 정보 호출 service
00:38:59.618 INFO  [http-nio-8093-exec-3] [TimeMonitorAspect.java-logTime-32] ResponseEntity sh.user.supportershighuserbackend.league.controller.LeagueController.getAllLeague(HttpServletRequest) 실행 시간 : 2 ms
00:38:59.618 INFO  [http-nio-8093-exec-3] [MethodCallMonitorAspect.java-methodCallLog-32] getAllLeague 함수 정상 반환 데이터 : public class org.springframework.http.ResponseEntity<T>
00:38:59.871 INFO  [http-nio-8093-exec-4] [JwtTokenProvider.java-validateToken-134] validateToken 함수 진입 : 토큰 Provider 에서 검증할 토큰을 가지고 왔는지 확인
00:38:59.872 INFO  [http-nio-8093-exec-4] [JwtTokenProvider.java-validateToken-137] Checking JWT Token
00:38:59.873 INFO  [http-nio-8093-exec-4] [JwtTokenProvider.java-validateToken-139] Valid JWT Token
00:38:59.875 INFO  [http-nio-8093-exec-4] [MethodCallMonitorAspect.java-methodCallLog-21] [AOP] 호출 함수 확인
00:38:59.875 INFO  [http-nio-8093-exec-4] [MethodCallMonitorAspect.java-methodCallLog-24] 함수 : getAccountInfo, 파라미터 : null
00:38:59.875 INFO  [http-nio-8093-exec-4] [TimeMonitorAspect.java-logTime-20] [AOP] 함수 실행 시간 로깅
00:38:59.875 INFO  [http-nio-8093-exec-4] [MemberController.java-getAccountInfo-107] [Member] 마이페이지에 조회될 로그인 회원 정보
00:38:59.875 INFO  [http-nio-8093-exec-4] [MemberService.java-getAccountInfo-346] 마이페이지에 조회될 로그인 회원 정보 조회 service
00:38:59.875 INFO  [http-nio-8093-exec-4] [JwtTokenProvider.java-validateToken-134] validateToken 함수 진입 : 토큰 Provider 에서 검증할 토큰을 가지고 왔는지 확인
00:38:59.875 INFO  [http-nio-8093-exec-4] [JwtTokenProvider.java-validateToken-137] Checking JWT Token
00:38:59.876 INFO  [http-nio-8093-exec-4] [JwtTokenProvider.java-validateToken-139] Valid JWT Token
00:38:59.876 INFO  [http-nio-8093-exec-4] [JwtTokenProvider.java-getMemberFromAuthentication-119] authentication 계정 이메일 아이디 - wlstpgns51@naver.com
00:38:59.878 INFO  [http-nio-8093-exec-4] [TimeMonitorAspect.java-logTime-32] ResponseEntity sh.user.supportershighuserbackend.member.controller.MemberController.getAccountInfo(HttpServletRequest) 실행 시간 : 3 ms
00:38:59.879 INFO  [http-nio-8093-exec-4] [MethodCallMonitorAspect.java-methodCallLog-32] getAccountInfo 함수 정상 반환 데이터 : public class org.springframework.http.ResponseEntity<T>
00:39:00.003 INFO  [http-nio-8093-exec-5] [JwtTokenProvider.java-validateToken-134] validateToken 함수 진입 : 토큰 Provider 에서 검증할 토큰을 가지고 왔는지 확인
00:39:00.003 INFO  [http-nio-8093-exec-5] [JwtTokenProvider.java-validateToken-137] Checking JWT Token
00:39:00.005 INFO  [http-nio-8093-exec-5] [JwtTokenProvider.java-validateToken-139] Valid JWT Token
00:39:00.006 INFO  [http-nio-8093-exec-5] [MethodCallMonitorAspect.java-methodCallLog-21] [AOP] 호출 함수 확인
00:39:00.006 INFO  [http-nio-8093-exec-5] [MethodCallMonitorAspect.java-methodCallLog-24] 함수 : getAllLeague, 파라미터 : null
00:39:00.007 INFO  [http-nio-8093-exec-5] [TimeMonitorAspect.java-logTime-20] [AOP] 함수 실행 시간 로깅
00:39:00.007 INFO  [http-nio-8093-exec-5] [LeagueController.java-getAllLeague-30] [League] 회원가입 시 선택할 수 있도록 전체 리그 정보 호출
00:39:00.007 INFO  [http-nio-8093-exec-5] [LeagueService.java-getAllLeague-26] 회원가입 전체 리그 정보 호출 service
00:39:00.009 INFO  [http-nio-8093-exec-5] [TimeMonitorAspect.java-logTime-32] ResponseEntity sh.user.supportershighuserbackend.league.controller.LeagueController.getAllLeague(HttpServletRequest) 실행 시간 : 2 ms
00:39:00.009 INFO  [http-nio-8093-exec-5] [MethodCallMonitorAspect.java-methodCallLog-32] getAllLeague 함수 정상 반환 데이터 : public class org.springframework.http.ResponseEntity<T>
00:41:04.477 INFO  [http-nio-8093-exec-8] [JwtTokenProvider.java-validateToken-134] validateToken 함수 진입 : 토큰 Provider 에서 검증할 토큰을 가지고 왔는지 확인
00:41:04.477 INFO  [http-nio-8093-exec-8] [JwtTokenProvider.java-validateToken-137] Checking JWT Token
00:41:04.478 INFO  [http-nio-8093-exec-8] [JwtTokenProvider.java-validateToken-139] Valid JWT Token
00:41:04.481 INFO  [http-nio-8093-exec-8] [MethodCallMonitorAspect.java-methodCallLog-21] [AOP] 호출 함수 확인
00:41:04.481 INFO  [http-nio-8093-exec-8] [MethodCallMonitorAspect.java-methodCallLog-24] 함수 : getAccountInfo, 파라미터 : null
00:41:04.481 INFO  [http-nio-8093-exec-8] [TimeMonitorAspect.java-logTime-20] [AOP] 함수 실행 시간 로깅
00:41:04.481 INFO  [http-nio-8093-exec-8] [MemberController.java-getAccountInfo-107] [Member] 마이페이지에 조회될 로그인 회원 정보
00:41:04.481 INFO  [http-nio-8093-exec-8] [MemberService.java-getAccountInfo-346] 마이페이지에 조회될 로그인 회원 정보 조회 service
00:41:04.481 INFO  [http-nio-8093-exec-8] [JwtTokenProvider.java-validateToken-134] validateToken 함수 진입 : 토큰 Provider 에서 검증할 토큰을 가지고 왔는지 확인
00:41:04.481 INFO  [http-nio-8093-exec-8] [JwtTokenProvider.java-validateToken-137] Checking JWT Token
00:41:04.482 INFO  [http-nio-8093-exec-8] [JwtTokenProvider.java-validateToken-139] Valid JWT Token
00:41:04.482 INFO  [http-nio-8093-exec-8] [JwtTokenProvider.java-getMemberFromAuthentication-119] authentication 계정 이메일 아이디 - wlstpgns51@naver.com
00:41:04.485 INFO  [http-nio-8093-exec-8] [TimeMonitorAspect.java-logTime-32] ResponseEntity sh.user.supportershighuserbackend.member.controller.MemberController.getAccountInfo(HttpServletRequest) 실행 시간 : 4 ms
00:41:04.486 INFO  [http-nio-8093-exec-8] [MethodCallMonitorAspect.java-methodCallLog-32] getAccountInfo 함수 정상 반환 데이터 : public class org.springframework.http.ResponseEntity<T>
00:41:04.607 INFO  [http-nio-8093-exec-10] [JwtTokenProvider.java-validateToken-134] validateToken 함수 진입 : 토큰 Provider 에서 검증할 토큰을 가지고 왔는지 확인
00:41:04.607 INFO  [http-nio-8093-exec-10] [JwtTokenProvider.java-validateToken-137] Checking JWT Token
00:41:04.608 INFO  [http-nio-8093-exec-10] [JwtTokenProvider.java-validateToken-139] Valid JWT Token
00:41:04.609 INFO  [http-nio-8093-exec-10] [MethodCallMonitorAspect.java-methodCallLog-21] [AOP] 호출 함수 확인
00:41:04.609 INFO  [http-nio-8093-exec-10] [MethodCallMonitorAspect.java-methodCallLog-24] 함수 : getAllLeague, 파라미터 : null
00:41:04.609 INFO  [http-nio-8093-exec-10] [TimeMonitorAspect.java-logTime-20] [AOP] 함수 실행 시간 로깅
00:41:04.609 INFO  [http-nio-8093-exec-10] [LeagueController.java-getAllLeague-30] [League] 회원가입 시 선택할 수 있도록 전체 리그 정보 호출
00:41:04.610 INFO  [http-nio-8093-exec-10] [LeagueService.java-getAllLeague-26] 회원가입 전체 리그 정보 호출 service
00:41:04.611 INFO  [http-nio-8093-exec-10] [TimeMonitorAspect.java-logTime-32] ResponseEntity sh.user.supportershighuserbackend.league.controller.LeagueController.getAllLeague(HttpServletRequest) 실행 시간 : 2 ms
00:41:04.611 INFO  [http-nio-8093-exec-10] [MethodCallMonitorAspect.java-methodCallLog-32] getAllLeague 함수 정상 반환 데이터 : public class org.springframework.http.ResponseEntity<T>
00:41:41.538 INFO  [http-nio-8093-exec-2] [JwtTokenProvider.java-validateToken-134] validateToken 함수 진입 : 토큰 Provider 에서 검증할 토큰을 가지고 왔는지 확인
00:41:41.538 INFO  [http-nio-8093-exec-2] [JwtTokenProvider.java-validateToken-137] Checking JWT Token
00:41:41.541 INFO  [http-nio-8093-exec-2] [JwtTokenProvider.java-validateToken-139] Valid JWT Token
00:41:41.543 INFO  [http-nio-8093-exec-2] [MethodCallMonitorAspect.java-methodCallLog-21] [AOP] 호출 함수 확인
00:41:41.543 INFO  [http-nio-8093-exec-2] [MethodCallMonitorAspect.java-methodCallLog-24] 함수 : getAccountInfo, 파라미터 : null
00:41:41.543 INFO  [http-nio-8093-exec-2] [TimeMonitorAspect.java-logTime-20] [AOP] 함수 실행 시간 로깅
00:41:41.543 INFO  [http-nio-8093-exec-2] [MemberController.java-getAccountInfo-107] [Member] 마이페이지에 조회될 로그인 회원 정보
00:41:41.543 INFO  [http-nio-8093-exec-2] [MemberService.java-getAccountInfo-346] 마이페이지에 조회될 로그인 회원 정보 조회 service
00:41:41.543 INFO  [http-nio-8093-exec-2] [JwtTokenProvider.java-validateToken-134] validateToken 함수 진입 : 토큰 Provider 에서 검증할 토큰을 가지고 왔는지 확인
00:41:41.543 INFO  [http-nio-8093-exec-2] [JwtTokenProvider.java-validateToken-137] Checking JWT Token
00:41:41.544 INFO  [http-nio-8093-exec-2] [JwtTokenProvider.java-validateToken-139] Valid JWT Token
00:41:41.544 INFO  [http-nio-8093-exec-2] [JwtTokenProvider.java-getMemberFromAuthentication-119] authentication 계정 이메일 아이디 - wlstpgns51@naver.com
00:41:41.547 INFO  [http-nio-8093-exec-2] [TimeMonitorAspect.java-logTime-32] ResponseEntity sh.user.supportershighuserbackend.member.controller.MemberController.getAccountInfo(HttpServletRequest) 실행 시간 : 4 ms
00:41:41.547 INFO  [http-nio-8093-exec-2] [MethodCallMonitorAspect.java-methodCallLog-32] getAccountInfo 함수 정상 반환 데이터 : public class org.springframework.http.ResponseEntity<T>
00:41:41.661 INFO  [http-nio-8093-exec-4] [JwtTokenProvider.java-validateToken-134] validateToken 함수 진입 : 토큰 Provider 에서 검증할 토큰을 가지고 왔는지 확인
00:41:41.661 INFO  [http-nio-8093-exec-4] [JwtTokenProvider.java-validateToken-137] Checking JWT Token
00:41:41.662 INFO  [http-nio-8093-exec-4] [JwtTokenProvider.java-validateToken-139] Valid JWT Token
00:41:41.663 INFO  [http-nio-8093-exec-4] [MethodCallMonitorAspect.java-methodCallLog-21] [AOP] 호출 함수 확인
00:41:41.664 INFO  [http-nio-8093-exec-4] [MethodCallMonitorAspect.java-methodCallLog-24] 함수 : getAllLeague, 파라미터 : null
00:41:41.664 INFO  [http-nio-8093-exec-4] [TimeMonitorAspect.java-logTime-20] [AOP] 함수 실행 시간 로깅
00:41:41.664 INFO  [http-nio-8093-exec-4] [LeagueController.java-getAllLeague-30] [League] 회원가입 시 선택할 수 있도록 전체 리그 정보 호출
00:41:41.664 INFO  [http-nio-8093-exec-4] [LeagueService.java-getAllLeague-26] 회원가입 전체 리그 정보 호출 service
00:41:41.666 INFO  [http-nio-8093-exec-4] [TimeMonitorAspect.java-logTime-32] ResponseEntity sh.user.supportershighuserbackend.league.controller.LeagueController.getAllLeague(HttpServletRequest) 실행 시간 : 2 ms
00:41:41.666 INFO  [http-nio-8093-exec-4] [MethodCallMonitorAspect.java-methodCallLog-32] getAllLeague 함수 정상 반환 데이터 : public class org.springframework.http.ResponseEntity<T>
00:41:58.827 INFO  [http-nio-8093-exec-6] [JwtTokenProvider.java-validateToken-134] validateToken 함수 진입 : 토큰 Provider 에서 검증할 토큰을 가지고 왔는지 확인
00:41:58.827 INFO  [http-nio-8093-exec-6] [JwtTokenProvider.java-validateToken-137] Checking JWT Token
00:41:58.828 INFO  [http-nio-8093-exec-6] [JwtTokenProvider.java-validateToken-139] Valid JWT Token
00:41:58.830 INFO  [http-nio-8093-exec-6] [MethodCallMonitorAspect.java-methodCallLog-21] [AOP] 호출 함수 확인
00:41:58.830 INFO  [http-nio-8093-exec-6] [MethodCallMonitorAspect.java-methodCallLog-24] 함수 : getAccountInfo, 파라미터 : null
00:41:58.830 INFO  [http-nio-8093-exec-6] [TimeMonitorAspect.java-logTime-20] [AOP] 함수 실행 시간 로깅
00:41:58.830 INFO  [http-nio-8093-exec-6] [MemberController.java-getAccountInfo-107] [Member] 마이페이지에 조회될 로그인 회원 정보
00:41:58.830 INFO  [http-nio-8093-exec-6] [MemberService.java-getAccountInfo-346] 마이페이지에 조회될 로그인 회원 정보 조회 service
00:41:58.830 INFO  [http-nio-8093-exec-6] [JwtTokenProvider.java-validateToken-134] validateToken 함수 진입 : 토큰 Provider 에서 검증할 토큰을 가지고 왔는지 확인
00:41:58.830 INFO  [http-nio-8093-exec-6] [JwtTokenProvider.java-validateToken-137] Checking JWT Token
00:41:58.831 INFO  [http-nio-8093-exec-6] [JwtTokenProvider.java-validateToken-139] Valid JWT Token
00:41:58.831 INFO  [http-nio-8093-exec-6] [JwtTokenProvider.java-getMemberFromAuthentication-119] authentication 계정 이메일 아이디 - wlstpgns51@naver.com
00:41:58.835 INFO  [http-nio-8093-exec-6] [TimeMonitorAspect.java-logTime-32] ResponseEntity sh.user.supportershighuserbackend.member.controller.MemberController.getAccountInfo(HttpServletRequest) 실행 시간 : 5 ms
00:41:58.835 INFO  [http-nio-8093-exec-6] [MethodCallMonitorAspect.java-methodCallLog-32] getAccountInfo 함수 정상 반환 데이터 : public class org.springframework.http.ResponseEntity<T>
00:41:58.946 INFO  [http-nio-8093-exec-8] [JwtTokenProvider.java-validateToken-134] validateToken 함수 진입 : 토큰 Provider 에서 검증할 토큰을 가지고 왔는지 확인
00:41:58.946 INFO  [http-nio-8093-exec-8] [JwtTokenProvider.java-validateToken-137] Checking JWT Token
00:41:58.947 INFO  [http-nio-8093-exec-8] [JwtTokenProvider.java-validateToken-139] Valid JWT Token
00:41:58.948 INFO  [http-nio-8093-exec-8] [MethodCallMonitorAspect.java-methodCallLog-21] [AOP] 호출 함수 확인
00:41:58.948 INFO  [http-nio-8093-exec-8] [MethodCallMonitorAspect.java-methodCallLog-24] 함수 : getAllLeague, 파라미터 : null
00:41:58.948 INFO  [http-nio-8093-exec-8] [TimeMonitorAspect.java-logTime-20] [AOP] 함수 실행 시간 로깅
00:41:58.948 INFO  [http-nio-8093-exec-8] [LeagueController.java-getAllLeague-30] [League] 회원가입 시 선택할 수 있도록 전체 리그 정보 호출
00:41:58.948 INFO  [http-nio-8093-exec-8] [LeagueService.java-getAllLeague-26] 회원가입 전체 리그 정보 호출 service
00:41:58.950 INFO  [http-nio-8093-exec-8] [TimeMonitorAspect.java-logTime-32] ResponseEntity sh.user.supportershighuserbackend.league.controller.LeagueController.getAllLeague(HttpServletRequest) 실행 시간 : 2 ms
00:41:58.951 INFO  [http-nio-8093-exec-8] [MethodCallMonitorAspect.java-methodCallLog-32] getAllLeague 함수 정상 반환 데이터 : public class org.springframework.http.ResponseEntity<T>
00:42:23.940 INFO  [http-nio-8093-exec-10] [JwtTokenProvider.java-validateToken-134] validateToken 함수 진입 : 토큰 Provider 에서 검증할 토큰을 가지고 왔는지 확인
00:42:23.940 INFO  [http-nio-8093-exec-10] [JwtTokenProvider.java-validateToken-137] Checking JWT Token
00:42:23.941 INFO  [http-nio-8093-exec-10] [JwtTokenProvider.java-validateToken-139] Valid JWT Token
00:42:23.943 INFO  [http-nio-8093-exec-10] [MethodCallMonitorAspect.java-methodCallLog-21] [AOP] 호출 함수 확인
00:42:23.943 INFO  [http-nio-8093-exec-10] [MethodCallMonitorAspect.java-methodCallLog-24] 함수 : getAccountInfo, 파라미터 : null
00:42:23.943 INFO  [http-nio-8093-exec-10] [TimeMonitorAspect.java-logTime-20] [AOP] 함수 실행 시간 로깅
00:42:23.943 INFO  [http-nio-8093-exec-10] [MemberController.java-getAccountInfo-107] [Member] 마이페이지에 조회될 로그인 회원 정보
00:42:23.943 INFO  [http-nio-8093-exec-10] [MemberService.java-getAccountInfo-346] 마이페이지에 조회될 로그인 회원 정보 조회 service
00:42:23.943 INFO  [http-nio-8093-exec-10] [JwtTokenProvider.java-validateToken-134] validateToken 함수 진입 : 토큰 Provider 에서 검증할 토큰을 가지고 왔는지 확인
00:42:23.943 INFO  [http-nio-8093-exec-10] [JwtTokenProvider.java-validateToken-137] Checking JWT Token
00:42:23.944 INFO  [http-nio-8093-exec-10] [JwtTokenProvider.java-validateToken-139] Valid JWT Token
00:42:23.944 INFO  [http-nio-8093-exec-10] [JwtTokenProvider.java-getMemberFromAuthentication-119] authentication 계정 이메일 아이디 - wlstpgns51@naver.com
00:42:23.947 INFO  [http-nio-8093-exec-10] [TimeMonitorAspect.java-logTime-32] ResponseEntity sh.user.supportershighuserbackend.member.controller.MemberController.getAccountInfo(HttpServletRequest) 실행 시간 : 4 ms
00:42:23.947 INFO  [http-nio-8093-exec-10] [MethodCallMonitorAspect.java-methodCallLog-32] getAccountInfo 함수 정상 반환 데이터 : public class org.springframework.http.ResponseEntity<T>
00:42:24.059 INFO  [http-nio-8093-exec-2] [JwtTokenProvider.java-validateToken-134] validateToken 함수 진입 : 토큰 Provider 에서 검증할 토큰을 가지고 왔는지 확인
00:42:24.059 INFO  [http-nio-8093-exec-2] [JwtTokenProvider.java-validateToken-137] Checking JWT Token
00:42:24.060 INFO  [http-nio-8093-exec-2] [JwtTokenProvider.java-validateToken-139] Valid JWT Token
00:42:24.061 INFO  [http-nio-8093-exec-2] [MethodCallMonitorAspect.java-methodCallLog-21] [AOP] 호출 함수 확인
00:42:24.061 INFO  [http-nio-8093-exec-2] [MethodCallMonitorAspect.java-methodCallLog-24] 함수 : getAllLeague, 파라미터 : null
00:42:24.062 INFO  [http-nio-8093-exec-2] [TimeMonitorAspect.java-logTime-20] [AOP] 함수 실행 시간 로깅
00:42:24.062 INFO  [http-nio-8093-exec-2] [LeagueController.java-getAllLeague-30] [League] 회원가입 시 선택할 수 있도록 전체 리그 정보 호출
00:42:24.062 INFO  [http-nio-8093-exec-2] [LeagueService.java-getAllLeague-26] 회원가입 전체 리그 정보 호출 service
00:42:24.063 INFO  [http-nio-8093-exec-2] [TimeMonitorAspect.java-logTime-32] ResponseEntity sh.user.supportershighuserbackend.league.controller.LeagueController.getAllLeague(HttpServletRequest) 실행 시간 : 1 ms
00:42:24.063 INFO  [http-nio-8093-exec-2] [MethodCallMonitorAspect.java-methodCallLog-32] getAllLeague 함수 정상 반환 데이터 : public class org.springframework.http.ResponseEntity<T>
00:42:37.557 INFO  [http-nio-8093-exec-4] [JwtTokenProvider.java-validateToken-134] validateToken 함수 진입 : 토큰 Provider 에서 검증할 토큰을 가지고 왔는지 확인
00:42:37.558 INFO  [http-nio-8093-exec-4] [JwtTokenProvider.java-validateToken-137] Checking JWT Token
00:42:37.558 INFO  [http-nio-8093-exec-4] [JwtTokenProvider.java-validateToken-139] Valid JWT Token
00:42:37.559 INFO  [http-nio-8093-exec-4] [MethodCallMonitorAspect.java-methodCallLog-21] [AOP] 호출 함수 확인
00:42:37.560 INFO  [http-nio-8093-exec-4] [MethodCallMonitorAspect.java-methodCallLog-24] 함수 : getAccountInfo, 파라미터 : null
00:42:37.560 INFO  [http-nio-8093-exec-4] [TimeMonitorAspect.java-logTime-20] [AOP] 함수 실행 시간 로깅
00:42:37.560 INFO  [http-nio-8093-exec-4] [MemberController.java-getAccountInfo-107] [Member] 마이페이지에 조회될 로그인 회원 정보
00:42:37.560 INFO  [http-nio-8093-exec-4] [MemberService.java-getAccountInfo-346] 마이페이지에 조회될 로그인 회원 정보 조회 service
00:42:37.560 INFO  [http-nio-8093-exec-4] [JwtTokenProvider.java-validateToken-134] validateToken 함수 진입 : 토큰 Provider 에서 검증할 토큰을 가지고 왔는지 확인
00:42:37.560 INFO  [http-nio-8093-exec-4] [JwtTokenProvider.java-validateToken-137] Checking JWT Token
00:42:37.562 INFO  [http-nio-8093-exec-4] [JwtTokenProvider.java-validateToken-139] Valid JWT Token
00:42:37.562 INFO  [http-nio-8093-exec-4] [JwtTokenProvider.java-getMemberFromAuthentication-119] authentication 계정 이메일 아이디 - wlstpgns51@naver.com
00:42:37.565 INFO  [http-nio-8093-exec-4] [TimeMonitorAspect.java-logTime-32] ResponseEntity sh.user.supportershighuserbackend.member.controller.MemberController.getAccountInfo(HttpServletRequest) 실행 시간 : 5 ms
00:42:37.565 INFO  [http-nio-8093-exec-4] [MethodCallMonitorAspect.java-methodCallLog-32] getAccountInfo 함수 정상 반환 데이터 : public class org.springframework.http.ResponseEntity<T>
00:42:37.680 INFO  [http-nio-8093-exec-6] [JwtTokenProvider.java-validateToken-134] validateToken 함수 진입 : 토큰 Provider 에서 검증할 토큰을 가지고 왔는지 확인
00:42:37.680 INFO  [http-nio-8093-exec-6] [JwtTokenProvider.java-validateToken-137] Checking JWT Token
00:42:37.681 INFO  [http-nio-8093-exec-6] [JwtTokenProvider.java-validateToken-139] Valid JWT Token
00:42:37.682 INFO  [http-nio-8093-exec-6] [MethodCallMonitorAspect.java-methodCallLog-21] [AOP] 호출 함수 확인
00:42:37.682 INFO  [http-nio-8093-exec-6] [MethodCallMonitorAspect.java-methodCallLog-24] 함수 : getAllLeague, 파라미터 : null
00:42:37.682 INFO  [http-nio-8093-exec-6] [TimeMonitorAspect.java-logTime-20] [AOP] 함수 실행 시간 로깅
00:42:37.682 INFO  [http-nio-8093-exec-6] [LeagueController.java-getAllLeague-30] [League] 회원가입 시 선택할 수 있도록 전체 리그 정보 호출
00:42:37.682 INFO  [http-nio-8093-exec-6] [LeagueService.java-getAllLeague-26] 회원가입 전체 리그 정보 호출 service
00:42:37.684 INFO  [http-nio-8093-exec-6] [TimeMonitorAspect.java-logTime-32] ResponseEntity sh.user.supportershighuserbackend.league.controller.LeagueController.getAllLeague(HttpServletRequest) 실행 시간 : 2 ms
00:42:37.684 INFO  [http-nio-8093-exec-6] [MethodCallMonitorAspect.java-methodCallLog-32] getAllLeague 함수 정상 반환 데이터 : public class org.springframework.http.ResponseEntity<T>
00:45:08.841 INFO  [http-nio-8093-exec-9] [JwtTokenProvider.java-validateToken-134] validateToken 함수 진입 : 토큰 Provider 에서 검증할 토큰을 가지고 왔는지 확인
00:45:08.841 INFO  [http-nio-8093-exec-9] [JwtTokenProvider.java-validateToken-137] Checking JWT Token
00:45:08.843 INFO  [http-nio-8093-exec-9] [JwtTokenProvider.java-validateToken-139] Valid JWT Token
00:45:08.845 INFO  [http-nio-8093-exec-9] [MethodCallMonitorAspect.java-methodCallLog-21] [AOP] 호출 함수 확인
00:45:08.845 INFO  [http-nio-8093-exec-9] [MethodCallMonitorAspect.java-methodCallLog-24] 함수 : getAccountInfo, 파라미터 : null
00:45:08.845 INFO  [http-nio-8093-exec-9] [TimeMonitorAspect.java-logTime-20] [AOP] 함수 실행 시간 로깅
00:45:08.845 INFO  [http-nio-8093-exec-9] [MemberController.java-getAccountInfo-107] [Member] 마이페이지에 조회될 로그인 회원 정보
00:45:08.845 INFO  [http-nio-8093-exec-9] [MemberService.java-getAccountInfo-346] 마이페이지에 조회될 로그인 회원 정보 조회 service
00:45:08.845 INFO  [http-nio-8093-exec-9] [JwtTokenProvider.java-validateToken-134] validateToken 함수 진입 : 토큰 Provider 에서 검증할 토큰을 가지고 왔는지 확인
00:45:08.846 INFO  [http-nio-8093-exec-9] [JwtTokenProvider.java-validateToken-137] Checking JWT Token
00:45:08.847 INFO  [http-nio-8093-exec-9] [JwtTokenProvider.java-validateToken-139] Valid JWT Token
00:45:08.847 INFO  [http-nio-8093-exec-9] [JwtTokenProvider.java-getMemberFromAuthentication-119] authentication 계정 이메일 아이디 - wlstpgns51@naver.com
00:45:08.850 INFO  [http-nio-8093-exec-9] [TimeMonitorAspect.java-logTime-32] ResponseEntity sh.user.supportershighuserbackend.member.controller.MemberController.getAccountInfo(HttpServletRequest) 실행 시간 : 5 ms
00:45:08.851 INFO  [http-nio-8093-exec-9] [MethodCallMonitorAspect.java-methodCallLog-32] getAccountInfo 함수 정상 반환 데이터 : public class org.springframework.http.ResponseEntity<T>
00:45:08.966 INFO  [http-nio-8093-exec-1] [JwtTokenProvider.java-validateToken-134] validateToken 함수 진입 : 토큰 Provider 에서 검증할 토큰을 가지고 왔는지 확인
00:45:08.966 INFO  [http-nio-8093-exec-1] [JwtTokenProvider.java-validateToken-137] Checking JWT Token
00:45:08.967 INFO  [http-nio-8093-exec-1] [JwtTokenProvider.java-validateToken-139] Valid JWT Token
00:45:08.968 INFO  [http-nio-8093-exec-1] [MethodCallMonitorAspect.java-methodCallLog-21] [AOP] 호출 함수 확인
00:45:08.969 INFO  [http-nio-8093-exec-1] [MethodCallMonitorAspect.java-methodCallLog-24] 함수 : getAllLeague, 파라미터 : null
00:45:08.969 INFO  [http-nio-8093-exec-1] [TimeMonitorAspect.java-logTime-20] [AOP] 함수 실행 시간 로깅
00:45:08.969 INFO  [http-nio-8093-exec-1] [LeagueController.java-getAllLeague-30] [League] 회원가입 시 선택할 수 있도록 전체 리그 정보 호출
00:45:08.969 INFO  [http-nio-8093-exec-1] [LeagueService.java-getAllLeague-26] 회원가입 전체 리그 정보 호출 service
00:45:08.971 INFO  [http-nio-8093-exec-1] [TimeMonitorAspect.java-logTime-32] ResponseEntity sh.user.supportershighuserbackend.league.controller.LeagueController.getAllLeague(HttpServletRequest) 실행 시간 : 2 ms
00:45:08.971 INFO  [http-nio-8093-exec-1] [MethodCallMonitorAspect.java-methodCallLog-32] getAllLeague 함수 정상 반환 데이터 : public class org.springframework.http.ResponseEntity<T>
00:45:51.858 INFO  [http-nio-8093-exec-3] [JwtTokenProvider.java-validateToken-134] validateToken 함수 진입 : 토큰 Provider 에서 검증할 토큰을 가지고 왔는지 확인
00:45:51.858 INFO  [http-nio-8093-exec-3] [JwtTokenProvider.java-validateToken-137] Checking JWT Token
00:45:51.859 INFO  [http-nio-8093-exec-3] [JwtTokenProvider.java-validateToken-139] Valid JWT Token
00:45:51.861 INFO  [http-nio-8093-exec-3] [MethodCallMonitorAspect.java-methodCallLog-21] [AOP] 호출 함수 확인
00:45:51.861 INFO  [http-nio-8093-exec-3] [MethodCallMonitorAspect.java-methodCallLog-24] 함수 : getAccountInfo, 파라미터 : null
00:45:51.861 INFO  [http-nio-8093-exec-3] [TimeMonitorAspect.java-logTime-20] [AOP] 함수 실행 시간 로깅
00:45:51.861 INFO  [http-nio-8093-exec-3] [MemberController.java-getAccountInfo-107] [Member] 마이페이지에 조회될 로그인 회원 정보
00:45:51.861 INFO  [http-nio-8093-exec-3] [MemberService.java-getAccountInfo-346] 마이페이지에 조회될 로그인 회원 정보 조회 service
00:45:51.861 INFO  [http-nio-8093-exec-3] [JwtTokenProvider.java-validateToken-134] validateToken 함수 진입 : 토큰 Provider 에서 검증할 토큰을 가지고 왔는지 확인
00:45:51.861 INFO  [http-nio-8093-exec-3] [JwtTokenProvider.java-validateToken-137] Checking JWT Token
00:45:51.863 INFO  [http-nio-8093-exec-3] [JwtTokenProvider.java-validateToken-139] Valid JWT Token
00:45:51.863 INFO  [http-nio-8093-exec-3] [JwtTokenProvider.java-getMemberFromAuthentication-119] authentication 계정 이메일 아이디 - wlstpgns51@naver.com
00:45:51.866 INFO  [http-nio-8093-exec-3] [TimeMonitorAspect.java-logTime-32] ResponseEntity sh.user.supportershighuserbackend.member.controller.MemberController.getAccountInfo(HttpServletRequest) 실행 시간 : 5 ms
00:45:51.866 INFO  [http-nio-8093-exec-3] [MethodCallMonitorAspect.java-methodCallLog-32] getAccountInfo 함수 정상 반환 데이터 : public class org.springframework.http.ResponseEntity<T>
00:45:51.987 INFO  [http-nio-8093-exec-5] [JwtTokenProvider.java-validateToken-134] validateToken 함수 진입 : 토큰 Provider 에서 검증할 토큰을 가지고 왔는지 확인
00:45:51.987 INFO  [http-nio-8093-exec-5] [JwtTokenProvider.java-validateToken-137] Checking JWT Token
00:45:51.988 INFO  [http-nio-8093-exec-5] [JwtTokenProvider.java-validateToken-139] Valid JWT Token
00:45:51.989 INFO  [http-nio-8093-exec-5] [MethodCallMonitorAspect.java-methodCallLog-21] [AOP] 호출 함수 확인
00:45:51.989 INFO  [http-nio-8093-exec-5] [MethodCallMonitorAspect.java-methodCallLog-24] 함수 : getAllLeague, 파라미터 : null
00:45:51.989 INFO  [http-nio-8093-exec-5] [TimeMonitorAspect.java-logTime-20] [AOP] 함수 실행 시간 로깅
00:45:51.989 INFO  [http-nio-8093-exec-5] [LeagueController.java-getAllLeague-30] [League] 회원가입 시 선택할 수 있도록 전체 리그 정보 호출
00:45:51.989 INFO  [http-nio-8093-exec-5] [LeagueService.java-getAllLeague-26] 회원가입 전체 리그 정보 호출 service
00:45:51.991 INFO  [http-nio-8093-exec-5] [TimeMonitorAspect.java-logTime-32] ResponseEntity sh.user.supportershighuserbackend.league.controller.LeagueController.getAllLeague(HttpServletRequest) 실행 시간 : 2 ms
00:45:51.991 INFO  [http-nio-8093-exec-5] [MethodCallMonitorAspect.java-methodCallLog-32] getAllLeague 함수 정상 반환 데이터 : public class org.springframework.http.ResponseEntity<T>
00:46:59.070 INFO  [http-nio-8093-exec-8] [JwtTokenProvider.java-validateToken-134] validateToken 함수 진입 : 토큰 Provider 에서 검증할 토큰을 가지고 왔는지 확인
00:46:59.070 INFO  [http-nio-8093-exec-8] [JwtTokenProvider.java-validateToken-137] Checking JWT Token
00:46:59.071 INFO  [http-nio-8093-exec-8] [JwtTokenProvider.java-validateToken-139] Valid JWT Token
00:46:59.074 INFO  [http-nio-8093-exec-8] [MethodCallMonitorAspect.java-methodCallLog-21] [AOP] 호출 함수 확인
00:46:59.074 INFO  [http-nio-8093-exec-8] [MethodCallMonitorAspect.java-methodCallLog-24] 함수 : getAccountInfo, 파라미터 : null
00:46:59.074 INFO  [http-nio-8093-exec-8] [TimeMonitorAspect.java-logTime-20] [AOP] 함수 실행 시간 로깅
00:46:59.074 INFO  [http-nio-8093-exec-8] [MemberController.java-getAccountInfo-107] [Member] 마이페이지에 조회될 로그인 회원 정보
00:46:59.074 INFO  [http-nio-8093-exec-8] [MemberService.java-getAccountInfo-346] 마이페이지에 조회될 로그인 회원 정보 조회 service
00:46:59.074 INFO  [http-nio-8093-exec-8] [JwtTokenProvider.java-validateToken-134] validateToken 함수 진입 : 토큰 Provider 에서 검증할 토큰을 가지고 왔는지 확인
00:46:59.074 INFO  [http-nio-8093-exec-8] [JwtTokenProvider.java-validateToken-137] Checking JWT Token
00:46:59.075 INFO  [http-nio-8093-exec-8] [JwtTokenProvider.java-validateToken-139] Valid JWT Token
00:46:59.075 INFO  [http-nio-8093-exec-8] [JwtTokenProvider.java-getMemberFromAuthentication-119] authentication 계정 이메일 아이디 - wlstpgns51@naver.com
00:46:59.078 INFO  [http-nio-8093-exec-8] [TimeMonitorAspect.java-logTime-32] ResponseEntity sh.user.supportershighuserbackend.member.controller.MemberController.getAccountInfo(HttpServletRequest) 실행 시간 : 4 ms
00:46:59.078 INFO  [http-nio-8093-exec-8] [MethodCallMonitorAspect.java-methodCallLog-32] getAccountInfo 함수 정상 반환 데이터 : public class org.springframework.http.ResponseEntity<T>
00:46:59.190 INFO  [http-nio-8093-exec-10] [JwtTokenProvider.java-validateToken-134] validateToken 함수 진입 : 토큰 Provider 에서 검증할 토큰을 가지고 왔는지 확인
00:46:59.190 INFO  [http-nio-8093-exec-10] [JwtTokenProvider.java-validateToken-137] Checking JWT Token
00:46:59.191 INFO  [http-nio-8093-exec-10] [JwtTokenProvider.java-validateToken-139] Valid JWT Token
00:46:59.192 INFO  [http-nio-8093-exec-10] [MethodCallMonitorAspect.java-methodCallLog-21] [AOP] 호출 함수 확인
00:46:59.192 INFO  [http-nio-8093-exec-10] [MethodCallMonitorAspect.java-methodCallLog-24] 함수 : getAllLeague, 파라미터 : null
00:46:59.193 INFO  [http-nio-8093-exec-10] [TimeMonitorAspect.java-logTime-20] [AOP] 함수 실행 시간 로깅
00:46:59.193 INFO  [http-nio-8093-exec-10] [LeagueController.java-getAllLeague-30] [League] 회원가입 시 선택할 수 있도록 전체 리그 정보 호출
00:46:59.193 INFO  [http-nio-8093-exec-10] [LeagueService.java-getAllLeague-26] 회원가입 전체 리그 정보 호출 service
00:46:59.194 INFO  [http-nio-8093-exec-10] [TimeMonitorAspect.java-logTime-32] ResponseEntity sh.user.supportershighuserbackend.league.controller.LeagueController.getAllLeague(HttpServletRequest) 실행 시간 : 1 ms
00:46:59.194 INFO  [http-nio-8093-exec-10] [MethodCallMonitorAspect.java-methodCallLog-32] getAllLeague 함수 정상 반환 데이터 : public class org.springframework.http.ResponseEntity<T>
00:47:45.019 INFO  [http-nio-8093-exec-2] [JwtTokenProvider.java-validateToken-134] validateToken 함수 진입 : 토큰 Provider 에서 검증할 토큰을 가지고 왔는지 확인
00:47:45.019 INFO  [http-nio-8093-exec-2] [JwtTokenProvider.java-validateToken-137] Checking JWT Token
00:47:45.021 INFO  [http-nio-8093-exec-2] [JwtTokenProvider.java-validateToken-139] Valid JWT Token
00:47:45.022 INFO  [http-nio-8093-exec-2] [MethodCallMonitorAspect.java-methodCallLog-21] [AOP] 호출 함수 확인
00:47:45.023 INFO  [http-nio-8093-exec-2] [MethodCallMonitorAspect.java-methodCallLog-24] 함수 : getAccountInfo, 파라미터 : null
00:47:45.023 INFO  [http-nio-8093-exec-2] [TimeMonitorAspect.java-logTime-20] [AOP] 함수 실행 시간 로깅
00:47:45.023 INFO  [http-nio-8093-exec-2] [MemberController.java-getAccountInfo-107] [Member] 마이페이지에 조회될 로그인 회원 정보
00:47:45.023 INFO  [http-nio-8093-exec-2] [MemberService.java-getAccountInfo-346] 마이페이지에 조회될 로그인 회원 정보 조회 service
00:47:45.023 INFO  [http-nio-8093-exec-2] [JwtTokenProvider.java-validateToken-134] validateToken 함수 진입 : 토큰 Provider 에서 검증할 토큰을 가지고 왔는지 확인
00:47:45.023 INFO  [http-nio-8093-exec-2] [JwtTokenProvider.java-validateToken-137] Checking JWT Token
00:47:45.025 INFO  [http-nio-8093-exec-2] [JwtTokenProvider.java-validateToken-139] Valid JWT Token
00:47:45.025 INFO  [http-nio-8093-exec-2] [JwtTokenProvider.java-getMemberFromAuthentication-119] authentication 계정 이메일 아이디 - wlstpgns51@naver.com
00:47:45.029 INFO  [http-nio-8093-exec-2] [TimeMonitorAspect.java-logTime-32] ResponseEntity sh.user.supportershighuserbackend.member.controller.MemberController.getAccountInfo(HttpServletRequest) 실행 시간 : 6 ms
00:47:45.029 INFO  [http-nio-8093-exec-2] [MethodCallMonitorAspect.java-methodCallLog-32] getAccountInfo 함수 정상 반환 데이터 : public class org.springframework.http.ResponseEntity<T>
00:47:45.158 INFO  [http-nio-8093-exec-4] [JwtTokenProvider.java-validateToken-134] validateToken 함수 진입 : 토큰 Provider 에서 검증할 토큰을 가지고 왔는지 확인
00:47:45.158 INFO  [http-nio-8093-exec-4] [JwtTokenProvider.java-validateToken-137] Checking JWT Token
00:47:45.159 INFO  [http-nio-8093-exec-4] [JwtTokenProvider.java-validateToken-139] Valid JWT Token
00:47:45.161 INFO  [http-nio-8093-exec-4] [MethodCallMonitorAspect.java-methodCallLog-21] [AOP] 호출 함수 확인
00:47:45.161 INFO  [http-nio-8093-exec-4] [MethodCallMonitorAspect.java-methodCallLog-24] 함수 : getAllLeague, 파라미터 : null
00:47:45.161 INFO  [http-nio-8093-exec-4] [TimeMonitorAspect.java-logTime-20] [AOP] 함수 실행 시간 로깅
00:47:45.161 INFO  [http-nio-8093-exec-4] [LeagueController.java-getAllLeague-30] [League] 회원가입 시 선택할 수 있도록 전체 리그 정보 호출
00:47:45.161 INFO  [http-nio-8093-exec-4] [LeagueService.java-getAllLeague-26] 회원가입 전체 리그 정보 호출 service
00:47:45.163 INFO  [http-nio-8093-exec-4] [TimeMonitorAspect.java-logTime-32] ResponseEntity sh.user.supportershighuserbackend.league.controller.LeagueController.getAllLeague(HttpServletRequest) 실행 시간 : 2 ms
00:47:45.163 INFO  [http-nio-8093-exec-4] [MethodCallMonitorAspect.java-methodCallLog-32] getAllLeague 함수 정상 반환 데이터 : public class org.springframework.http.ResponseEntity<T>
00:48:36.847 INFO  [http-nio-8093-exec-6] [JwtTokenProvider.java-validateToken-134] validateToken 함수 진입 : 토큰 Provider 에서 검증할 토큰을 가지고 왔는지 확인
00:48:36.847 INFO  [http-nio-8093-exec-6] [JwtTokenProvider.java-validateToken-137] Checking JWT Token
00:48:36.848 INFO  [http-nio-8093-exec-6] [JwtTokenProvider.java-validateToken-139] Valid JWT Token
00:48:36.851 INFO  [http-nio-8093-exec-6] [MethodCallMonitorAspect.java-methodCallLog-21] [AOP] 호출 함수 확인
00:48:36.851 INFO  [http-nio-8093-exec-6] [MethodCallMonitorAspect.java-methodCallLog-24] 함수 : getAccountInfo, 파라미터 : null
00:48:36.851 INFO  [http-nio-8093-exec-6] [TimeMonitorAspect.java-logTime-20] [AOP] 함수 실행 시간 로깅
00:48:36.851 INFO  [http-nio-8093-exec-6] [MemberController.java-getAccountInfo-107] [Member] 마이페이지에 조회될 로그인 회원 정보
00:48:36.852 INFO  [http-nio-8093-exec-6] [MemberService.java-getAccountInfo-346] 마이페이지에 조회될 로그인 회원 정보 조회 service
00:48:36.852 INFO  [http-nio-8093-exec-6] [JwtTokenProvider.java-validateToken-134] validateToken 함수 진입 : 토큰 Provider 에서 검증할 토큰을 가지고 왔는지 확인
00:48:36.852 INFO  [http-nio-8093-exec-6] [JwtTokenProvider.java-validateToken-137] Checking JWT Token
00:48:36.853 INFO  [http-nio-8093-exec-6] [JwtTokenProvider.java-validateToken-139] Valid JWT Token
00:48:36.853 INFO  [http-nio-8093-exec-6] [JwtTokenProvider.java-getMemberFromAuthentication-119] authentication 계정 이메일 아이디 - wlstpgns51@naver.com
00:48:36.855 INFO  [http-nio-8093-exec-6] [TimeMonitorAspect.java-logTime-32] ResponseEntity sh.user.supportershighuserbackend.member.controller.MemberController.getAccountInfo(HttpServletRequest) 실행 시간 : 4 ms
00:48:36.855 INFO  [http-nio-8093-exec-6] [MethodCallMonitorAspect.java-methodCallLog-32] getAccountInfo 함수 정상 반환 데이터 : public class org.springframework.http.ResponseEntity<T>
00:48:37.056 INFO  [http-nio-8093-exec-8] [JwtTokenProvider.java-validateToken-134] validateToken 함수 진입 : 토큰 Provider 에서 검증할 토큰을 가지고 왔는지 확인
00:48:37.056 INFO  [http-nio-8093-exec-8] [JwtTokenProvider.java-validateToken-137] Checking JWT Token
00:48:37.057 INFO  [http-nio-8093-exec-8] [JwtTokenProvider.java-validateToken-139] Valid JWT Token
00:48:37.058 INFO  [http-nio-8093-exec-8] [MethodCallMonitorAspect.java-methodCallLog-21] [AOP] 호출 함수 확인
00:48:37.058 INFO  [http-nio-8093-exec-8] [MethodCallMonitorAspect.java-methodCallLog-24] 함수 : getAllLeague, 파라미터 : null
00:48:37.058 INFO  [http-nio-8093-exec-8] [TimeMonitorAspect.java-logTime-20] [AOP] 함수 실행 시간 로깅
00:48:37.058 INFO  [http-nio-8093-exec-8] [LeagueController.java-getAllLeague-30] [League] 회원가입 시 선택할 수 있도록 전체 리그 정보 호출
00:48:37.058 INFO  [http-nio-8093-exec-8] [LeagueService.java-getAllLeague-26] 회원가입 전체 리그 정보 호출 service
00:48:37.060 INFO  [http-nio-8093-exec-8] [TimeMonitorAspect.java-logTime-32] ResponseEntity sh.user.supportershighuserbackend.league.controller.LeagueController.getAllLeague(HttpServletRequest) 실행 시간 : 2 ms
00:48:37.060 INFO  [http-nio-8093-exec-8] [MethodCallMonitorAspect.java-methodCallLog-32] getAllLeague 함수 정상 반환 데이터 : public class org.springframework.http.ResponseEntity<T>
01:00:17.387 INFO  [SpringApplicationShutdownHook] [CloseEventListener.java-onApplicationEvent-15] CloseEventListener!!
01:00:17.389 INFO  [SpringApplicationShutdownHook] [GracefulShutdown.java-shutDownGracefully-54] Commencing graceful shutdown. Waiting for active requests to complete
01:00:17.392 INFO  [tomcat-shutdown] [GracefulShutdown.java-doShutdown-76] Graceful shutdown complete
01:00:17.413 INFO  [SpringApplicationShutdownHook] [AbstractEntityManagerFactoryBean.java-destroy-660] Closing JPA EntityManagerFactory for persistence unit 'default'
01:00:17.415 INFO  [SpringApplicationShutdownHook] [HikariDataSource.java-close-349] HikariPool-1 - Shutdown initiated...
01:00:17.417 INFO  [SpringApplicationShutdownHook] [HikariDataSource.java-close-351] HikariPool-1 - Shutdown completed.
01:00:24.121 INFO  [background-preinit] [Version.java-<clinit>-21] HV000001: Hibernate Validator 8.0.2.Final
01:00:24.144 INFO  [restartedMain] [StartupInfoLogger.java-logStarting-53] Starting SupportershighUserBackendApplication using Java 24.0.1 with PID 26644 (E:\Development\BackEnd\fillo-user-backend\out\production\classes started by user in E:\Development\BackEnd\fillo-user-backend)
01:00:24.145 INFO  [restartedMain] [SpringApplication.java-logStartupProfileInfo-652] No active profile set, falling back to 1 default profile: "default"
01:00:24.172 INFO  [restartedMain] [DeferredLog.java-logTo-252] Devtools property defaults active! Set 'spring.devtools.add-properties' to 'false' to disable
01:00:24.172 INFO  [restartedMain] [DeferredLog.java-logTo-252] For additional web related logging consider setting the 'logging.level.web' property to 'DEBUG'
01:00:24.630 INFO  [restartedMain] [RepositoryConfigurationDelegate.java-multipleStoresDetected-294] Multiple Spring Data modules found, entering strict repository configuration mode
01:00:24.631 INFO  [restartedMain] [RepositoryConfigurationDelegate.java-registerRepositoriesIn-145] Bootstrapping Spring Data JDBC repositories in DEFAULT mode.
01:00:24.657 INFO  [restartedMain] [RepositoryConfigurationExtensionSupport.java-isStrictRepositoryCandidate-327] Spring Data JDBC - Could not safely identify store assignment for repository candidate interface sh.user.supportershighuserbackend.jwt.repository.JwtTokenRepository; If you want this repository to be a JDBC repository, consider annotating your entities with one of these annotations: org.springframework.data.relational.core.mapping.Table.
01:00:24.709 INFO  [restartedMain] [RepositoryConfigurationExtensionSupport.java-isStrictRepositoryCandidate-327] Spring Data JDBC - Could not safely identify store assignment for repository candidate interface sh.user.supportershighuserbackend.media.repository.MediaRepository; If you want this repository to be a JDBC repository, consider annotating your entities with one of these annotations: org.springframework.data.relational.core.mapping.Table.
01:00:24.723 INFO  [restartedMain] [RepositoryConfigurationDelegate.java-registerRepositoriesIn-213] Finished Spring Data repository scanning in 88 ms. Found 3 JDBC repository interfaces.
01:00:24.728 INFO  [restartedMain] [RepositoryConfigurationDelegate.java-multipleStoresDetected-294] Multiple Spring Data modules found, entering strict repository configuration mode
01:00:24.729 INFO  [restartedMain] [RepositoryConfigurationDelegate.java-registerRepositoriesIn-145] Bootstrapping Spring Data JPA repositories in DEFAULT mode.
01:00:24.743 INFO  [restartedMain] [DefaultListableBeanFactory.java-logBeanDefinitionOverriding-1334] Overriding bean definition for bean 'leagueRepository' with a different definition: replacing [Root bean: class=org.springframework.data.jdbc.repository.support.JdbcRepositoryFactoryBean; scope=; abstract=false; lazyInit=false; autowireMode=0; dependencyCheck=0; autowireCandidate=true; primary=false; fallback=false; factoryBeanName=null; factoryMethodName=null; initMethodNames=null; destroyMethodNames=null; defined in sh.user.supportershighuserbackend.league.repository.LeagueRepository defined in @EnableJdbcRepositories declared on JdbcRepositoriesRegistrar.EnableJdbcRepositoriesConfiguration] with [Root bean: class=org.springframework.data.jpa.repository.support.JpaRepositoryFactoryBean; scope=; abstract=false; lazyInit=false; autowireMode=0; dependencyCheck=0; autowireCandidate=true; primary=false; fallback=false; factoryBeanName=null; factoryMethodName=null; initMethodNames=null; destroyMethodNames=null; defined in sh.user.supportershighuserbackend.league.repository.LeagueRepository defined in @EnableJpaRepositories declared on JpaRepositoriesRegistrar.EnableJpaRepositoriesConfiguration]
01:00:24.743 INFO  [restartedMain] [DefaultListableBeanFactory.java-logBeanDefinitionOverriding-1334] Overriding bean definition for bean 'memberRepository' with a different definition: replacing [Root bean: class=org.springframework.data.jdbc.repository.support.JdbcRepositoryFactoryBean; scope=; abstract=false; lazyInit=false; autowireMode=0; dependencyCheck=0; autowireCandidate=true; primary=false; fallback=false; factoryBeanName=null; factoryMethodName=null; initMethodNames=null; destroyMethodNames=null; defined in sh.user.supportershighuserbackend.member.repository.MemberRepository defined in @EnableJdbcRepositories declared on JdbcRepositoriesRegistrar.EnableJdbcRepositoriesConfiguration] with [Root bean: class=org.springframework.data.jpa.repository.support.JpaRepositoryFactoryBean; scope=; abstract=false; lazyInit=false; autowireMode=0; dependencyCheck=0; autowireCandidate=true; primary=false; fallback=false; factoryBeanName=null; factoryMethodName=null; initMethodNames=null; destroyMethodNames=null; defined in sh.user.supportershighuserbackend.member.repository.MemberRepository defined in @EnableJpaRepositories declared on JpaRepositoriesRegistrar.EnableJpaRepositoriesConfiguration]
01:00:24.744 INFO  [restartedMain] [DefaultListableBeanFactory.java-logBeanDefinitionOverriding-1334] Overriding bean definition for bean 'teamRepository' with a different definition: replacing [Root bean: class=org.springframework.data.jdbc.repository.support.JdbcRepositoryFactoryBean; scope=; abstract=false; lazyInit=false; autowireMode=0; dependencyCheck=0; autowireCandidate=true; primary=false; fallback=false; factoryBeanName=null; factoryMethodName=null; initMethodNames=null; destroyMethodNames=null; defined in sh.user.supportershighuserbackend.team.repository.TeamRepository defined in @EnableJdbcRepositories declared on JdbcRepositoriesRegistrar.EnableJdbcRepositoriesConfiguration] with [Root bean: class=org.springframework.data.jpa.repository.support.JpaRepositoryFactoryBean; scope=; abstract=false; lazyInit=false; autowireMode=0; dependencyCheck=0; autowireCandidate=true; primary=false; fallback=false; factoryBeanName=null; factoryMethodName=null; initMethodNames=null; destroyMethodNames=null; defined in sh.user.supportershighuserbackend.team.repository.TeamRepository defined in @EnableJpaRepositories declared on JpaRepositoriesRegistrar.EnableJpaRepositoriesConfiguration]
01:00:24.744 INFO  [restartedMain] [RepositoryConfigurationDelegate.java-registerRepositoriesIn-213] Finished Spring Data repository scanning in 12 ms. Found 5 JPA repository interfaces.
01:00:25.165 INFO  [restartedMain] [TomcatWebServer.java-initialize-111] Tomcat initialized with port 8093 (http)
01:00:25.172 INFO  [restartedMain] [DirectJDKLog.java-log-168] Initializing ProtocolHandler ["http-nio-8093"]
01:00:25.173 INFO  [restartedMain] [DirectJDKLog.java-log-168] Starting service [Tomcat]
01:00:25.173 INFO  [restartedMain] [DirectJDKLog.java-log-168] Starting Servlet engine: [Apache Tomcat/10.1.43]
01:00:25.205 INFO  [restartedMain] [DirectJDKLog.java-log-168] Initializing Spring embedded WebApplicationContext
01:00:25.206 INFO  [restartedMain] [ServletWebServerApplicationContext.java-prepareWebApplicationContext-301] Root WebApplicationContext: initialization completed in 1034 ms
01:00:25.313 INFO  [restartedMain] [LogHelper.java-logPersistenceUnitInformation-31] HHH000204: Processing PersistenceUnitInfo [name: default]
01:00:25.345 INFO  [restartedMain] [Version.java-logVersion-44] HHH000412: Hibernate ORM core version 6.6.22.Final
01:00:25.365 INFO  [restartedMain] [RegionFactoryInitiator.java-initiateService-50] HHH000026: Second-level cache disabled
01:00:25.534 INFO  [restartedMain] [SpringPersistenceUnitInfo.java-addTransformer-87] No LoadTimeWeaver setup: ignoring JPA class transformer
01:00:25.551 WARN  [restartedMain] [HikariConfig.java-validateNumerics-1109] HikariPool-1 - keepaliveTime is greater than or equal to maxLifetime, disabling it.
01:00:25.552 INFO  [restartedMain] [HikariDataSource.java-getConnection-109] HikariPool-1 - Starting...
01:00:25.756 INFO  [restartedMain] [HikariPool.java-checkFailFast-580] HikariPool-1 - Added connection com.mysql.cj.jdbc.ConnectionImpl@1d012e57
01:00:25.758 INFO  [restartedMain] [HikariDataSource.java-getConnection-122] HikariPool-1 - Start completed.
01:00:25.792 INFO  [restartedMain] [JdbcEnvironmentInitiator.java-logConnectionInfo-163] HHH10001005: Database info:
	Database JDBC URL [Connecting through datasource 'HikariDataSource (HikariPool-1)']
	Database driver: undefined/unknown
	Database version: 8.0.34
	Autocommit mode: undefined/unknown
	Isolation level: undefined/unknown
	Minimum pool size: undefined/unknown
	Maximum pool size: undefined/unknown
01:00:25.795 DEBUG [restartedMain] [DdlTypeRegistry.java-addDescriptor-64] addDescriptor(12, org.hibernate.type.descriptor.sql.internal.CapacityDependentDdlType@1de51405) replaced previous registration(org.hibernate.type.descriptor.sql.internal.CapacityDependentDdlType@7b872613)
01:00:25.796 DEBUG [restartedMain] [DdlTypeRegistry.java-addDescriptor-64] addDescriptor(-9, org.hibernate.type.descriptor.sql.internal.CapacityDependentDdlType@9627642) replaced previous registration(org.hibernate.type.descriptor.sql.internal.CapacityDependentDdlType@394b1681)
01:00:25.796 DEBUG [restartedMain] [DdlTypeRegistry.java-addDescriptor-64] addDescriptor(-3, org.hibernate.type.descriptor.sql.internal.CapacityDependentDdlType@cbb6891) replaced previous registration(org.hibernate.type.descriptor.sql.internal.CapacityDependentDdlType@4e4e70ab)
01:00:25.796 DEBUG [restartedMain] [DdlTypeRegistry.java-addDescriptor-64] addDescriptor(4003, org.hibernate.type.descriptor.sql.internal.DdlTypeImpl@5404df46) replaced previous registration(org.hibernate.type.descriptor.sql.internal.DdlTypeImpl@359a3459)
01:00:25.796 DEBUG [restartedMain] [DdlTypeRegistry.java-addDescriptor-64] addDescriptor(4001, org.hibernate.type.descriptor.sql.internal.DdlTypeImpl@62322d9b) replaced previous registration(org.hibernate.type.descriptor.sql.internal.DdlTypeImpl@5f44c25e)
01:00:25.796 DEBUG [restartedMain] [DdlTypeRegistry.java-addDescriptor-64] addDescriptor(4002, org.hibernate.type.descriptor.sql.internal.DdlTypeImpl@2dc8c81f) replaced previous registration(org.hibernate.type.descriptor.sql.internal.DdlTypeImpl@49141903)
01:00:25.796 DEBUG [restartedMain] [DdlTypeRegistry.java-addDescriptor-64] addDescriptor(2004, org.hibernate.type.descriptor.sql.internal.CapacityDependentDdlType@3ab9bb4f) replaced previous registration(org.hibernate.type.descriptor.sql.internal.DdlTypeImpl@4316c874)
01:00:25.796 DEBUG [restartedMain] [DdlTypeRegistry.java-addDescriptor-64] addDescriptor(2005, org.hibernate.type.descriptor.sql.internal.CapacityDependentDdlType@28757839) replaced previous registration(org.hibernate.type.descriptor.sql.internal.DdlTypeImpl@4140b035)
01:00:25.796 DEBUG [restartedMain] [DdlTypeRegistry.java-addDescriptor-64] addDescriptor(2011, org.hibernate.type.descriptor.sql.internal.CapacityDependentDdlType@36541891) replaced previous registration(org.hibernate.type.descriptor.sql.internal.DdlTypeImpl@43f42347)
01:00:26.310 INFO  [restartedMain] [JtaPlatformInitiator.java-initiateService-59] HHH000489: No JTA platform available (set 'hibernate.transaction.jta.platform' to enable JTA platform integration)
01:00:26.512 INFO  [restartedMain] [AbstractEntityManagerFactoryBean.java-buildNativeEntityManagerFactory-447] Initialized JPA EntityManagerFactory for persistence unit 'default'
01:00:26.815 WARN  [restartedMain] [JpaBaseConfiguration.java-openEntityManagerInViewInterceptor-258] spring.jpa.open-in-view is enabled by default. Therefore, database queries may be performed during view rendering. Explicitly configure spring.jpa.open-in-view to disable this warning
01:00:26.943 INFO  [restartedMain] [InitializeUserDetailsBeanManagerConfigurer.java-configure-110] Global AuthenticationManager configured with UserDetailsService bean with name userDetailsServiceImpl
01:00:26.971 INFO  [restartedMain] [SecurityConfig.java-securityFilterChain-38] [ LOCAL ] Security Active
01:00:27.006 WARN  [restartedMain] [CglibAopProxy.java-doValidateClass-296] Unable to proxy interface-implementing method [public final void org.springframework.web.filter.GenericFilterBean.init(jakarta.servlet.FilterConfig) throws jakarta.servlet.ServletException] because it is marked as final, consider using interface-based JDK proxies instead.
01:00:27.013 WARN  [restartedMain] [CglibAopProxy.java-doValidateClass-296] Unable to proxy interface-implementing method [public final void org.springframework.web.filter.GenericFilterBean.init(jakarta.servlet.FilterConfig) throws jakarta.servlet.ServletException] because it is marked as final, consider using interface-based JDK proxies instead.
01:00:27.018 WARN  [restartedMain] [CglibAopProxy.java-doValidateClass-296] Unable to proxy interface-implementing method [public final void org.springframework.web.filter.GenericFilterBean.init(jakarta.servlet.FilterConfig) throws jakarta.servlet.ServletException] because it is marked as final, consider using interface-based JDK proxies instead.
01:00:27.172 INFO  [restartedMain] [OptionalLiveReloadServer.java-startServer-59] LiveReload server is running on port 35729
01:00:27.296 INFO  [restartedMain] [DirectJDKLog.java-log-168] Starting ProtocolHandler ["http-nio-8093"]
01:00:27.307 INFO  [restartedMain] [TomcatWebServer.java-start-243] Tomcat started on port 8093 (http) with context path '/'
01:00:27.311 INFO  [restartedMain] [StartupInfoLogger.java-logStarted-59] Started SupportershighUserBackendApplication in 3.464 seconds (process running for 3.879)
01:00:27.312 INFO  [restartedMain] [StartEventListener.java-onApplicationEvent-17] ApplicationReadyEvent: batch.issueCoupon=OFF
01:06:53.327 INFO  [SpringApplicationShutdownHook] [CloseEventListener.java-onApplicationEvent-15] CloseEventListener!!
01:06:53.329 INFO  [SpringApplicationShutdownHook] [GracefulShutdown.java-shutDownGracefully-54] Commencing graceful shutdown. Waiting for active requests to complete
01:06:53.332 INFO  [tomcat-shutdown] [GracefulShutdown.java-doShutdown-76] Graceful shutdown complete
01:06:53.349 INFO  [SpringApplicationShutdownHook] [AbstractEntityManagerFactoryBean.java-destroy-660] Closing JPA EntityManagerFactory for persistence unit 'default'
01:06:53.351 INFO  [SpringApplicationShutdownHook] [HikariDataSource.java-close-349] HikariPool-1 - Shutdown initiated...
01:06:53.353 INFO  [SpringApplicationShutdownHook] [HikariDataSource.java-close-351] HikariPool-1 - Shutdown completed.
01:06:59.238 INFO  [background-preinit] [Version.java-<clinit>-21] HV000001: Hibernate Validator 8.0.2.Final
01:06:59.259 INFO  [restartedMain] [StartupInfoLogger.java-logStarting-53] Starting SupportershighUserBackendApplication using Java 24.0.1 with PID 5216 (E:\Development\BackEnd\fillo-user-backend\out\production\classes started by user in E:\Development\BackEnd\fillo-user-backend)
01:06:59.260 INFO  [restartedMain] [SpringApplication.java-logStartupProfileInfo-652] No active profile set, falling back to 1 default profile: "default"
01:06:59.290 INFO  [restartedMain] [DeferredLog.java-logTo-252] Devtools property defaults active! Set 'spring.devtools.add-properties' to 'false' to disable
01:06:59.291 INFO  [restartedMain] [DeferredLog.java-logTo-252] For additional web related logging consider setting the 'logging.level.web' property to 'DEBUG'
01:06:59.737 INFO  [restartedMain] [RepositoryConfigurationDelegate.java-multipleStoresDetected-294] Multiple Spring Data modules found, entering strict repository configuration mode
01:06:59.738 INFO  [restartedMain] [RepositoryConfigurationDelegate.java-registerRepositoriesIn-145] Bootstrapping Spring Data JDBC repositories in DEFAULT mode.
01:06:59.766 INFO  [restartedMain] [RepositoryConfigurationExtensionSupport.java-isStrictRepositoryCandidate-327] Spring Data JDBC - Could not safely identify store assignment for repository candidate interface sh.user.supportershighuserbackend.jwt.repository.JwtTokenRepository; If you want this repository to be a JDBC repository, consider annotating your entities with one of these annotations: org.springframework.data.relational.core.mapping.Table.
01:06:59.821 INFO  [restartedMain] [RepositoryConfigurationExtensionSupport.java-isStrictRepositoryCandidate-327] Spring Data JDBC - Could not safely identify store assignment for repository candidate interface sh.user.supportershighuserbackend.media.repository.MediaRepository; If you want this repository to be a JDBC repository, consider annotating your entities with one of these annotations: org.springframework.data.relational.core.mapping.Table.
01:06:59.836 INFO  [restartedMain] [RepositoryConfigurationDelegate.java-registerRepositoriesIn-213] Finished Spring Data repository scanning in 95 ms. Found 3 JDBC repository interfaces.
01:06:59.842 INFO  [restartedMain] [RepositoryConfigurationDelegate.java-multipleStoresDetected-294] Multiple Spring Data modules found, entering strict repository configuration mode
01:06:59.843 INFO  [restartedMain] [RepositoryConfigurationDelegate.java-registerRepositoriesIn-145] Bootstrapping Spring Data JPA repositories in DEFAULT mode.
01:06:59.856 INFO  [restartedMain] [DefaultListableBeanFactory.java-logBeanDefinitionOverriding-1334] Overriding bean definition for bean 'leagueRepository' with a different definition: replacing [Root bean: class=org.springframework.data.jdbc.repository.support.JdbcRepositoryFactoryBean; scope=; abstract=false; lazyInit=false; autowireMode=0; dependencyCheck=0; autowireCandidate=true; primary=false; fallback=false; factoryBeanName=null; factoryMethodName=null; initMethodNames=null; destroyMethodNames=null; defined in sh.user.supportershighuserbackend.league.repository.LeagueRepository defined in @EnableJdbcRepositories declared on JdbcRepositoriesRegistrar.EnableJdbcRepositoriesConfiguration] with [Root bean: class=org.springframework.data.jpa.repository.support.JpaRepositoryFactoryBean; scope=; abstract=false; lazyInit=false; autowireMode=0; dependencyCheck=0; autowireCandidate=true; primary=false; fallback=false; factoryBeanName=null; factoryMethodName=null; initMethodNames=null; destroyMethodNames=null; defined in sh.user.supportershighuserbackend.league.repository.LeagueRepository defined in @EnableJpaRepositories declared on JpaRepositoriesRegistrar.EnableJpaRepositoriesConfiguration]
01:06:59.857 INFO  [restartedMain] [DefaultListableBeanFactory.java-logBeanDefinitionOverriding-1334] Overriding bean definition for bean 'memberRepository' with a different definition: replacing [Root bean: class=org.springframework.data.jdbc.repository.support.JdbcRepositoryFactoryBean; scope=; abstract=false; lazyInit=false; autowireMode=0; dependencyCheck=0; autowireCandidate=true; primary=false; fallback=false; factoryBeanName=null; factoryMethodName=null; initMethodNames=null; destroyMethodNames=null; defined in sh.user.supportershighuserbackend.member.repository.MemberRepository defined in @EnableJdbcRepositories declared on JdbcRepositoriesRegistrar.EnableJdbcRepositoriesConfiguration] with [Root bean: class=org.springframework.data.jpa.repository.support.JpaRepositoryFactoryBean; scope=; abstract=false; lazyInit=false; autowireMode=0; dependencyCheck=0; autowireCandidate=true; primary=false; fallback=false; factoryBeanName=null; factoryMethodName=null; initMethodNames=null; destroyMethodNames=null; defined in sh.user.supportershighuserbackend.member.repository.MemberRepository defined in @EnableJpaRepositories declared on JpaRepositoriesRegistrar.EnableJpaRepositoriesConfiguration]
01:06:59.858 INFO  [restartedMain] [DefaultListableBeanFactory.java-logBeanDefinitionOverriding-1334] Overriding bean definition for bean 'teamRepository' with a different definition: replacing [Root bean: class=org.springframework.data.jdbc.repository.support.JdbcRepositoryFactoryBean; scope=; abstract=false; lazyInit=false; autowireMode=0; dependencyCheck=0; autowireCandidate=true; primary=false; fallback=false; factoryBeanName=null; factoryMethodName=null; initMethodNames=null; destroyMethodNames=null; defined in sh.user.supportershighuserbackend.team.repository.TeamRepository defined in @EnableJdbcRepositories declared on JdbcRepositoriesRegistrar.EnableJdbcRepositoriesConfiguration] with [Root bean: class=org.springframework.data.jpa.repository.support.JpaRepositoryFactoryBean; scope=; abstract=false; lazyInit=false; autowireMode=0; dependencyCheck=0; autowireCandidate=true; primary=false; fallback=false; factoryBeanName=null; factoryMethodName=null; initMethodNames=null; destroyMethodNames=null; defined in sh.user.supportershighuserbackend.team.repository.TeamRepository defined in @EnableJpaRepositories declared on JpaRepositoriesRegistrar.EnableJpaRepositoriesConfiguration]
01:06:59.858 INFO  [restartedMain] [RepositoryConfigurationDelegate.java-registerRepositoriesIn-213] Finished Spring Data repository scanning in 13 ms. Found 5 JPA repository interfaces.
01:07:00.283 INFO  [restartedMain] [TomcatWebServer.java-initialize-111] Tomcat initialized with port 8093 (http)
01:07:00.422 INFO  [restartedMain] [DirectJDKLog.java-log-168] Initializing ProtocolHandler ["http-nio-8093"]
01:07:00.423 INFO  [restartedMain] [DirectJDKLog.java-log-168] Starting service [Tomcat]
01:07:00.424 INFO  [restartedMain] [DirectJDKLog.java-log-168] Starting Servlet engine: [Apache Tomcat/10.1.43]
01:07:00.458 INFO  [restartedMain] [DirectJDKLog.java-log-168] Initializing Spring embedded WebApplicationContext
01:07:00.458 INFO  [restartedMain] [ServletWebServerApplicationContext.java-prepareWebApplicationContext-301] Root WebApplicationContext: initialization completed in 1167 ms
01:07:00.576 INFO  [restartedMain] [LogHelper.java-logPersistenceUnitInformation-31] HHH000204: Processing PersistenceUnitInfo [name: default]
01:07:00.607 INFO  [restartedMain] [Version.java-logVersion-44] HHH000412: Hibernate ORM core version 6.6.22.Final
01:07:00.628 INFO  [restartedMain] [RegionFactoryInitiator.java-initiateService-50] HHH000026: Second-level cache disabled
01:07:00.814 INFO  [restartedMain] [SpringPersistenceUnitInfo.java-addTransformer-87] No LoadTimeWeaver setup: ignoring JPA class transformer
01:07:00.832 WARN  [restartedMain] [HikariConfig.java-validateNumerics-1109] HikariPool-1 - keepaliveTime is greater than or equal to maxLifetime, disabling it.
01:07:00.833 INFO  [restartedMain] [HikariDataSource.java-getConnection-109] HikariPool-1 - Starting...
01:07:01.058 INFO  [restartedMain] [HikariPool.java-checkFailFast-580] HikariPool-1 - Added connection com.mysql.cj.jdbc.ConnectionImpl@2ecd5e19
01:07:01.059 INFO  [restartedMain] [HikariDataSource.java-getConnection-122] HikariPool-1 - Start completed.
01:07:01.096 INFO  [restartedMain] [JdbcEnvironmentInitiator.java-logConnectionInfo-163] HHH10001005: Database info:
	Database JDBC URL [Connecting through datasource 'HikariDataSource (HikariPool-1)']
	Database driver: undefined/unknown
	Database version: 8.0.34
	Autocommit mode: undefined/unknown
	Isolation level: undefined/unknown
	Minimum pool size: undefined/unknown
	Maximum pool size: undefined/unknown
01:07:01.101 DEBUG [restartedMain] [DdlTypeRegistry.java-addDescriptor-64] addDescriptor(12, org.hibernate.type.descriptor.sql.internal.CapacityDependentDdlType@7dfcd249) replaced previous registration(org.hibernate.type.descriptor.sql.internal.CapacityDependentDdlType@7a34b919)
01:07:01.101 DEBUG [restartedMain] [DdlTypeRegistry.java-addDescriptor-64] addDescriptor(-9, org.hibernate.type.descriptor.sql.internal.CapacityDependentDdlType@2539deb9) replaced previous registration(org.hibernate.type.descriptor.sql.internal.CapacityDependentDdlType@50db9943)
01:07:01.101 DEBUG [restartedMain] [DdlTypeRegistry.java-addDescriptor-64] addDescriptor(-3, org.hibernate.type.descriptor.sql.internal.CapacityDependentDdlType@4bae778b) replaced previous registration(org.hibernate.type.descriptor.sql.internal.CapacityDependentDdlType@148de396)
01:07:01.101 DEBUG [restartedMain] [DdlTypeRegistry.java-addDescriptor-64] addDescriptor(4003, org.hibernate.type.descriptor.sql.internal.DdlTypeImpl@7f2a3ba8) replaced previous registration(org.hibernate.type.descriptor.sql.internal.DdlTypeImpl@7337a48f)
01:07:01.101 DEBUG [restartedMain] [DdlTypeRegistry.java-addDescriptor-64] addDescriptor(4001, org.hibernate.type.descriptor.sql.internal.DdlTypeImpl@4b9d974d) replaced previous registration(org.hibernate.type.descriptor.sql.internal.DdlTypeImpl@30774cfb)
01:07:01.101 DEBUG [restartedMain] [DdlTypeRegistry.java-addDescriptor-64] addDescriptor(4002, org.hibernate.type.descriptor.sql.internal.DdlTypeImpl@1eaed626) replaced previous registration(org.hibernate.type.descriptor.sql.internal.DdlTypeImpl@50730aa0)
01:07:01.101 DEBUG [restartedMain] [DdlTypeRegistry.java-addDescriptor-64] addDescriptor(2004, org.hibernate.type.descriptor.sql.internal.CapacityDependentDdlType@7773d81c) replaced previous registration(org.hibernate.type.descriptor.sql.internal.DdlTypeImpl@7d69529d)
01:07:01.101 DEBUG [restartedMain] [DdlTypeRegistry.java-addDescriptor-64] addDescriptor(2005, org.hibernate.type.descriptor.sql.internal.CapacityDependentDdlType@159ea4f0) replaced previous registration(org.hibernate.type.descriptor.sql.internal.DdlTypeImpl@5d709ae9)
01:07:01.102 DEBUG [restartedMain] [DdlTypeRegistry.java-addDescriptor-64] addDescriptor(2011, org.hibernate.type.descriptor.sql.internal.CapacityDependentDdlType@342a1a63) replaced previous registration(org.hibernate.type.descriptor.sql.internal.DdlTypeImpl@3e04bc1)
01:07:01.638 INFO  [restartedMain] [JtaPlatformInitiator.java-initiateService-59] HHH000489: No JTA platform available (set 'hibernate.transaction.jta.platform' to enable JTA platform integration)
01:07:01.875 INFO  [restartedMain] [AbstractEntityManagerFactoryBean.java-buildNativeEntityManagerFactory-447] Initialized JPA EntityManagerFactory for persistence unit 'default'
01:07:02.280 WARN  [restartedMain] [JpaBaseConfiguration.java-openEntityManagerInViewInterceptor-258] spring.jpa.open-in-view is enabled by default. Therefore, database queries may be performed during view rendering. Explicitly configure spring.jpa.open-in-view to disable this warning
01:07:02.430 INFO  [restartedMain] [InitializeUserDetailsBeanManagerConfigurer.java-configure-110] Global AuthenticationManager configured with UserDetailsService bean with name userDetailsServiceImpl
01:07:02.460 INFO  [restartedMain] [SecurityConfig.java-securityFilterChain-38] [ LOCAL ] Security Active
01:07:02.497 WARN  [restartedMain] [CglibAopProxy.java-doValidateClass-296] Unable to proxy interface-implementing method [public final void org.springframework.web.filter.GenericFilterBean.init(jakarta.servlet.FilterConfig) throws jakarta.servlet.ServletException] because it is marked as final, consider using interface-based JDK proxies instead.
01:07:02.507 WARN  [restartedMain] [CglibAopProxy.java-doValidateClass-296] Unable to proxy interface-implementing method [public final void org.springframework.web.filter.GenericFilterBean.init(jakarta.servlet.FilterConfig) throws jakarta.servlet.ServletException] because it is marked as final, consider using interface-based JDK proxies instead.
01:07:02.512 WARN  [restartedMain] [CglibAopProxy.java-doValidateClass-296] Unable to proxy interface-implementing method [public final void org.springframework.web.filter.GenericFilterBean.init(jakarta.servlet.FilterConfig) throws jakarta.servlet.ServletException] because it is marked as final, consider using interface-based JDK proxies instead.
01:07:02.680 INFO  [restartedMain] [OptionalLiveReloadServer.java-startServer-59] LiveReload server is running on port 35729
01:07:02.816 INFO  [restartedMain] [DirectJDKLog.java-log-168] Starting ProtocolHandler ["http-nio-8093"]
01:07:02.827 INFO  [restartedMain] [TomcatWebServer.java-start-243] Tomcat started on port 8093 (http) with context path '/'
01:07:02.832 INFO  [restartedMain] [StartupInfoLogger.java-logStarted-59] Started SupportershighUserBackendApplication in 3.866 seconds (process running for 4.271)
01:07:02.834 INFO  [restartedMain] [StartEventListener.java-onApplicationEvent-17] ApplicationReadyEvent: batch.issueCoupon=OFF
01:07:02.958 INFO  [http-nio-8093-exec-1] [DirectJDKLog.java-log-168] Initializing Spring DispatcherServlet 'dispatcherServlet'
01:07:02.958 INFO  [http-nio-8093-exec-1] [FrameworkServlet.java-initServletBean-532] Initializing Servlet 'dispatcherServlet'
01:07:02.959 INFO  [http-nio-8093-exec-1] [FrameworkServlet.java-initServletBean-554] Completed initialization in 1 ms
01:07:02.988 INFO  [http-nio-8093-exec-3] [JwtTokenProvider.java-validateToken-134] validateToken 함수 진입 : 토큰 Provider 에서 검증할 토큰을 가지고 왔는지 확인
01:07:02.988 INFO  [http-nio-8093-exec-4] [JwtTokenProvider.java-validateToken-134] validateToken 함수 진입 : 토큰 Provider 에서 검증할 토큰을 가지고 왔는지 확인
01:07:02.988 INFO  [http-nio-8093-exec-3] [JwtTokenProvider.java-validateToken-137] Checking JWT Token
01:07:02.988 INFO  [http-nio-8093-exec-4] [JwtTokenProvider.java-validateToken-137] Checking JWT Token
01:07:03.020 INFO  [http-nio-8093-exec-3] [JwtTokenProvider.java-validateToken-139] Valid JWT Token
01:07:03.020 INFO  [http-nio-8093-exec-4] [JwtTokenProvider.java-validateToken-139] Valid JWT Token
01:07:03.036 INFO  [http-nio-8093-exec-3] [MethodCallMonitorAspect.java-methodCallLog-21] [AOP] 호출 함수 확인
01:07:03.036 INFO  [http-nio-8093-exec-4] [MethodCallMonitorAspect.java-methodCallLog-21] [AOP] 호출 함수 확인
01:07:03.037 INFO  [http-nio-8093-exec-4] [MethodCallMonitorAspect.java-methodCallLog-24] 함수 : getAccountInfo, 파라미터 : null
01:07:03.037 INFO  [http-nio-8093-exec-3] [MethodCallMonitorAspect.java-methodCallLog-24] 함수 : getAllLeague, 파라미터 : null
01:07:03.037 INFO  [http-nio-8093-exec-4] [TimeMonitorAspect.java-logTime-20] [AOP] 함수 실행 시간 로깅
01:07:03.037 INFO  [http-nio-8093-exec-3] [TimeMonitorAspect.java-logTime-20] [AOP] 함수 실행 시간 로깅
01:07:03.037 INFO  [http-nio-8093-exec-4] [MemberController.java-getAccountInfo-107] [Member] 마이페이지에 조회될 로그인 회원 정보
01:07:03.037 INFO  [http-nio-8093-exec-3] [LeagueController.java-getAllLeague-30] [League] 회원가입 시 선택할 수 있도록 전체 리그 정보 호출
01:07:03.038 INFO  [http-nio-8093-exec-3] [LeagueService.java-getAllLeague-26] 회원가입 전체 리그 정보 호출 service
01:07:03.038 INFO  [http-nio-8093-exec-4] [MemberService.java-getAccountInfo-346] 마이페이지에 조회될 로그인 회원 정보 조회 service
01:07:03.038 INFO  [http-nio-8093-exec-4] [JwtTokenProvider.java-validateToken-134] validateToken 함수 진입 : 토큰 Provider 에서 검증할 토큰을 가지고 왔는지 확인
01:07:03.038 INFO  [http-nio-8093-exec-4] [JwtTokenProvider.java-validateToken-137] Checking JWT Token
01:07:03.039 INFO  [http-nio-8093-exec-4] [JwtTokenProvider.java-validateToken-139] Valid JWT Token
01:07:03.040 INFO  [http-nio-8093-exec-4] [JwtTokenProvider.java-getMemberFromAuthentication-119] authentication 계정 이메일 아이디 - wlstpgns51@naver.com
01:07:03.113 INFO  [http-nio-8093-exec-3] [TimeMonitorAspect.java-logTime-32] ResponseEntity sh.user.supportershighuserbackend.league.controller.LeagueController.getAllLeague(HttpServletRequest) 실행 시간 : 76 ms
01:07:03.114 INFO  [http-nio-8093-exec-4] [TimeMonitorAspect.java-logTime-32] ResponseEntity sh.user.supportershighuserbackend.member.controller.MemberController.getAccountInfo(HttpServletRequest) 실행 시간 : 77 ms
01:07:03.114 INFO  [http-nio-8093-exec-4] [MethodCallMonitorAspect.java-methodCallLog-32] getAccountInfo 함수 정상 반환 데이터 : public class org.springframework.http.ResponseEntity<T>
01:07:03.114 INFO  [http-nio-8093-exec-3] [MethodCallMonitorAspect.java-methodCallLog-32] getAllLeague 함수 정상 반환 데이터 : public class org.springframework.http.ResponseEntity<T>
01:07:27.273 INFO  [http-nio-8093-exec-8] [JwtTokenProvider.java-validateToken-134] validateToken 함수 진입 : 토큰 Provider 에서 검증할 토큰을 가지고 왔는지 확인
01:07:27.273 INFO  [http-nio-8093-exec-8] [JwtTokenProvider.java-validateToken-137] Checking JWT Token
01:07:27.275 INFO  [http-nio-8093-exec-8] [JwtTokenProvider.java-validateToken-139] Valid JWT Token
01:07:27.277 INFO  [http-nio-8093-exec-8] [MethodCallMonitorAspect.java-methodCallLog-21] [AOP] 호출 함수 확인
01:07:27.277 INFO  [http-nio-8093-exec-8] [MethodCallMonitorAspect.java-methodCallLog-24] 함수 : getAccountInfo, 파라미터 : null
01:07:27.277 INFO  [http-nio-8093-exec-8] [TimeMonitorAspect.java-logTime-20] [AOP] 함수 실행 시간 로깅
01:07:27.278 INFO  [http-nio-8093-exec-8] [MemberController.java-getAccountInfo-107] [Member] 마이페이지에 조회될 로그인 회원 정보
01:07:27.278 INFO  [http-nio-8093-exec-8] [MemberService.java-getAccountInfo-346] 마이페이지에 조회될 로그인 회원 정보 조회 service
01:07:27.278 INFO  [http-nio-8093-exec-8] [JwtTokenProvider.java-validateToken-134] validateToken 함수 진입 : 토큰 Provider 에서 검증할 토큰을 가지고 왔는지 확인
01:07:27.278 INFO  [http-nio-8093-exec-8] [JwtTokenProvider.java-validateToken-137] Checking JWT Token
01:07:27.279 INFO  [http-nio-8093-exec-8] [JwtTokenProvider.java-validateToken-139] Valid JWT Token
01:07:27.279 INFO  [http-nio-8093-exec-8] [JwtTokenProvider.java-getMemberFromAuthentication-119] authentication 계정 이메일 아이디 - wlstpgns51@naver.com
01:07:27.282 INFO  [http-nio-8093-exec-8] [TimeMonitorAspect.java-logTime-32] ResponseEntity sh.user.supportershighuserbackend.member.controller.MemberController.getAccountInfo(HttpServletRequest) 실행 시간 : 4 ms
01:07:27.283 INFO  [http-nio-8093-exec-8] [MethodCallMonitorAspect.java-methodCallLog-32] getAccountInfo 함수 정상 반환 데이터 : public class org.springframework.http.ResponseEntity<T>
01:07:27.398 INFO  [http-nio-8093-exec-6] [JwtTokenProvider.java-validateToken-134] validateToken 함수 진입 : 토큰 Provider 에서 검증할 토큰을 가지고 왔는지 확인
01:07:27.398 INFO  [http-nio-8093-exec-6] [JwtTokenProvider.java-validateToken-137] Checking JWT Token
01:07:27.399 INFO  [http-nio-8093-exec-6] [JwtTokenProvider.java-validateToken-139] Valid JWT Token
01:07:27.401 INFO  [http-nio-8093-exec-6] [MethodCallMonitorAspect.java-methodCallLog-21] [AOP] 호출 함수 확인
01:07:27.401 INFO  [http-nio-8093-exec-6] [MethodCallMonitorAspect.java-methodCallLog-24] 함수 : getAllLeague, 파라미터 : null
01:07:27.401 INFO  [http-nio-8093-exec-6] [TimeMonitorAspect.java-logTime-20] [AOP] 함수 실행 시간 로깅
01:07:27.401 INFO  [http-nio-8093-exec-6] [LeagueController.java-getAllLeague-30] [League] 회원가입 시 선택할 수 있도록 전체 리그 정보 호출
01:07:27.401 INFO  [http-nio-8093-exec-6] [LeagueService.java-getAllLeague-26] 회원가입 전체 리그 정보 호출 service
01:07:27.404 INFO  [http-nio-8093-exec-6] [TimeMonitorAspect.java-logTime-32] ResponseEntity sh.user.supportershighuserbackend.league.controller.LeagueController.getAllLeague(HttpServletRequest) 실행 시간 : 3 ms
01:07:27.404 INFO  [http-nio-8093-exec-6] [MethodCallMonitorAspect.java-methodCallLog-32] getAllLeague 함수 정상 반환 데이터 : public class org.springframework.http.ResponseEntity<T>
01:07:27.932 INFO  [http-nio-8093-exec-9] [JwtTokenProvider.java-validateToken-134] validateToken 함수 진입 : 토큰 Provider 에서 검증할 토큰을 가지고 왔는지 확인
01:07:27.932 INFO  [http-nio-8093-exec-9] [JwtTokenProvider.java-validateToken-137] Checking JWT Token
01:07:27.934 INFO  [http-nio-8093-exec-9] [JwtTokenProvider.java-validateToken-139] Valid JWT Token
01:07:27.936 INFO  [http-nio-8093-exec-9] [MethodCallMonitorAspect.java-methodCallLog-21] [AOP] 호출 함수 확인
01:07:27.936 INFO  [http-nio-8093-exec-9] [MethodCallMonitorAspect.java-methodCallLog-24] 함수 : getAccountInfo, 파라미터 : null
01:07:27.936 INFO  [http-nio-8093-exec-9] [TimeMonitorAspect.java-logTime-20] [AOP] 함수 실행 시간 로깅
01:07:27.936 INFO  [http-nio-8093-exec-9] [MemberController.java-getAccountInfo-107] [Member] 마이페이지에 조회될 로그인 회원 정보
01:07:27.936 INFO  [http-nio-8093-exec-9] [MemberService.java-getAccountInfo-346] 마이페이지에 조회될 로그인 회원 정보 조회 service
01:07:27.936 INFO  [http-nio-8093-exec-9] [JwtTokenProvider.java-validateToken-134] validateToken 함수 진입 : 토큰 Provider 에서 검증할 토큰을 가지고 왔는지 확인
01:07:27.936 INFO  [http-nio-8093-exec-9] [JwtTokenProvider.java-validateToken-137] Checking JWT Token
01:07:27.937 INFO  [http-nio-8093-exec-9] [JwtTokenProvider.java-validateToken-139] Valid JWT Token
01:07:27.938 INFO  [http-nio-8093-exec-9] [JwtTokenProvider.java-getMemberFromAuthentication-119] authentication 계정 이메일 아이디 - wlstpgns51@naver.com
01:07:27.941 INFO  [http-nio-8093-exec-9] [TimeMonitorAspect.java-logTime-32] ResponseEntity sh.user.supportershighuserbackend.member.controller.MemberController.getAccountInfo(HttpServletRequest) 실행 시간 : 5 ms
01:07:27.941 INFO  [http-nio-8093-exec-9] [MethodCallMonitorAspect.java-methodCallLog-32] getAccountInfo 함수 정상 반환 데이터 : public class org.springframework.http.ResponseEntity<T>
01:07:28.059 INFO  [http-nio-8093-exec-10] [JwtTokenProvider.java-validateToken-134] validateToken 함수 진입 : 토큰 Provider 에서 검증할 토큰을 가지고 왔는지 확인
01:07:28.060 INFO  [http-nio-8093-exec-10] [JwtTokenProvider.java-validateToken-137] Checking JWT Token
01:07:28.061 INFO  [http-nio-8093-exec-10] [JwtTokenProvider.java-validateToken-139] Valid JWT Token
01:07:28.062 INFO  [http-nio-8093-exec-10] [MethodCallMonitorAspect.java-methodCallLog-21] [AOP] 호출 함수 확인
01:07:28.063 INFO  [http-nio-8093-exec-10] [MethodCallMonitorAspect.java-methodCallLog-24] 함수 : getAllLeague, 파라미터 : null
01:07:28.063 INFO  [http-nio-8093-exec-10] [TimeMonitorAspect.java-logTime-20] [AOP] 함수 실행 시간 로깅
01:07:28.063 INFO  [http-nio-8093-exec-10] [LeagueController.java-getAllLeague-30] [League] 회원가입 시 선택할 수 있도록 전체 리그 정보 호출
01:07:28.063 INFO  [http-nio-8093-exec-10] [LeagueService.java-getAllLeague-26] 회원가입 전체 리그 정보 호출 service
01:07:28.065 INFO  [http-nio-8093-exec-10] [TimeMonitorAspect.java-logTime-32] ResponseEntity sh.user.supportershighuserbackend.league.controller.LeagueController.getAllLeague(HttpServletRequest) 실행 시간 : 2 ms
01:07:28.065 INFO  [http-nio-8093-exec-10] [MethodCallMonitorAspect.java-methodCallLog-32] getAllLeague 함수 정상 반환 데이터 : public class org.springframework.http.ResponseEntity<T>
01:14:09.548 INFO  [http-nio-8093-exec-5] [JwtTokenProvider.java-validateToken-134] validateToken 함수 진입 : 토큰 Provider 에서 검증할 토큰을 가지고 왔는지 확인
01:14:09.548 INFO  [http-nio-8093-exec-5] [JwtTokenProvider.java-validateToken-137] Checking JWT Token
01:14:09.550 INFO  [http-nio-8093-exec-5] [JwtTokenProvider.java-validateToken-139] Valid JWT Token
01:14:09.552 INFO  [http-nio-8093-exec-5] [MethodCallMonitorAspect.java-methodCallLog-21] [AOP] 호출 함수 확인
01:14:09.552 INFO  [http-nio-8093-exec-5] [MethodCallMonitorAspect.java-methodCallLog-24] 함수 : getAccountInfo, 파라미터 : null
01:14:09.552 INFO  [http-nio-8093-exec-5] [TimeMonitorAspect.java-logTime-20] [AOP] 함수 실행 시간 로깅
01:14:09.553 INFO  [http-nio-8093-exec-5] [MemberController.java-getAccountInfo-107] [Member] 마이페이지에 조회될 로그인 회원 정보
01:14:09.553 INFO  [http-nio-8093-exec-5] [MemberService.java-getAccountInfo-346] 마이페이지에 조회될 로그인 회원 정보 조회 service
01:14:09.553 INFO  [http-nio-8093-exec-5] [JwtTokenProvider.java-validateToken-134] validateToken 함수 진입 : 토큰 Provider 에서 검증할 토큰을 가지고 왔는지 확인
01:14:09.553 INFO  [http-nio-8093-exec-5] [JwtTokenProvider.java-validateToken-137] Checking JWT Token
01:14:09.554 INFO  [http-nio-8093-exec-5] [JwtTokenProvider.java-validateToken-139] Valid JWT Token
01:14:09.554 INFO  [http-nio-8093-exec-5] [JwtTokenProvider.java-getMemberFromAuthentication-119] authentication 계정 이메일 아이디 - wlstpgns51@naver.com
01:14:09.558 INFO  [http-nio-8093-exec-5] [TimeMonitorAspect.java-logTime-32] ResponseEntity sh.user.supportershighuserbackend.member.controller.MemberController.getAccountInfo(HttpServletRequest) 실행 시간 : 5 ms
01:14:09.558 INFO  [http-nio-8093-exec-5] [MethodCallMonitorAspect.java-methodCallLog-32] getAccountInfo 함수 정상 반환 데이터 : public class org.springframework.http.ResponseEntity<T>
01:14:09.668 INFO  [http-nio-8093-exec-7] [JwtTokenProvider.java-validateToken-134] validateToken 함수 진입 : 토큰 Provider 에서 검증할 토큰을 가지고 왔는지 확인
01:14:09.668 INFO  [http-nio-8093-exec-7] [JwtTokenProvider.java-validateToken-137] Checking JWT Token
01:14:09.670 INFO  [http-nio-8093-exec-7] [JwtTokenProvider.java-validateToken-139] Valid JWT Token
01:14:09.671 INFO  [http-nio-8093-exec-7] [MethodCallMonitorAspect.java-methodCallLog-21] [AOP] 호출 함수 확인
01:14:09.672 INFO  [http-nio-8093-exec-7] [MethodCallMonitorAspect.java-methodCallLog-24] 함수 : getAllLeague, 파라미터 : null
01:14:09.672 INFO  [http-nio-8093-exec-7] [TimeMonitorAspect.java-logTime-20] [AOP] 함수 실행 시간 로깅
01:14:09.672 INFO  [http-nio-8093-exec-7] [LeagueController.java-getAllLeague-30] [League] 회원가입 시 선택할 수 있도록 전체 리그 정보 호출
01:14:09.672 INFO  [http-nio-8093-exec-7] [LeagueService.java-getAllLeague-26] 회원가입 전체 리그 정보 호출 service
01:14:09.674 INFO  [http-nio-8093-exec-7] [TimeMonitorAspect.java-logTime-32] ResponseEntity sh.user.supportershighuserbackend.league.controller.LeagueController.getAllLeague(HttpServletRequest) 실행 시간 : 2 ms
01:14:09.674 INFO  [http-nio-8093-exec-7] [MethodCallMonitorAspect.java-methodCallLog-32] getAllLeague 함수 정상 반환 데이터 : public class org.springframework.http.ResponseEntity<T>
01:26:12.969 INFO  [http-nio-8093-exec-10] [JwtTokenProvider.java-validateToken-134] validateToken 함수 진입 : 토큰 Provider 에서 검증할 토큰을 가지고 왔는지 확인
01:26:12.970 INFO  [http-nio-8093-exec-10] [JwtTokenProvider.java-validateToken-137] Checking JWT Token
01:26:12.971 INFO  [http-nio-8093-exec-10] [JwtTokenProvider.java-validateToken-139] Valid JWT Token
01:26:12.974 INFO  [http-nio-8093-exec-10] [MethodCallMonitorAspect.java-methodCallLog-21] [AOP] 호출 함수 확인
01:26:12.975 INFO  [http-nio-8093-exec-10] [MethodCallMonitorAspect.java-methodCallLog-24] 함수 : getAccountInfo, 파라미터 : null
01:26:12.975 INFO  [http-nio-8093-exec-10] [TimeMonitorAspect.java-logTime-20] [AOP] 함수 실행 시간 로깅
01:26:12.975 INFO  [http-nio-8093-exec-10] [MemberController.java-getAccountInfo-107] [Member] 마이페이지에 조회될 로그인 회원 정보
01:26:12.975 INFO  [http-nio-8093-exec-10] [MemberService.java-getAccountInfo-346] 마이페이지에 조회될 로그인 회원 정보 조회 service
01:26:12.975 INFO  [http-nio-8093-exec-10] [JwtTokenProvider.java-validateToken-134] validateToken 함수 진입 : 토큰 Provider 에서 검증할 토큰을 가지고 왔는지 확인
01:26:12.975 INFO  [http-nio-8093-exec-10] [JwtTokenProvider.java-validateToken-137] Checking JWT Token
01:26:12.977 INFO  [http-nio-8093-exec-10] [JwtTokenProvider.java-validateToken-139] Valid JWT Token
01:26:12.977 INFO  [http-nio-8093-exec-10] [JwtTokenProvider.java-getMemberFromAuthentication-119] authentication 계정 이메일 아이디 - wlstpgns51@naver.com
01:26:12.981 INFO  [http-nio-8093-exec-10] [TimeMonitorAspect.java-logTime-32] ResponseEntity sh.user.supportershighuserbackend.member.controller.MemberController.getAccountInfo(HttpServletRequest) 실행 시간 : 6 ms
01:26:12.982 INFO  [http-nio-8093-exec-10] [MethodCallMonitorAspect.java-methodCallLog-32] getAccountInfo 함수 정상 반환 데이터 : public class org.springframework.http.ResponseEntity<T>
01:26:13.084 INFO  [http-nio-8093-exec-1] [JwtTokenProvider.java-validateToken-134] validateToken 함수 진입 : 토큰 Provider 에서 검증할 토큰을 가지고 왔는지 확인
01:26:13.084 INFO  [http-nio-8093-exec-1] [JwtTokenProvider.java-validateToken-137] Checking JWT Token
01:26:13.085 INFO  [http-nio-8093-exec-1] [JwtTokenProvider.java-validateToken-139] Valid JWT Token
01:26:13.087 INFO  [http-nio-8093-exec-1] [MethodCallMonitorAspect.java-methodCallLog-21] [AOP] 호출 함수 확인
01:26:13.087 INFO  [http-nio-8093-exec-1] [MethodCallMonitorAspect.java-methodCallLog-24] 함수 : getAllLeague, 파라미터 : null
01:26:13.087 INFO  [http-nio-8093-exec-1] [TimeMonitorAspect.java-logTime-20] [AOP] 함수 실행 시간 로깅
01:26:13.087 INFO  [http-nio-8093-exec-1] [LeagueController.java-getAllLeague-30] [League] 회원가입 시 선택할 수 있도록 전체 리그 정보 호출
01:26:13.087 INFO  [http-nio-8093-exec-1] [LeagueService.java-getAllLeague-26] 회원가입 전체 리그 정보 호출 service
01:26:13.090 INFO  [http-nio-8093-exec-1] [TimeMonitorAspect.java-logTime-32] ResponseEntity sh.user.supportershighuserbackend.league.controller.LeagueController.getAllLeague(HttpServletRequest) 실행 시간 : 3 ms
01:26:13.090 INFO  [http-nio-8093-exec-1] [MethodCallMonitorAspect.java-methodCallLog-32] getAllLeague 함수 정상 반환 데이터 : public class org.springframework.http.ResponseEntity<T>
01:30:35.275 INFO  [http-nio-8093-exec-5] [JwtTokenProvider.java-validateToken-134] validateToken 함수 진입 : 토큰 Provider 에서 검증할 토큰을 가지고 왔는지 확인
01:30:35.276 INFO  [http-nio-8093-exec-5] [JwtTokenProvider.java-validateToken-137] Checking JWT Token
01:30:35.278 INFO  [http-nio-8093-exec-5] [JwtTokenProvider.java-validateToken-139] Valid JWT Token
01:30:35.280 INFO  [http-nio-8093-exec-5] [MethodCallMonitorAspect.java-methodCallLog-21] [AOP] 호출 함수 확인
01:30:35.280 INFO  [http-nio-8093-exec-5] [MethodCallMonitorAspect.java-methodCallLog-24] 함수 : getAccountInfo, 파라미터 : null
01:30:35.280 INFO  [http-nio-8093-exec-5] [TimeMonitorAspect.java-logTime-20] [AOP] 함수 실행 시간 로깅
01:30:35.280 INFO  [http-nio-8093-exec-5] [MemberController.java-getAccountInfo-107] [Member] 마이페이지에 조회될 로그인 회원 정보
01:30:35.280 INFO  [http-nio-8093-exec-5] [MemberService.java-getAccountInfo-346] 마이페이지에 조회될 로그인 회원 정보 조회 service
01:30:35.280 INFO  [http-nio-8093-exec-5] [JwtTokenProvider.java-validateToken-134] validateToken 함수 진입 : 토큰 Provider 에서 검증할 토큰을 가지고 왔는지 확인
01:30:35.280 INFO  [http-nio-8093-exec-5] [JwtTokenProvider.java-validateToken-137] Checking JWT Token
01:30:35.282 INFO  [http-nio-8093-exec-5] [JwtTokenProvider.java-validateToken-139] Valid JWT Token
01:30:35.282 INFO  [http-nio-8093-exec-5] [JwtTokenProvider.java-getMemberFromAuthentication-119] authentication 계정 이메일 아이디 - wlstpgns51@naver.com
01:30:35.285 INFO  [http-nio-8093-exec-5] [TimeMonitorAspect.java-logTime-32] ResponseEntity sh.user.supportershighuserbackend.member.controller.MemberController.getAccountInfo(HttpServletRequest) 실행 시간 : 5 ms
01:30:35.285 INFO  [http-nio-8093-exec-5] [MethodCallMonitorAspect.java-methodCallLog-32] getAccountInfo 함수 정상 반환 데이터 : public class org.springframework.http.ResponseEntity<T>
01:30:35.396 INFO  [http-nio-8093-exec-7] [JwtTokenProvider.java-validateToken-134] validateToken 함수 진입 : 토큰 Provider 에서 검증할 토큰을 가지고 왔는지 확인
01:30:35.396 INFO  [http-nio-8093-exec-7] [JwtTokenProvider.java-validateToken-137] Checking JWT Token
01:30:35.397 INFO  [http-nio-8093-exec-7] [JwtTokenProvider.java-validateToken-139] Valid JWT Token
01:30:35.398 INFO  [http-nio-8093-exec-7] [MethodCallMonitorAspect.java-methodCallLog-21] [AOP] 호출 함수 확인
01:30:35.398 INFO  [http-nio-8093-exec-7] [MethodCallMonitorAspect.java-methodCallLog-24] 함수 : getAllLeague, 파라미터 : null
01:30:35.398 INFO  [http-nio-8093-exec-7] [TimeMonitorAspect.java-logTime-20] [AOP] 함수 실행 시간 로깅
01:30:35.398 INFO  [http-nio-8093-exec-7] [LeagueController.java-getAllLeague-30] [League] 회원가입 시 선택할 수 있도록 전체 리그 정보 호출
01:30:35.398 INFO  [http-nio-8093-exec-7] [LeagueService.java-getAllLeague-26] 회원가입 전체 리그 정보 호출 service
01:30:35.400 INFO  [http-nio-8093-exec-7] [TimeMonitorAspect.java-logTime-32] ResponseEntity sh.user.supportershighuserbackend.league.controller.LeagueController.getAllLeague(HttpServletRequest) 실행 시간 : 2 ms
01:30:35.400 INFO  [http-nio-8093-exec-7] [MethodCallMonitorAspect.java-methodCallLog-32] getAllLeague 함수 정상 반환 데이터 : public class org.springframework.http.ResponseEntity<T>
01:30:39.929 INFO  [http-nio-8093-exec-6] [JwtTokenProvider.java-validateToken-134] validateToken 함수 진입 : 토큰 Provider 에서 검증할 토큰을 가지고 왔는지 확인
01:30:39.930 INFO  [http-nio-8093-exec-6] [JwtTokenProvider.java-validateToken-137] Checking JWT Token
01:30:39.931 INFO  [http-nio-8093-exec-6] [JwtTokenProvider.java-validateToken-139] Valid JWT Token
01:30:39.936 INFO  [http-nio-8093-exec-6] [MethodCallMonitorAspect.java-methodCallLog-21] [AOP] 호출 함수 확인
01:30:39.936 INFO  [http-nio-8093-exec-6] [MethodCallMonitorAspect.java-methodCallLog-24] 함수 : getAccountInfo, 파라미터 : null
01:30:39.936 INFO  [http-nio-8093-exec-6] [TimeMonitorAspect.java-logTime-20] [AOP] 함수 실행 시간 로깅
01:30:39.936 INFO  [http-nio-8093-exec-6] [MemberController.java-getAccountInfo-107] [Member] 마이페이지에 조회될 로그인 회원 정보
01:30:39.936 INFO  [http-nio-8093-exec-6] [MemberService.java-getAccountInfo-346] 마이페이지에 조회될 로그인 회원 정보 조회 service
01:30:39.937 INFO  [http-nio-8093-exec-6] [JwtTokenProvider.java-validateToken-134] validateToken 함수 진입 : 토큰 Provider 에서 검증할 토큰을 가지고 왔는지 확인
01:30:39.937 INFO  [http-nio-8093-exec-6] [JwtTokenProvider.java-validateToken-137] Checking JWT Token
01:30:39.938 INFO  [http-nio-8093-exec-6] [JwtTokenProvider.java-validateToken-139] Valid JWT Token
01:30:39.938 INFO  [http-nio-8093-exec-6] [JwtTokenProvider.java-getMemberFromAuthentication-119] authentication 계정 이메일 아이디 - wlstpgns51@naver.com
01:30:39.942 INFO  [http-nio-8093-exec-6] [TimeMonitorAspect.java-logTime-32] ResponseEntity sh.user.supportershighuserbackend.member.controller.MemberController.getAccountInfo(HttpServletRequest) 실행 시간 : 6 ms
01:30:39.942 INFO  [http-nio-8093-exec-6] [MethodCallMonitorAspect.java-methodCallLog-32] getAccountInfo 함수 정상 반환 데이터 : public class org.springframework.http.ResponseEntity<T>
01:30:40.062 INFO  [http-nio-8093-exec-9] [JwtTokenProvider.java-validateToken-134] validateToken 함수 진입 : 토큰 Provider 에서 검증할 토큰을 가지고 왔는지 확인
01:30:40.062 INFO  [http-nio-8093-exec-9] [JwtTokenProvider.java-validateToken-137] Checking JWT Token
01:30:40.063 INFO  [http-nio-8093-exec-9] [JwtTokenProvider.java-validateToken-139] Valid JWT Token
01:30:40.065 INFO  [http-nio-8093-exec-9] [MethodCallMonitorAspect.java-methodCallLog-21] [AOP] 호출 함수 확인
01:30:40.065 INFO  [http-nio-8093-exec-9] [MethodCallMonitorAspect.java-methodCallLog-24] 함수 : getAllLeague, 파라미터 : null
01:30:40.065 INFO  [http-nio-8093-exec-9] [TimeMonitorAspect.java-logTime-20] [AOP] 함수 실행 시간 로깅
01:30:40.065 INFO  [http-nio-8093-exec-9] [LeagueController.java-getAllLeague-30] [League] 회원가입 시 선택할 수 있도록 전체 리그 정보 호출
01:30:40.065 INFO  [http-nio-8093-exec-9] [LeagueService.java-getAllLeague-26] 회원가입 전체 리그 정보 호출 service
01:30:40.067 INFO  [http-nio-8093-exec-9] [TimeMonitorAspect.java-logTime-32] ResponseEntity sh.user.supportershighuserbackend.league.controller.LeagueController.getAllLeague(HttpServletRequest) 실행 시간 : 2 ms
01:30:40.067 INFO  [http-nio-8093-exec-9] [MethodCallMonitorAspect.java-methodCallLog-32] getAllLeague 함수 정상 반환 데이터 : public class org.springframework.http.ResponseEntity<T>
01:30:42.108 INFO  [http-nio-8093-exec-2] [JwtTokenProvider.java-validateToken-134] validateToken 함수 진입 : 토큰 Provider 에서 검증할 토큰을 가지고 왔는지 확인
01:30:42.108 INFO  [http-nio-8093-exec-2] [JwtTokenProvider.java-validateToken-137] Checking JWT Token
01:30:42.109 INFO  [http-nio-8093-exec-2] [JwtTokenProvider.java-validateToken-139] Valid JWT Token
01:30:42.115 INFO  [http-nio-8093-exec-2] [MethodCallMonitorAspect.java-methodCallLog-21] [AOP] 호출 함수 확인
01:30:42.116 INFO  [http-nio-8093-exec-2] [MethodCallMonitorAspect.java-methodCallLog-24] 함수 : getAllLeague, 파라미터 : null
01:30:42.116 INFO  [http-nio-8093-exec-2] [TimeMonitorAspect.java-logTime-20] [AOP] 함수 실행 시간 로깅
01:30:42.116 INFO  [http-nio-8093-exec-2] [LeagueController.java-getAllLeague-30] [League] 회원가입 시 선택할 수 있도록 전체 리그 정보 호출
01:30:42.116 INFO  [http-nio-8093-exec-2] [LeagueService.java-getAllLeague-26] 회원가입 전체 리그 정보 호출 service
01:30:42.118 INFO  [http-nio-8093-exec-2] [TimeMonitorAspect.java-logTime-32] ResponseEntity sh.user.supportershighuserbackend.league.controller.LeagueController.getAllLeague(HttpServletRequest) 실행 시간 : 2 ms
01:30:42.118 INFO  [http-nio-8093-exec-2] [MethodCallMonitorAspect.java-methodCallLog-32] getAllLeague 함수 정상 반환 데이터 : public class org.springframework.http.ResponseEntity<T>
01:30:42.414 INFO  [http-nio-8093-exec-4] [JwtTokenProvider.java-validateToken-134] validateToken 함수 진입 : 토큰 Provider 에서 검증할 토큰을 가지고 왔는지 확인
01:30:42.414 INFO  [http-nio-8093-exec-4] [JwtTokenProvider.java-validateToken-137] Checking JWT Token
01:30:42.415 INFO  [http-nio-8093-exec-4] [JwtTokenProvider.java-validateToken-139] Valid JWT Token
01:30:42.417 INFO  [http-nio-8093-exec-4] [MethodCallMonitorAspect.java-methodCallLog-21] [AOP] 호출 함수 확인
01:30:42.417 INFO  [http-nio-8093-exec-4] [MethodCallMonitorAspect.java-methodCallLog-24] 함수 : getAccountInfo, 파라미터 : null
01:30:42.417 INFO  [http-nio-8093-exec-4] [TimeMonitorAspect.java-logTime-20] [AOP] 함수 실행 시간 로깅
01:30:42.417 INFO  [http-nio-8093-exec-4] [MemberController.java-getAccountInfo-107] [Member] 마이페이지에 조회될 로그인 회원 정보
01:30:42.417 INFO  [http-nio-8093-exec-4] [MemberService.java-getAccountInfo-346] 마이페이지에 조회될 로그인 회원 정보 조회 service
01:30:42.418 INFO  [http-nio-8093-exec-4] [JwtTokenProvider.java-validateToken-134] validateToken 함수 진입 : 토큰 Provider 에서 검증할 토큰을 가지고 왔는지 확인
01:30:42.418 INFO  [http-nio-8093-exec-4] [JwtTokenProvider.java-validateToken-137] Checking JWT Token
01:30:42.419 INFO  [http-nio-8093-exec-4] [JwtTokenProvider.java-validateToken-139] Valid JWT Token
01:30:42.419 INFO  [http-nio-8093-exec-4] [JwtTokenProvider.java-getMemberFromAuthentication-119] authentication 계정 이메일 아이디 - wlstpgns51@naver.com
01:30:42.422 INFO  [http-nio-8093-exec-4] [TimeMonitorAspect.java-logTime-32] ResponseEntity sh.user.supportershighuserbackend.member.controller.MemberController.getAccountInfo(HttpServletRequest) 실행 시간 : 5 ms
01:30:42.423 INFO  [http-nio-8093-exec-4] [MethodCallMonitorAspect.java-methodCallLog-32] getAccountInfo 함수 정상 반환 데이터 : public class org.springframework.http.ResponseEntity<T>
01:30:42.557 INFO  [http-nio-8093-exec-3] [JwtTokenProvider.java-validateToken-134] validateToken 함수 진입 : 토큰 Provider 에서 검증할 토큰을 가지고 왔는지 확인
01:30:42.557 INFO  [http-nio-8093-exec-3] [JwtTokenProvider.java-validateToken-137] Checking JWT Token
01:30:42.558 INFO  [http-nio-8093-exec-3] [JwtTokenProvider.java-validateToken-139] Valid JWT Token
01:30:42.560 INFO  [http-nio-8093-exec-3] [MethodCallMonitorAspect.java-methodCallLog-21] [AOP] 호출 함수 확인
01:30:42.560 INFO  [http-nio-8093-exec-3] [MethodCallMonitorAspect.java-methodCallLog-24] 함수 : getAllLeague, 파라미터 : null
01:30:42.560 INFO  [http-nio-8093-exec-3] [TimeMonitorAspect.java-logTime-20] [AOP] 함수 실행 시간 로깅
01:30:42.560 INFO  [http-nio-8093-exec-3] [LeagueController.java-getAllLeague-30] [League] 회원가입 시 선택할 수 있도록 전체 리그 정보 호출
01:30:42.560 INFO  [http-nio-8093-exec-3] [LeagueService.java-getAllLeague-26] 회원가입 전체 리그 정보 호출 service
01:30:42.563 INFO  [http-nio-8093-exec-3] [TimeMonitorAspect.java-logTime-32] ResponseEntity sh.user.supportershighuserbackend.league.controller.LeagueController.getAllLeague(HttpServletRequest) 실행 시간 : 3 ms
01:30:42.563 INFO  [http-nio-8093-exec-3] [MethodCallMonitorAspect.java-methodCallLog-32] getAllLeague 함수 정상 반환 데이터 : public class org.springframework.http.ResponseEntity<T>
01:34:01.324 INFO  [http-nio-8093-exec-7] [JwtTokenProvider.java-validateToken-134] validateToken 함수 진입 : 토큰 Provider 에서 검증할 토큰을 가지고 왔는지 확인
01:34:01.325 INFO  [http-nio-8093-exec-7] [JwtTokenProvider.java-validateToken-137] Checking JWT Token
01:34:01.327 INFO  [http-nio-8093-exec-7] [JwtTokenProvider.java-validateToken-139] Valid JWT Token
01:34:01.330 INFO  [http-nio-8093-exec-7] [MethodCallMonitorAspect.java-methodCallLog-21] [AOP] 호출 함수 확인
01:34:01.330 INFO  [http-nio-8093-exec-7] [MethodCallMonitorAspect.java-methodCallLog-24] 함수 : getAccountInfo, 파라미터 : null
01:34:01.330 INFO  [http-nio-8093-exec-7] [TimeMonitorAspect.java-logTime-20] [AOP] 함수 실행 시간 로깅
01:34:01.330 INFO  [http-nio-8093-exec-7] [MemberController.java-getAccountInfo-107] [Member] 마이페이지에 조회될 로그인 회원 정보
01:34:01.330 INFO  [http-nio-8093-exec-7] [MemberService.java-getAccountInfo-346] 마이페이지에 조회될 로그인 회원 정보 조회 service
01:34:01.330 INFO  [http-nio-8093-exec-7] [JwtTokenProvider.java-validateToken-134] validateToken 함수 진입 : 토큰 Provider 에서 검증할 토큰을 가지고 왔는지 확인
01:34:01.330 INFO  [http-nio-8093-exec-7] [JwtTokenProvider.java-validateToken-137] Checking JWT Token
01:34:01.331 INFO  [http-nio-8093-exec-7] [JwtTokenProvider.java-validateToken-139] Valid JWT Token
01:34:01.331 INFO  [http-nio-8093-exec-7] [JwtTokenProvider.java-getMemberFromAuthentication-119] authentication 계정 이메일 아이디 - wlstpgns51@naver.com
01:34:01.335 INFO  [http-nio-8093-exec-7] [TimeMonitorAspect.java-logTime-32] ResponseEntity sh.user.supportershighuserbackend.member.controller.MemberController.getAccountInfo(HttpServletRequest) 실행 시간 : 5 ms
01:34:01.335 INFO  [http-nio-8093-exec-7] [MethodCallMonitorAspect.java-methodCallLog-32] getAccountInfo 함수 정상 반환 데이터 : public class org.springframework.http.ResponseEntity<T>
01:34:01.455 INFO  [http-nio-8093-exec-9] [JwtTokenProvider.java-validateToken-134] validateToken 함수 진입 : 토큰 Provider 에서 검증할 토큰을 가지고 왔는지 확인
01:34:01.455 INFO  [http-nio-8093-exec-9] [JwtTokenProvider.java-validateToken-137] Checking JWT Token
01:34:01.456 INFO  [http-nio-8093-exec-9] [JwtTokenProvider.java-validateToken-139] Valid JWT Token
01:34:01.458 INFO  [http-nio-8093-exec-9] [MethodCallMonitorAspect.java-methodCallLog-21] [AOP] 호출 함수 확인
01:34:01.458 INFO  [http-nio-8093-exec-9] [MethodCallMonitorAspect.java-methodCallLog-24] 함수 : getAllLeague, 파라미터 : null
01:34:01.458 INFO  [http-nio-8093-exec-9] [TimeMonitorAspect.java-logTime-20] [AOP] 함수 실행 시간 로깅
01:34:01.458 INFO  [http-nio-8093-exec-9] [LeagueController.java-getAllLeague-30] [League] 회원가입 시 선택할 수 있도록 전체 리그 정보 호출
01:34:01.458 INFO  [http-nio-8093-exec-9] [LeagueService.java-getAllLeague-26] 회원가입 전체 리그 정보 호출 service
01:34:01.460 INFO  [http-nio-8093-exec-9] [TimeMonitorAspect.java-logTime-32] ResponseEntity sh.user.supportershighuserbackend.league.controller.LeagueController.getAllLeague(HttpServletRequest) 실행 시간 : 2 ms
01:34:01.460 INFO  [http-nio-8093-exec-9] [MethodCallMonitorAspect.java-methodCallLog-32] getAllLeague 함수 정상 반환 데이터 : public class org.springframework.http.ResponseEntity<T>
01:34:02.514 INFO  [http-nio-8093-exec-10] [JwtTokenProvider.java-validateToken-134] validateToken 함수 진입 : 토큰 Provider 에서 검증할 토큰을 가지고 왔는지 확인
01:34:02.514 INFO  [http-nio-8093-exec-10] [JwtTokenProvider.java-validateToken-137] Checking JWT Token
01:34:02.515 INFO  [http-nio-8093-exec-10] [JwtTokenProvider.java-validateToken-139] Valid JWT Token
01:34:02.517 INFO  [http-nio-8093-exec-10] [MethodCallMonitorAspect.java-methodCallLog-21] [AOP] 호출 함수 확인
01:34:02.517 INFO  [http-nio-8093-exec-10] [MethodCallMonitorAspect.java-methodCallLog-24] 함수 : getAccountInfo, 파라미터 : null
01:34:02.517 INFO  [http-nio-8093-exec-10] [TimeMonitorAspect.java-logTime-20] [AOP] 함수 실행 시간 로깅
01:34:02.518 INFO  [http-nio-8093-exec-10] [MemberController.java-getAccountInfo-107] [Member] 마이페이지에 조회될 로그인 회원 정보
01:34:02.518 INFO  [http-nio-8093-exec-10] [MemberService.java-getAccountInfo-346] 마이페이지에 조회될 로그인 회원 정보 조회 service
01:34:02.518 INFO  [http-nio-8093-exec-10] [JwtTokenProvider.java-validateToken-134] validateToken 함수 진입 : 토큰 Provider 에서 검증할 토큰을 가지고 왔는지 확인
01:34:02.518 INFO  [http-nio-8093-exec-10] [JwtTokenProvider.java-validateToken-137] Checking JWT Token
01:34:02.519 INFO  [http-nio-8093-exec-10] [JwtTokenProvider.java-validateToken-139] Valid JWT Token
01:34:02.519 INFO  [http-nio-8093-exec-10] [JwtTokenProvider.java-getMemberFromAuthentication-119] authentication 계정 이메일 아이디 - wlstpgns51@naver.com
01:34:02.522 INFO  [http-nio-8093-exec-10] [TimeMonitorAspect.java-logTime-32] ResponseEntity sh.user.supportershighuserbackend.member.controller.MemberController.getAccountInfo(HttpServletRequest) 실행 시간 : 4 ms
01:34:02.522 INFO  [http-nio-8093-exec-10] [MethodCallMonitorAspect.java-methodCallLog-32] getAccountInfo 함수 정상 반환 데이터 : public class org.springframework.http.ResponseEntity<T>
01:34:02.640 INFO  [http-nio-8093-exec-2] [JwtTokenProvider.java-validateToken-134] validateToken 함수 진입 : 토큰 Provider 에서 검증할 토큰을 가지고 왔는지 확인
01:34:02.640 INFO  [http-nio-8093-exec-2] [JwtTokenProvider.java-validateToken-137] Checking JWT Token
01:34:02.641 INFO  [http-nio-8093-exec-2] [JwtTokenProvider.java-validateToken-139] Valid JWT Token
01:34:02.642 INFO  [http-nio-8093-exec-2] [MethodCallMonitorAspect.java-methodCallLog-21] [AOP] 호출 함수 확인
01:34:02.642 INFO  [http-nio-8093-exec-2] [MethodCallMonitorAspect.java-methodCallLog-24] 함수 : getAllLeague, 파라미터 : null
01:34:02.642 INFO  [http-nio-8093-exec-2] [TimeMonitorAspect.java-logTime-20] [AOP] 함수 실행 시간 로깅
01:34:02.642 INFO  [http-nio-8093-exec-2] [LeagueController.java-getAllLeague-30] [League] 회원가입 시 선택할 수 있도록 전체 리그 정보 호출
01:34:02.642 INFO  [http-nio-8093-exec-2] [LeagueService.java-getAllLeague-26] 회원가입 전체 리그 정보 호출 service
01:34:02.644 INFO  [http-nio-8093-exec-2] [TimeMonitorAspect.java-logTime-32] ResponseEntity sh.user.supportershighuserbackend.league.controller.LeagueController.getAllLeague(HttpServletRequest) 실행 시간 : 2 ms
01:34:02.644 INFO  [http-nio-8093-exec-2] [MethodCallMonitorAspect.java-methodCallLog-32] getAllLeague 함수 정상 반환 데이터 : public class org.springframework.http.ResponseEntity<T>
01:34:06.444 INFO  [http-nio-8093-exec-4] [JwtTokenProvider.java-validateToken-134] validateToken 함수 진입 : 토큰 Provider 에서 검증할 토큰을 가지고 왔는지 확인
01:34:06.444 INFO  [http-nio-8093-exec-4] [JwtTokenProvider.java-validateToken-137] Checking JWT Token
01:34:06.448 INFO  [http-nio-8093-exec-4] [JwtTokenProvider.java-validateToken-139] Valid JWT Token
01:34:06.450 INFO  [http-nio-8093-exec-4] [MethodCallMonitorAspect.java-methodCallLog-21] [AOP] 호출 함수 확인
01:34:06.450 INFO  [http-nio-8093-exec-4] [MethodCallMonitorAspect.java-methodCallLog-24] 함수 : getAccountInfo, 파라미터 : null
01:34:06.450 INFO  [http-nio-8093-exec-4] [TimeMonitorAspect.java-logTime-20] [AOP] 함수 실행 시간 로깅
01:34:06.450 INFO  [http-nio-8093-exec-4] [MemberController.java-getAccountInfo-107] [Member] 마이페이지에 조회될 로그인 회원 정보
01:34:06.450 INFO  [http-nio-8093-exec-4] [MemberService.java-getAccountInfo-346] 마이페이지에 조회될 로그인 회원 정보 조회 service
01:34:06.450 INFO  [http-nio-8093-exec-4] [JwtTokenProvider.java-validateToken-134] validateToken 함수 진입 : 토큰 Provider 에서 검증할 토큰을 가지고 왔는지 확인
01:34:06.450 INFO  [http-nio-8093-exec-4] [JwtTokenProvider.java-validateToken-137] Checking JWT Token
01:34:06.451 INFO  [http-nio-8093-exec-4] [JwtTokenProvider.java-validateToken-139] Valid JWT Token
01:34:06.451 INFO  [http-nio-8093-exec-4] [JwtTokenProvider.java-getMemberFromAuthentication-119] authentication 계정 이메일 아이디 - wlstpgns51@naver.com
01:34:06.454 INFO  [http-nio-8093-exec-4] [TimeMonitorAspect.java-logTime-32] ResponseEntity sh.user.supportershighuserbackend.member.controller.MemberController.getAccountInfo(HttpServletRequest) 실행 시간 : 4 ms
01:34:06.454 INFO  [http-nio-8093-exec-4] [MethodCallMonitorAspect.java-methodCallLog-32] getAccountInfo 함수 정상 반환 데이터 : public class org.springframework.http.ResponseEntity<T>
01:34:06.588 INFO  [http-nio-8093-exec-5] [JwtTokenProvider.java-validateToken-134] validateToken 함수 진입 : 토큰 Provider 에서 검증할 토큰을 가지고 왔는지 확인
01:34:06.589 INFO  [http-nio-8093-exec-5] [JwtTokenProvider.java-validateToken-137] Checking JWT Token
01:34:06.590 INFO  [http-nio-8093-exec-5] [JwtTokenProvider.java-validateToken-139] Valid JWT Token
01:34:06.591 INFO  [http-nio-8093-exec-5] [MethodCallMonitorAspect.java-methodCallLog-21] [AOP] 호출 함수 확인
01:34:06.591 INFO  [http-nio-8093-exec-5] [MethodCallMonitorAspect.java-methodCallLog-24] 함수 : getAllLeague, 파라미터 : null
01:34:06.591 INFO  [http-nio-8093-exec-5] [TimeMonitorAspect.java-logTime-20] [AOP] 함수 실행 시간 로깅
01:34:06.591 INFO  [http-nio-8093-exec-5] [LeagueController.java-getAllLeague-30] [League] 회원가입 시 선택할 수 있도록 전체 리그 정보 호출
01:34:06.591 INFO  [http-nio-8093-exec-5] [LeagueService.java-getAllLeague-26] 회원가입 전체 리그 정보 호출 service
01:34:06.593 INFO  [http-nio-8093-exec-5] [TimeMonitorAspect.java-logTime-32] ResponseEntity sh.user.supportershighuserbackend.league.controller.LeagueController.getAllLeague(HttpServletRequest) 실행 시간 : 2 ms
01:34:06.593 INFO  [http-nio-8093-exec-5] [MethodCallMonitorAspect.java-methodCallLog-32] getAllLeague 함수 정상 반환 데이터 : public class org.springframework.http.ResponseEntity<T>
01:34:16.830 INFO  [http-nio-8093-exec-7] [JwtTokenProvider.java-validateToken-134] validateToken 함수 진입 : 토큰 Provider 에서 검증할 토큰을 가지고 왔는지 확인
01:34:16.830 INFO  [http-nio-8093-exec-7] [JwtTokenProvider.java-validateToken-137] Checking JWT Token
01:34:16.832 INFO  [http-nio-8093-exec-7] [JwtTokenProvider.java-validateToken-139] Valid JWT Token
01:34:16.834 INFO  [http-nio-8093-exec-7] [MethodCallMonitorAspect.java-methodCallLog-21] [AOP] 호출 함수 확인
01:34:16.834 INFO  [http-nio-8093-exec-7] [MethodCallMonitorAspect.java-methodCallLog-24] 함수 : getAccountInfo, 파라미터 : null
01:34:16.835 INFO  [http-nio-8093-exec-7] [TimeMonitorAspect.java-logTime-20] [AOP] 함수 실행 시간 로깅
01:34:16.835 INFO  [http-nio-8093-exec-7] [MemberController.java-getAccountInfo-107] [Member] 마이페이지에 조회될 로그인 회원 정보
01:34:16.835 INFO  [http-nio-8093-exec-7] [MemberService.java-getAccountInfo-346] 마이페이지에 조회될 로그인 회원 정보 조회 service
01:34:16.835 INFO  [http-nio-8093-exec-7] [JwtTokenProvider.java-validateToken-134] validateToken 함수 진입 : 토큰 Provider 에서 검증할 토큰을 가지고 왔는지 확인
01:34:16.835 INFO  [http-nio-8093-exec-7] [JwtTokenProvider.java-validateToken-137] Checking JWT Token
01:34:16.836 INFO  [http-nio-8093-exec-7] [JwtTokenProvider.java-validateToken-139] Valid JWT Token
01:34:16.837 INFO  [http-nio-8093-exec-7] [JwtTokenProvider.java-getMemberFromAuthentication-119] authentication 계정 이메일 아이디 - wlstpgns51@naver.com
01:34:16.839 INFO  [http-nio-8093-exec-7] [TimeMonitorAspect.java-logTime-32] ResponseEntity sh.user.supportershighuserbackend.member.controller.MemberController.getAccountInfo(HttpServletRequest) 실행 시간 : 4 ms
01:34:16.840 INFO  [http-nio-8093-exec-7] [MethodCallMonitorAspect.java-methodCallLog-32] getAccountInfo 함수 정상 반환 데이터 : public class org.springframework.http.ResponseEntity<T>
01:34:16.954 INFO  [http-nio-8093-exec-9] [JwtTokenProvider.java-validateToken-134] validateToken 함수 진입 : 토큰 Provider 에서 검증할 토큰을 가지고 왔는지 확인
01:34:16.954 INFO  [http-nio-8093-exec-9] [JwtTokenProvider.java-validateToken-137] Checking JWT Token
01:34:16.955 INFO  [http-nio-8093-exec-9] [JwtTokenProvider.java-validateToken-139] Valid JWT Token
01:34:16.956 INFO  [http-nio-8093-exec-9] [MethodCallMonitorAspect.java-methodCallLog-21] [AOP] 호출 함수 확인
01:34:16.956 INFO  [http-nio-8093-exec-9] [MethodCallMonitorAspect.java-methodCallLog-24] 함수 : getAllLeague, 파라미터 : null
01:34:16.956 INFO  [http-nio-8093-exec-9] [TimeMonitorAspect.java-logTime-20] [AOP] 함수 실행 시간 로깅
01:34:16.956 INFO  [http-nio-8093-exec-9] [LeagueController.java-getAllLeague-30] [League] 회원가입 시 선택할 수 있도록 전체 리그 정보 호출
01:34:16.956 INFO  [http-nio-8093-exec-9] [LeagueService.java-getAllLeague-26] 회원가입 전체 리그 정보 호출 service
01:34:16.958 INFO  [http-nio-8093-exec-9] [TimeMonitorAspect.java-logTime-32] ResponseEntity sh.user.supportershighuserbackend.league.controller.LeagueController.getAllLeague(HttpServletRequest) 실행 시간 : 2 ms
01:34:16.958 INFO  [http-nio-8093-exec-9] [MethodCallMonitorAspect.java-methodCallLog-32] getAllLeague 함수 정상 반환 데이터 : public class org.springframework.http.ResponseEntity<T>
01:35:13.514 INFO  [http-nio-8093-exec-2] [JwtTokenProvider.java-validateToken-134] validateToken 함수 진입 : 토큰 Provider 에서 검증할 토큰을 가지고 왔는지 확인
01:35:13.515 INFO  [http-nio-8093-exec-2] [JwtTokenProvider.java-validateToken-137] Checking JWT Token
01:35:13.516 INFO  [http-nio-8093-exec-2] [JwtTokenProvider.java-validateToken-139] Valid JWT Token
01:35:13.518 INFO  [http-nio-8093-exec-2] [MethodCallMonitorAspect.java-methodCallLog-21] [AOP] 호출 함수 확인
01:35:13.518 INFO  [http-nio-8093-exec-2] [MethodCallMonitorAspect.java-methodCallLog-24] 함수 : getAccountInfo, 파라미터 : null
01:35:13.518 INFO  [http-nio-8093-exec-2] [TimeMonitorAspect.java-logTime-20] [AOP] 함수 실행 시간 로깅
01:35:13.518 INFO  [http-nio-8093-exec-2] [MemberController.java-getAccountInfo-107] [Member] 마이페이지에 조회될 로그인 회원 정보
01:35:13.518 INFO  [http-nio-8093-exec-2] [MemberService.java-getAccountInfo-346] 마이페이지에 조회될 로그인 회원 정보 조회 service
01:35:13.518 INFO  [http-nio-8093-exec-2] [JwtTokenProvider.java-validateToken-134] validateToken 함수 진입 : 토큰 Provider 에서 검증할 토큰을 가지고 왔는지 확인
01:35:13.518 INFO  [http-nio-8093-exec-2] [JwtTokenProvider.java-validateToken-137] Checking JWT Token
01:35:13.519 INFO  [http-nio-8093-exec-2] [JwtTokenProvider.java-validateToken-139] Valid JWT Token
01:35:13.519 INFO  [http-nio-8093-exec-2] [JwtTokenProvider.java-getMemberFromAuthentication-119] authentication 계정 이메일 아이디 - wlstpgns51@naver.com
01:35:13.522 INFO  [http-nio-8093-exec-2] [TimeMonitorAspect.java-logTime-32] ResponseEntity sh.user.supportershighuserbackend.member.controller.MemberController.getAccountInfo(HttpServletRequest) 실행 시간 : 4 ms
01:35:13.523 INFO  [http-nio-8093-exec-2] [MethodCallMonitorAspect.java-methodCallLog-32] getAccountInfo 함수 정상 반환 데이터 : public class org.springframework.http.ResponseEntity<T>
01:35:13.635 INFO  [http-nio-8093-exec-4] [JwtTokenProvider.java-validateToken-134] validateToken 함수 진입 : 토큰 Provider 에서 검증할 토큰을 가지고 왔는지 확인
01:35:13.636 INFO  [http-nio-8093-exec-4] [JwtTokenProvider.java-validateToken-137] Checking JWT Token
01:35:13.636 INFO  [http-nio-8093-exec-4] [JwtTokenProvider.java-validateToken-139] Valid JWT Token
01:35:13.638 INFO  [http-nio-8093-exec-4] [MethodCallMonitorAspect.java-methodCallLog-21] [AOP] 호출 함수 확인
01:35:13.638 INFO  [http-nio-8093-exec-4] [MethodCallMonitorAspect.java-methodCallLog-24] 함수 : getAllLeague, 파라미터 : null
01:35:13.638 INFO  [http-nio-8093-exec-4] [TimeMonitorAspect.java-logTime-20] [AOP] 함수 실행 시간 로깅
01:35:13.638 INFO  [http-nio-8093-exec-4] [LeagueController.java-getAllLeague-30] [League] 회원가입 시 선택할 수 있도록 전체 리그 정보 호출
01:35:13.638 INFO  [http-nio-8093-exec-4] [LeagueService.java-getAllLeague-26] 회원가입 전체 리그 정보 호출 service
01:35:13.640 INFO  [http-nio-8093-exec-4] [TimeMonitorAspect.java-logTime-32] ResponseEntity sh.user.supportershighuserbackend.league.controller.LeagueController.getAllLeague(HttpServletRequest) 실행 시간 : 2 ms
01:35:13.640 INFO  [http-nio-8093-exec-4] [MethodCallMonitorAspect.java-methodCallLog-32] getAllLeague 함수 정상 반환 데이터 : public class org.springframework.http.ResponseEntity<T>
01:35:42.506 INFO  [http-nio-8093-exec-5] [JwtTokenProvider.java-validateToken-134] validateToken 함수 진입 : 토큰 Provider 에서 검증할 토큰을 가지고 왔는지 확인
01:35:42.507 INFO  [http-nio-8093-exec-5] [JwtTokenProvider.java-validateToken-137] Checking JWT Token
01:35:42.508 INFO  [http-nio-8093-exec-5] [JwtTokenProvider.java-validateToken-139] Valid JWT Token
01:35:42.510 INFO  [http-nio-8093-exec-5] [MethodCallMonitorAspect.java-methodCallLog-21] [AOP] 호출 함수 확인
01:35:42.511 INFO  [http-nio-8093-exec-5] [MethodCallMonitorAspect.java-methodCallLog-24] 함수 : getAccountInfo, 파라미터 : null
01:35:42.511 INFO  [http-nio-8093-exec-5] [TimeMonitorAspect.java-logTime-20] [AOP] 함수 실행 시간 로깅
01:35:42.511 INFO  [http-nio-8093-exec-5] [MemberController.java-getAccountInfo-107] [Member] 마이페이지에 조회될 로그인 회원 정보
01:35:42.511 INFO  [http-nio-8093-exec-5] [MemberService.java-getAccountInfo-346] 마이페이지에 조회될 로그인 회원 정보 조회 service
01:35:42.511 INFO  [http-nio-8093-exec-5] [JwtTokenProvider.java-validateToken-134] validateToken 함수 진입 : 토큰 Provider 에서 검증할 토큰을 가지고 왔는지 확인
01:35:42.511 INFO  [http-nio-8093-exec-5] [JwtTokenProvider.java-validateToken-137] Checking JWT Token
01:35:42.512 INFO  [http-nio-8093-exec-5] [JwtTokenProvider.java-validateToken-139] Valid JWT Token
01:35:42.512 INFO  [http-nio-8093-exec-5] [JwtTokenProvider.java-getMemberFromAuthentication-119] authentication 계정 이메일 아이디 - wlstpgns51@naver.com
01:35:42.516 INFO  [http-nio-8093-exec-5] [TimeMonitorAspect.java-logTime-32] ResponseEntity sh.user.supportershighuserbackend.member.controller.MemberController.getAccountInfo(HttpServletRequest) 실행 시간 : 5 ms
01:35:42.516 INFO  [http-nio-8093-exec-5] [MethodCallMonitorAspect.java-methodCallLog-32] getAccountInfo 함수 정상 반환 데이터 : public class org.springframework.http.ResponseEntity<T>
01:35:42.640 INFO  [http-nio-8093-exec-7] [JwtTokenProvider.java-validateToken-134] validateToken 함수 진입 : 토큰 Provider 에서 검증할 토큰을 가지고 왔는지 확인
01:35:42.641 INFO  [http-nio-8093-exec-7] [JwtTokenProvider.java-validateToken-137] Checking JWT Token
01:35:42.642 INFO  [http-nio-8093-exec-7] [JwtTokenProvider.java-validateToken-139] Valid JWT Token
01:35:42.643 INFO  [http-nio-8093-exec-7] [MethodCallMonitorAspect.java-methodCallLog-21] [AOP] 호출 함수 확인
01:35:42.643 INFO  [http-nio-8093-exec-7] [MethodCallMonitorAspect.java-methodCallLog-24] 함수 : getAllLeague, 파라미터 : null
01:35:42.643 INFO  [http-nio-8093-exec-7] [TimeMonitorAspect.java-logTime-20] [AOP] 함수 실행 시간 로깅
01:35:42.643 INFO  [http-nio-8093-exec-7] [LeagueController.java-getAllLeague-30] [League] 회원가입 시 선택할 수 있도록 전체 리그 정보 호출
01:35:42.644 INFO  [http-nio-8093-exec-7] [LeagueService.java-getAllLeague-26] 회원가입 전체 리그 정보 호출 service
01:35:42.645 INFO  [http-nio-8093-exec-7] [TimeMonitorAspect.java-logTime-32] ResponseEntity sh.user.supportershighuserbackend.league.controller.LeagueController.getAllLeague(HttpServletRequest) 실행 시간 : 2 ms
01:35:42.646 INFO  [http-nio-8093-exec-7] [MethodCallMonitorAspect.java-methodCallLog-32] getAllLeague 함수 정상 반환 데이터 : public class org.springframework.http.ResponseEntity<T>
01:35:52.752 INFO  [http-nio-8093-exec-9] [JwtTokenProvider.java-validateToken-134] validateToken 함수 진입 : 토큰 Provider 에서 검증할 토큰을 가지고 왔는지 확인
01:35:52.753 INFO  [http-nio-8093-exec-9] [JwtTokenProvider.java-validateToken-137] Checking JWT Token
01:35:52.754 INFO  [http-nio-8093-exec-9] [JwtTokenProvider.java-validateToken-139] Valid JWT Token
01:35:52.756 INFO  [http-nio-8093-exec-9] [MethodCallMonitorAspect.java-methodCallLog-21] [AOP] 호출 함수 확인
01:35:52.756 INFO  [http-nio-8093-exec-9] [MethodCallMonitorAspect.java-methodCallLog-24] 함수 : getAccountInfo, 파라미터 : null
01:35:52.756 INFO  [http-nio-8093-exec-9] [TimeMonitorAspect.java-logTime-20] [AOP] 함수 실행 시간 로깅
01:35:52.756 INFO  [http-nio-8093-exec-9] [MemberController.java-getAccountInfo-107] [Member] 마이페이지에 조회될 로그인 회원 정보
01:35:52.756 INFO  [http-nio-8093-exec-9] [MemberService.java-getAccountInfo-346] 마이페이지에 조회될 로그인 회원 정보 조회 service
01:35:52.756 INFO  [http-nio-8093-exec-9] [JwtTokenProvider.java-validateToken-134] validateToken 함수 진입 : 토큰 Provider 에서 검증할 토큰을 가지고 왔는지 확인
01:35:52.756 INFO  [http-nio-8093-exec-9] [JwtTokenProvider.java-validateToken-137] Checking JWT Token
01:35:52.757 INFO  [http-nio-8093-exec-9] [JwtTokenProvider.java-validateToken-139] Valid JWT Token
01:35:52.757 INFO  [http-nio-8093-exec-9] [JwtTokenProvider.java-getMemberFromAuthentication-119] authentication 계정 이메일 아이디 - wlstpgns51@naver.com
01:35:52.760 INFO  [http-nio-8093-exec-9] [TimeMonitorAspect.java-logTime-32] ResponseEntity sh.user.supportershighuserbackend.member.controller.MemberController.getAccountInfo(HttpServletRequest) 실행 시간 : 4 ms
01:35:52.761 INFO  [http-nio-8093-exec-9] [MethodCallMonitorAspect.java-methodCallLog-32] getAccountInfo 함수 정상 반환 데이터 : public class org.springframework.http.ResponseEntity<T>
01:35:52.890 INFO  [http-nio-8093-exec-2] [JwtTokenProvider.java-validateToken-134] validateToken 함수 진입 : 토큰 Provider 에서 검증할 토큰을 가지고 왔는지 확인
01:35:52.890 INFO  [http-nio-8093-exec-2] [JwtTokenProvider.java-validateToken-137] Checking JWT Token
01:35:52.892 INFO  [http-nio-8093-exec-2] [JwtTokenProvider.java-validateToken-139] Valid JWT Token
01:35:52.893 INFO  [http-nio-8093-exec-2] [MethodCallMonitorAspect.java-methodCallLog-21] [AOP] 호출 함수 확인
01:35:52.894 INFO  [http-nio-8093-exec-2] [MethodCallMonitorAspect.java-methodCallLog-24] 함수 : getAllLeague, 파라미터 : null
01:35:52.894 INFO  [http-nio-8093-exec-2] [TimeMonitorAspect.java-logTime-20] [AOP] 함수 실행 시간 로깅
01:35:52.894 INFO  [http-nio-8093-exec-2] [LeagueController.java-getAllLeague-30] [League] 회원가입 시 선택할 수 있도록 전체 리그 정보 호출
01:35:52.894 INFO  [http-nio-8093-exec-2] [LeagueService.java-getAllLeague-26] 회원가입 전체 리그 정보 호출 service
01:35:52.896 INFO  [http-nio-8093-exec-2] [TimeMonitorAspect.java-logTime-32] ResponseEntity sh.user.supportershighuserbackend.league.controller.LeagueController.getAllLeague(HttpServletRequest) 실행 시간 : 2 ms
01:35:52.896 INFO  [http-nio-8093-exec-2] [MethodCallMonitorAspect.java-methodCallLog-32] getAllLeague 함수 정상 반환 데이터 : public class org.springframework.http.ResponseEntity<T>
01:37:32.272 INFO  [http-nio-8093-exec-3] [JwtTokenProvider.java-validateToken-134] validateToken 함수 진입 : 토큰 Provider 에서 검증할 토큰을 가지고 왔는지 확인
01:37:32.272 INFO  [http-nio-8093-exec-3] [JwtTokenProvider.java-validateToken-137] Checking JWT Token
01:37:32.274 INFO  [http-nio-8093-exec-3] [JwtTokenProvider.java-validateToken-139] Valid JWT Token
01:37:32.275 INFO  [http-nio-8093-exec-3] [MethodCallMonitorAspect.java-methodCallLog-21] [AOP] 호출 함수 확인
01:37:32.276 INFO  [http-nio-8093-exec-3] [MethodCallMonitorAspect.java-methodCallLog-24] 함수 : getAccountInfo, 파라미터 : null
01:37:32.276 INFO  [http-nio-8093-exec-3] [TimeMonitorAspect.java-logTime-20] [AOP] 함수 실행 시간 로깅
01:37:32.276 INFO  [http-nio-8093-exec-3] [MemberController.java-getAccountInfo-107] [Member] 마이페이지에 조회될 로그인 회원 정보
01:37:32.276 INFO  [http-nio-8093-exec-3] [MemberService.java-getAccountInfo-346] 마이페이지에 조회될 로그인 회원 정보 조회 service
01:37:32.276 INFO  [http-nio-8093-exec-3] [JwtTokenProvider.java-validateToken-134] validateToken 함수 진입 : 토큰 Provider 에서 검증할 토큰을 가지고 왔는지 확인
01:37:32.276 INFO  [http-nio-8093-exec-3] [JwtTokenProvider.java-validateToken-137] Checking JWT Token
01:37:32.278 INFO  [http-nio-8093-exec-3] [JwtTokenProvider.java-validateToken-139] Valid JWT Token
01:37:32.278 INFO  [http-nio-8093-exec-3] [JwtTokenProvider.java-getMemberFromAuthentication-119] authentication 계정 이메일 아이디 - wlstpgns51@naver.com
01:37:32.280 INFO  [http-nio-8093-exec-3] [TimeMonitorAspect.java-logTime-32] ResponseEntity sh.user.supportershighuserbackend.member.controller.MemberController.getAccountInfo(HttpServletRequest) 실행 시간 : 4 ms
01:37:32.281 INFO  [http-nio-8093-exec-3] [MethodCallMonitorAspect.java-methodCallLog-32] getAccountInfo 함수 정상 반환 데이터 : public class org.springframework.http.ResponseEntity<T>
01:37:32.397 INFO  [http-nio-8093-exec-8] [JwtTokenProvider.java-validateToken-134] validateToken 함수 진입 : 토큰 Provider 에서 검증할 토큰을 가지고 왔는지 확인
01:37:32.397 INFO  [http-nio-8093-exec-8] [JwtTokenProvider.java-validateToken-137] Checking JWT Token
01:37:32.398 INFO  [http-nio-8093-exec-8] [JwtTokenProvider.java-validateToken-139] Valid JWT Token
01:37:32.399 INFO  [http-nio-8093-exec-8] [MethodCallMonitorAspect.java-methodCallLog-21] [AOP] 호출 함수 확인
01:37:32.399 INFO  [http-nio-8093-exec-8] [MethodCallMonitorAspect.java-methodCallLog-24] 함수 : getAllLeague, 파라미터 : null
01:37:32.400 INFO  [http-nio-8093-exec-8] [TimeMonitorAspect.java-logTime-20] [AOP] 함수 실행 시간 로깅
01:37:32.400 INFO  [http-nio-8093-exec-8] [LeagueController.java-getAllLeague-30] [League] 회원가입 시 선택할 수 있도록 전체 리그 정보 호출
01:37:32.400 INFO  [http-nio-8093-exec-8] [LeagueService.java-getAllLeague-26] 회원가입 전체 리그 정보 호출 service
01:37:32.401 INFO  [http-nio-8093-exec-8] [TimeMonitorAspect.java-logTime-32] ResponseEntity sh.user.supportershighuserbackend.league.controller.LeagueController.getAllLeague(HttpServletRequest) 실행 시간 : 1 ms
01:37:32.401 INFO  [http-nio-8093-exec-8] [MethodCallMonitorAspect.java-methodCallLog-32] getAllLeague 함수 정상 반환 데이터 : public class org.springframework.http.ResponseEntity<T>
01:37:34.886 INFO  [http-nio-8093-exec-7] [JwtTokenProvider.java-validateToken-134] validateToken 함수 진입 : 토큰 Provider 에서 검증할 토큰을 가지고 왔는지 확인
01:37:34.886 INFO  [http-nio-8093-exec-7] [JwtTokenProvider.java-validateToken-137] Checking JWT Token
01:37:34.887 INFO  [http-nio-8093-exec-7] [JwtTokenProvider.java-validateToken-139] Valid JWT Token
01:37:34.889 INFO  [http-nio-8093-exec-7] [MethodCallMonitorAspect.java-methodCallLog-21] [AOP] 호출 함수 확인
01:37:34.889 INFO  [http-nio-8093-exec-7] [MethodCallMonitorAspect.java-methodCallLog-24] 함수 : getAllLeague, 파라미터 : null
01:37:34.889 INFO  [http-nio-8093-exec-7] [TimeMonitorAspect.java-logTime-20] [AOP] 함수 실행 시간 로깅
01:37:34.889 INFO  [http-nio-8093-exec-7] [LeagueController.java-getAllLeague-30] [League] 회원가입 시 선택할 수 있도록 전체 리그 정보 호출
01:37:34.889 INFO  [http-nio-8093-exec-7] [LeagueService.java-getAllLeague-26] 회원가입 전체 리그 정보 호출 service
01:37:34.891 INFO  [http-nio-8093-exec-7] [TimeMonitorAspect.java-logTime-32] ResponseEntity sh.user.supportershighuserbackend.league.controller.LeagueController.getAllLeague(HttpServletRequest) 실행 시간 : 2 ms
01:37:34.891 INFO  [http-nio-8093-exec-7] [MethodCallMonitorAspect.java-methodCallLog-32] getAllLeague 함수 정상 반환 데이터 : public class org.springframework.http.ResponseEntity<T>
01:37:35.048 INFO  [http-nio-8093-exec-6] [JwtTokenProvider.java-validateToken-134] validateToken 함수 진입 : 토큰 Provider 에서 검증할 토큰을 가지고 왔는지 확인
01:37:35.049 INFO  [http-nio-8093-exec-6] [JwtTokenProvider.java-validateToken-137] Checking JWT Token
01:37:35.050 INFO  [http-nio-8093-exec-6] [JwtTokenProvider.java-validateToken-139] Valid JWT Token
01:37:35.051 INFO  [http-nio-8093-exec-6] [MethodCallMonitorAspect.java-methodCallLog-21] [AOP] 호출 함수 확인
01:37:35.051 INFO  [http-nio-8093-exec-6] [MethodCallMonitorAspect.java-methodCallLog-24] 함수 : getAccountInfo, 파라미터 : null
01:37:35.052 INFO  [http-nio-8093-exec-6] [TimeMonitorAspect.java-logTime-20] [AOP] 함수 실행 시간 로깅
01:37:35.052 INFO  [http-nio-8093-exec-6] [MemberController.java-getAccountInfo-107] [Member] 마이페이지에 조회될 로그인 회원 정보
01:37:35.052 INFO  [http-nio-8093-exec-6] [MemberService.java-getAccountInfo-346] 마이페이지에 조회될 로그인 회원 정보 조회 service
01:37:35.052 INFO  [http-nio-8093-exec-6] [JwtTokenProvider.java-validateToken-134] validateToken 함수 진입 : 토큰 Provider 에서 검증할 토큰을 가지고 왔는지 확인
01:37:35.052 INFO  [http-nio-8093-exec-6] [JwtTokenProvider.java-validateToken-137] Checking JWT Token
01:37:35.053 INFO  [http-nio-8093-exec-6] [JwtTokenProvider.java-validateToken-139] Valid JWT Token
01:37:35.053 INFO  [http-nio-8093-exec-6] [JwtTokenProvider.java-getMemberFromAuthentication-119] authentication 계정 이메일 아이디 - wlstpgns51@naver.com
01:37:35.056 INFO  [http-nio-8093-exec-6] [TimeMonitorAspect.java-logTime-32] ResponseEntity sh.user.supportershighuserbackend.member.controller.MemberController.getAccountInfo(HttpServletRequest) 실행 시간 : 4 ms
01:37:35.056 INFO  [http-nio-8093-exec-6] [MethodCallMonitorAspect.java-methodCallLog-32] getAccountInfo 함수 정상 반환 데이터 : public class org.springframework.http.ResponseEntity<T>
01:37:35.173 INFO  [http-nio-8093-exec-9] [JwtTokenProvider.java-validateToken-134] validateToken 함수 진입 : 토큰 Provider 에서 검증할 토큰을 가지고 왔는지 확인
01:37:35.173 INFO  [http-nio-8093-exec-9] [JwtTokenProvider.java-validateToken-137] Checking JWT Token
01:37:35.174 INFO  [http-nio-8093-exec-9] [JwtTokenProvider.java-validateToken-139] Valid JWT Token
01:37:35.175 INFO  [http-nio-8093-exec-9] [MethodCallMonitorAspect.java-methodCallLog-21] [AOP] 호출 함수 확인
01:37:35.175 INFO  [http-nio-8093-exec-9] [MethodCallMonitorAspect.java-methodCallLog-24] 함수 : getAllLeague, 파라미터 : null
01:37:35.175 INFO  [http-nio-8093-exec-9] [TimeMonitorAspect.java-logTime-20] [AOP] 함수 실행 시간 로깅
01:37:35.175 INFO  [http-nio-8093-exec-9] [LeagueController.java-getAllLeague-30] [League] 회원가입 시 선택할 수 있도록 전체 리그 정보 호출
01:37:35.175 INFO  [http-nio-8093-exec-9] [LeagueService.java-getAllLeague-26] 회원가입 전체 리그 정보 호출 service
01:37:35.177 INFO  [http-nio-8093-exec-9] [TimeMonitorAspect.java-logTime-32] ResponseEntity sh.user.supportershighuserbackend.league.controller.LeagueController.getAllLeague(HttpServletRequest) 실행 시간 : 1 ms
01:37:35.177 INFO  [http-nio-8093-exec-9] [MethodCallMonitorAspect.java-methodCallLog-32] getAllLeague 함수 정상 반환 데이터 : public class org.springframework.http.ResponseEntity<T>
01:38:13.416 INFO  [http-nio-8093-exec-2] [JwtTokenProvider.java-validateToken-134] validateToken 함수 진입 : 토큰 Provider 에서 검증할 토큰을 가지고 왔는지 확인
01:38:13.416 INFO  [http-nio-8093-exec-2] [JwtTokenProvider.java-validateToken-137] Checking JWT Token
01:38:13.417 INFO  [http-nio-8093-exec-2] [JwtTokenProvider.java-validateToken-139] Valid JWT Token
01:38:13.453 WARN  [http-nio-8093-exec-2] [AbstractHandlerExceptionResolver.java-logException-254] Resolved [org.springframework.web.multipart.support.MissingServletRequestPartException: Required part 'updateInfo' is not present.]
01:38:13.462 INFO  [http-nio-8093-exec-2] [JwtTokenProvider.java-validateToken-134] validateToken 함수 진입 : 토큰 Provider 에서 검증할 토큰을 가지고 왔는지 확인
01:38:13.462 INFO  [http-nio-8093-exec-2] [JwtTokenProvider.java-validateToken-137] Checking JWT Token
01:38:13.463 INFO  [http-nio-8093-exec-2] [JwtTokenProvider.java-validateToken-139] Valid JWT Token
01:38:40.497 INFO  [http-nio-8093-exec-4] [JwtTokenProvider.java-validateToken-134] validateToken 함수 진입 : 토큰 Provider 에서 검증할 토큰을 가지고 왔는지 확인
01:38:40.498 INFO  [http-nio-8093-exec-4] [JwtTokenProvider.java-validateToken-137] Checking JWT Token
01:38:40.499 INFO  [http-nio-8093-exec-4] [JwtTokenProvider.java-validateToken-139] Valid JWT Token
01:38:40.500 INFO  [http-nio-8093-exec-4] [MethodCallMonitorAspect.java-methodCallLog-21] [AOP] 호출 함수 확인
01:38:40.500 INFO  [http-nio-8093-exec-4] [MethodCallMonitorAspect.java-methodCallLog-24] 함수 : getAccountInfo, 파라미터 : null
01:38:40.500 INFO  [http-nio-8093-exec-4] [TimeMonitorAspect.java-logTime-20] [AOP] 함수 실행 시간 로깅
01:38:40.500 INFO  [http-nio-8093-exec-4] [MemberController.java-getAccountInfo-107] [Member] 마이페이지에 조회될 로그인 회원 정보
01:38:40.500 INFO  [http-nio-8093-exec-4] [MemberService.java-getAccountInfo-346] 마이페이지에 조회될 로그인 회원 정보 조회 service
01:38:40.500 INFO  [http-nio-8093-exec-4] [JwtTokenProvider.java-validateToken-134] validateToken 함수 진입 : 토큰 Provider 에서 검증할 토큰을 가지고 왔는지 확인
01:38:40.500 INFO  [http-nio-8093-exec-4] [JwtTokenProvider.java-validateToken-137] Checking JWT Token
01:38:40.502 INFO  [http-nio-8093-exec-4] [JwtTokenProvider.java-validateToken-139] Valid JWT Token
01:38:40.502 INFO  [http-nio-8093-exec-4] [JwtTokenProvider.java-getMemberFromAuthentication-119] authentication 계정 이메일 아이디 - wlstpgns51@naver.com
01:38:40.504 INFO  [http-nio-8093-exec-4] [TimeMonitorAspect.java-logTime-32] ResponseEntity sh.user.supportershighuserbackend.member.controller.MemberController.getAccountInfo(HttpServletRequest) 실행 시간 : 4 ms
01:38:40.505 INFO  [http-nio-8093-exec-4] [MethodCallMonitorAspect.java-methodCallLog-32] getAccountInfo 함수 정상 반환 데이터 : public class org.springframework.http.ResponseEntity<T>
01:38:40.629 INFO  [http-nio-8093-exec-5] [JwtTokenProvider.java-validateToken-134] validateToken 함수 진입 : 토큰 Provider 에서 검증할 토큰을 가지고 왔는지 확인
01:38:40.629 INFO  [http-nio-8093-exec-5] [JwtTokenProvider.java-validateToken-137] Checking JWT Token
01:38:40.630 INFO  [http-nio-8093-exec-5] [JwtTokenProvider.java-validateToken-139] Valid JWT Token
01:38:40.634 INFO  [http-nio-8093-exec-5] [MethodCallMonitorAspect.java-methodCallLog-21] [AOP] 호출 함수 확인
01:38:40.634 INFO  [http-nio-8093-exec-5] [MethodCallMonitorAspect.java-methodCallLog-24] 함수 : getAllLeague, 파라미터 : null
01:38:40.634 INFO  [http-nio-8093-exec-5] [TimeMonitorAspect.java-logTime-20] [AOP] 함수 실행 시간 로깅
01:38:40.634 INFO  [http-nio-8093-exec-5] [LeagueController.java-getAllLeague-30] [League] 회원가입 시 선택할 수 있도록 전체 리그 정보 호출
01:38:40.634 INFO  [http-nio-8093-exec-5] [LeagueService.java-getAllLeague-26] 회원가입 전체 리그 정보 호출 service
01:38:40.637 INFO  [http-nio-8093-exec-5] [TimeMonitorAspect.java-logTime-32] ResponseEntity sh.user.supportershighuserbackend.league.controller.LeagueController.getAllLeague(HttpServletRequest) 실행 시간 : 3 ms
01:38:40.637 INFO  [http-nio-8093-exec-5] [MethodCallMonitorAspect.java-methodCallLog-32] getAllLeague 함수 정상 반환 데이터 : public class org.springframework.http.ResponseEntity<T>
01:42:14.450 INFO  [http-nio-8093-exec-6] [JwtTokenProvider.java-validateToken-134] validateToken 함수 진입 : 토큰 Provider 에서 검증할 토큰을 가지고 왔는지 확인
01:42:14.450 INFO  [http-nio-8093-exec-6] [JwtTokenProvider.java-validateToken-137] Checking JWT Token
01:42:14.451 INFO  [http-nio-8093-exec-6] [JwtTokenProvider.java-validateToken-139] Valid JWT Token
01:42:14.453 INFO  [http-nio-8093-exec-6] [MethodCallMonitorAspect.java-methodCallLog-21] [AOP] 호출 함수 확인
01:42:14.453 INFO  [http-nio-8093-exec-6] [MethodCallMonitorAspect.java-methodCallLog-24] 함수 : getAccountInfo, 파라미터 : null
01:42:14.453 INFO  [http-nio-8093-exec-6] [TimeMonitorAspect.java-logTime-20] [AOP] 함수 실행 시간 로깅
01:42:14.453 INFO  [http-nio-8093-exec-6] [MemberController.java-getAccountInfo-107] [Member] 마이페이지에 조회될 로그인 회원 정보
01:42:14.453 INFO  [http-nio-8093-exec-6] [MemberService.java-getAccountInfo-346] 마이페이지에 조회될 로그인 회원 정보 조회 service
01:42:14.453 INFO  [http-nio-8093-exec-6] [JwtTokenProvider.java-validateToken-134] validateToken 함수 진입 : 토큰 Provider 에서 검증할 토큰을 가지고 왔는지 확인
01:42:14.453 INFO  [http-nio-8093-exec-6] [JwtTokenProvider.java-validateToken-137] Checking JWT Token
01:42:14.454 INFO  [http-nio-8093-exec-6] [JwtTokenProvider.java-validateToken-139] Valid JWT Token
01:42:14.455 INFO  [http-nio-8093-exec-6] [JwtTokenProvider.java-getMemberFromAuthentication-119] authentication 계정 이메일 아이디 - wlstpgns51@naver.com
01:42:14.458 INFO  [http-nio-8093-exec-6] [TimeMonitorAspect.java-logTime-32] ResponseEntity sh.user.supportershighuserbackend.member.controller.MemberController.getAccountInfo(HttpServletRequest) 실행 시간 : 5 ms
01:42:14.459 INFO  [http-nio-8093-exec-6] [MethodCallMonitorAspect.java-methodCallLog-32] getAccountInfo 함수 정상 반환 데이터 : public class org.springframework.http.ResponseEntity<T>
01:42:14.574 INFO  [http-nio-8093-exec-10] [JwtTokenProvider.java-validateToken-134] validateToken 함수 진입 : 토큰 Provider 에서 검증할 토큰을 가지고 왔는지 확인
01:42:14.574 INFO  [http-nio-8093-exec-10] [JwtTokenProvider.java-validateToken-137] Checking JWT Token
01:42:14.576 INFO  [http-nio-8093-exec-10] [JwtTokenProvider.java-validateToken-139] Valid JWT Token
01:42:14.577 INFO  [http-nio-8093-exec-10] [MethodCallMonitorAspect.java-methodCallLog-21] [AOP] 호출 함수 확인
01:42:14.577 INFO  [http-nio-8093-exec-10] [MethodCallMonitorAspect.java-methodCallLog-24] 함수 : getAllLeague, 파라미터 : null
01:42:14.577 INFO  [http-nio-8093-exec-10] [TimeMonitorAspect.java-logTime-20] [AOP] 함수 실행 시간 로깅
01:42:14.577 INFO  [http-nio-8093-exec-10] [LeagueController.java-getAllLeague-30] [League] 회원가입 시 선택할 수 있도록 전체 리그 정보 호출
01:42:14.577 INFO  [http-nio-8093-exec-10] [LeagueService.java-getAllLeague-26] 회원가입 전체 리그 정보 호출 service
01:42:14.579 INFO  [http-nio-8093-exec-10] [TimeMonitorAspect.java-logTime-32] ResponseEntity sh.user.supportershighuserbackend.league.controller.LeagueController.getAllLeague(HttpServletRequest) 실행 시간 : 2 ms
01:42:14.579 INFO  [http-nio-8093-exec-10] [MethodCallMonitorAspect.java-methodCallLog-32] getAllLeague 함수 정상 반환 데이터 : public class org.springframework.http.ResponseEntity<T>
01:42:16.442 INFO  [http-nio-8093-exec-2] [JwtTokenProvider.java-validateToken-134] validateToken 함수 진입 : 토큰 Provider 에서 검증할 토큰을 가지고 왔는지 확인
01:42:16.442 INFO  [http-nio-8093-exec-2] [JwtTokenProvider.java-validateToken-137] Checking JWT Token
01:42:16.443 INFO  [http-nio-8093-exec-2] [JwtTokenProvider.java-validateToken-139] Valid JWT Token
01:42:16.446 INFO  [http-nio-8093-exec-2] [MethodCallMonitorAspect.java-methodCallLog-21] [AOP] 호출 함수 확인
01:42:16.446 INFO  [http-nio-8093-exec-2] [MethodCallMonitorAspect.java-methodCallLog-24] 함수 : getAllLeague, 파라미터 : null
01:42:16.446 INFO  [http-nio-8093-exec-2] [TimeMonitorAspect.java-logTime-20] [AOP] 함수 실행 시간 로깅
01:42:16.446 INFO  [http-nio-8093-exec-2] [LeagueController.java-getAllLeague-30] [League] 회원가입 시 선택할 수 있도록 전체 리그 정보 호출
01:42:16.446 INFO  [http-nio-8093-exec-2] [LeagueService.java-getAllLeague-26] 회원가입 전체 리그 정보 호출 service
01:42:16.448 INFO  [http-nio-8093-exec-2] [TimeMonitorAspect.java-logTime-32] ResponseEntity sh.user.supportershighuserbackend.league.controller.LeagueController.getAllLeague(HttpServletRequest) 실행 시간 : 2 ms
01:42:16.449 INFO  [http-nio-8093-exec-2] [MethodCallMonitorAspect.java-methodCallLog-32] getAllLeague 함수 정상 반환 데이터 : public class org.springframework.http.ResponseEntity<T>
01:42:16.612 INFO  [http-nio-8093-exec-1] [JwtTokenProvider.java-validateToken-134] validateToken 함수 진입 : 토큰 Provider 에서 검증할 토큰을 가지고 왔는지 확인
01:42:16.612 INFO  [http-nio-8093-exec-1] [JwtTokenProvider.java-validateToken-137] Checking JWT Token
01:42:16.614 INFO  [http-nio-8093-exec-1] [JwtTokenProvider.java-validateToken-139] Valid JWT Token
01:42:16.615 INFO  [http-nio-8093-exec-1] [MethodCallMonitorAspect.java-methodCallLog-21] [AOP] 호출 함수 확인
01:42:16.616 INFO  [http-nio-8093-exec-1] [MethodCallMonitorAspect.java-methodCallLog-24] 함수 : getAccountInfo, 파라미터 : null
01:42:16.616 INFO  [http-nio-8093-exec-1] [TimeMonitorAspect.java-logTime-20] [AOP] 함수 실행 시간 로깅
01:42:16.616 INFO  [http-nio-8093-exec-1] [MemberController.java-getAccountInfo-107] [Member] 마이페이지에 조회될 로그인 회원 정보
01:42:16.616 INFO  [http-nio-8093-exec-1] [MemberService.java-getAccountInfo-346] 마이페이지에 조회될 로그인 회원 정보 조회 service
01:42:16.616 INFO  [http-nio-8093-exec-1] [JwtTokenProvider.java-validateToken-134] validateToken 함수 진입 : 토큰 Provider 에서 검증할 토큰을 가지고 왔는지 확인
01:42:16.616 INFO  [http-nio-8093-exec-1] [JwtTokenProvider.java-validateToken-137] Checking JWT Token
01:42:16.618 INFO  [http-nio-8093-exec-1] [JwtTokenProvider.java-validateToken-139] Valid JWT Token
01:42:16.618 INFO  [http-nio-8093-exec-1] [JwtTokenProvider.java-getMemberFromAuthentication-119] authentication 계정 이메일 아이디 - wlstpgns51@naver.com
01:42:16.621 INFO  [http-nio-8093-exec-1] [TimeMonitorAspect.java-logTime-32] ResponseEntity sh.user.supportershighuserbackend.member.controller.MemberController.getAccountInfo(HttpServletRequest) 실행 시간 : 4 ms
01:42:16.621 INFO  [http-nio-8093-exec-1] [MethodCallMonitorAspect.java-methodCallLog-32] getAccountInfo 함수 정상 반환 데이터 : public class org.springframework.http.ResponseEntity<T>
01:42:16.750 INFO  [http-nio-8093-exec-4] [JwtTokenProvider.java-validateToken-134] validateToken 함수 진입 : 토큰 Provider 에서 검증할 토큰을 가지고 왔는지 확인
01:42:16.750 INFO  [http-nio-8093-exec-4] [JwtTokenProvider.java-validateToken-137] Checking JWT Token
01:42:16.751 INFO  [http-nio-8093-exec-4] [JwtTokenProvider.java-validateToken-139] Valid JWT Token
01:42:16.753 INFO  [http-nio-8093-exec-4] [MethodCallMonitorAspect.java-methodCallLog-21] [AOP] 호출 함수 확인
01:42:16.753 INFO  [http-nio-8093-exec-4] [MethodCallMonitorAspect.java-methodCallLog-24] 함수 : getAllLeague, 파라미터 : null
01:42:16.753 INFO  [http-nio-8093-exec-4] [TimeMonitorAspect.java-logTime-20] [AOP] 함수 실행 시간 로깅
01:42:16.753 INFO  [http-nio-8093-exec-4] [LeagueController.java-getAllLeague-30] [League] 회원가입 시 선택할 수 있도록 전체 리그 정보 호출
01:42:16.753 INFO  [http-nio-8093-exec-4] [LeagueService.java-getAllLeague-26] 회원가입 전체 리그 정보 호출 service
01:42:16.755 INFO  [http-nio-8093-exec-4] [TimeMonitorAspect.java-logTime-32] ResponseEntity sh.user.supportershighuserbackend.league.controller.LeagueController.getAllLeague(HttpServletRequest) 실행 시간 : 2 ms
01:42:16.755 INFO  [http-nio-8093-exec-4] [MethodCallMonitorAspect.java-methodCallLog-32] getAllLeague 함수 정상 반환 데이터 : public class org.springframework.http.ResponseEntity<T>
01:42:52.339 INFO  [http-nio-8093-exec-5] [JwtTokenProvider.java-validateToken-134] validateToken 함수 진입 : 토큰 Provider 에서 검증할 토큰을 가지고 왔는지 확인
01:42:52.339 INFO  [http-nio-8093-exec-5] [JwtTokenProvider.java-validateToken-137] Checking JWT Token
01:42:52.340 INFO  [http-nio-8093-exec-5] [JwtTokenProvider.java-validateToken-139] Valid JWT Token
01:42:52.352 WARN  [http-nio-8093-exec-5] [AbstractHandlerExceptionResolver.java-logException-254] Resolved [org.springframework.web.multipart.support.MissingServletRequestPartException: Required part 'updateInfo' is not present.]
01:42:52.355 INFO  [http-nio-8093-exec-5] [JwtTokenProvider.java-validateToken-134] validateToken 함수 진입 : 토큰 Provider 에서 검증할 토큰을 가지고 왔는지 확인
01:42:52.355 INFO  [http-nio-8093-exec-5] [JwtTokenProvider.java-validateToken-137] Checking JWT Token
01:42:52.356 INFO  [http-nio-8093-exec-5] [JwtTokenProvider.java-validateToken-139] Valid JWT Token
01:46:24.819 INFO  [http-nio-8093-exec-7] [JwtTokenProvider.java-validateToken-134] validateToken 함수 진입 : 토큰 Provider 에서 검증할 토큰을 가지고 왔는지 확인
01:46:24.819 INFO  [http-nio-8093-exec-7] [JwtTokenProvider.java-validateToken-137] Checking JWT Token
01:46:24.820 INFO  [http-nio-8093-exec-7] [JwtTokenProvider.java-validateToken-139] Valid JWT Token
01:46:24.822 INFO  [http-nio-8093-exec-7] [MethodCallMonitorAspect.java-methodCallLog-21] [AOP] 호출 함수 확인
01:46:24.822 INFO  [http-nio-8093-exec-7] [MethodCallMonitorAspect.java-methodCallLog-24] 함수 : getAllLeague, 파라미터 : null
01:46:24.822 INFO  [http-nio-8093-exec-7] [TimeMonitorAspect.java-logTime-20] [AOP] 함수 실행 시간 로깅
01:46:24.822 INFO  [http-nio-8093-exec-7] [LeagueController.java-getAllLeague-30] [League] 회원가입 시 선택할 수 있도록 전체 리그 정보 호출
01:46:24.822 INFO  [http-nio-8093-exec-7] [LeagueService.java-getAllLeague-26] 회원가입 전체 리그 정보 호출 service
01:46:24.824 INFO  [http-nio-8093-exec-7] [TimeMonitorAspect.java-logTime-32] ResponseEntity sh.user.supportershighuserbackend.league.controller.LeagueController.getAllLeague(HttpServletRequest) 실행 시간 : 2 ms
01:46:24.825 INFO  [http-nio-8093-exec-7] [MethodCallMonitorAspect.java-methodCallLog-32] getAllLeague 함수 정상 반환 데이터 : public class org.springframework.http.ResponseEntity<T>
01:46:24.997 INFO  [http-nio-8093-exec-9] [JwtTokenProvider.java-validateToken-134] validateToken 함수 진입 : 토큰 Provider 에서 검증할 토큰을 가지고 왔는지 확인
01:46:24.997 INFO  [http-nio-8093-exec-9] [JwtTokenProvider.java-validateToken-137] Checking JWT Token
01:46:25.000 INFO  [http-nio-8093-exec-9] [JwtTokenProvider.java-validateToken-139] Valid JWT Token
01:46:25.002 INFO  [http-nio-8093-exec-9] [MethodCallMonitorAspect.java-methodCallLog-21] [AOP] 호출 함수 확인
01:46:25.002 INFO  [http-nio-8093-exec-9] [MethodCallMonitorAspect.java-methodCallLog-24] 함수 : getAccountInfo, 파라미터 : null
01:46:25.002 INFO  [http-nio-8093-exec-9] [TimeMonitorAspect.java-logTime-20] [AOP] 함수 실행 시간 로깅
01:46:25.002 INFO  [http-nio-8093-exec-9] [MemberController.java-getAccountInfo-107] [Member] 마이페이지에 조회될 로그인 회원 정보
01:46:25.002 INFO  [http-nio-8093-exec-9] [MemberService.java-getAccountInfo-346] 마이페이지에 조회될 로그인 회원 정보 조회 service
01:46:25.002 INFO  [http-nio-8093-exec-9] [JwtTokenProvider.java-validateToken-134] validateToken 함수 진입 : 토큰 Provider 에서 검증할 토큰을 가지고 왔는지 확인
01:46:25.002 INFO  [http-nio-8093-exec-9] [JwtTokenProvider.java-validateToken-137] Checking JWT Token
01:46:25.004 INFO  [http-nio-8093-exec-9] [JwtTokenProvider.java-validateToken-139] Valid JWT Token
01:46:25.004 INFO  [http-nio-8093-exec-9] [JwtTokenProvider.java-getMemberFromAuthentication-119] authentication 계정 이메일 아이디 - wlstpgns51@naver.com
01:46:25.007 INFO  [http-nio-8093-exec-9] [TimeMonitorAspect.java-logTime-32] ResponseEntity sh.user.supportershighuserbackend.member.controller.MemberController.getAccountInfo(HttpServletRequest) 실행 시간 : 5 ms
01:46:25.007 INFO  [http-nio-8093-exec-9] [MethodCallMonitorAspect.java-methodCallLog-32] getAccountInfo 함수 정상 반환 데이터 : public class org.springframework.http.ResponseEntity<T>
01:46:25.121 INFO  [http-nio-8093-exec-10] [JwtTokenProvider.java-validateToken-134] validateToken 함수 진입 : 토큰 Provider 에서 검증할 토큰을 가지고 왔는지 확인
01:46:25.122 INFO  [http-nio-8093-exec-10] [JwtTokenProvider.java-validateToken-137] Checking JWT Token
01:46:25.122 INFO  [http-nio-8093-exec-10] [JwtTokenProvider.java-validateToken-139] Valid JWT Token
01:46:25.124 INFO  [http-nio-8093-exec-10] [MethodCallMonitorAspect.java-methodCallLog-21] [AOP] 호출 함수 확인
01:46:25.124 INFO  [http-nio-8093-exec-10] [MethodCallMonitorAspect.java-methodCallLog-24] 함수 : getAllLeague, 파라미터 : null
01:46:25.124 INFO  [http-nio-8093-exec-10] [TimeMonitorAspect.java-logTime-20] [AOP] 함수 실행 시간 로깅
01:46:25.124 INFO  [http-nio-8093-exec-10] [LeagueController.java-getAllLeague-30] [League] 회원가입 시 선택할 수 있도록 전체 리그 정보 호출
01:46:25.124 INFO  [http-nio-8093-exec-10] [LeagueService.java-getAllLeague-26] 회원가입 전체 리그 정보 호출 service
01:46:25.126 INFO  [http-nio-8093-exec-10] [TimeMonitorAspect.java-logTime-32] ResponseEntity sh.user.supportershighuserbackend.league.controller.LeagueController.getAllLeague(HttpServletRequest) 실행 시간 : 2 ms
01:46:25.126 INFO  [http-nio-8093-exec-10] [MethodCallMonitorAspect.java-methodCallLog-32] getAllLeague 함수 정상 반환 데이터 : public class org.springframework.http.ResponseEntity<T>
01:47:30.054 INFO  [http-nio-8093-exec-4] [JwtTokenProvider.java-validateToken-134] validateToken 함수 진입 : 토큰 Provider 에서 검증할 토큰을 가지고 왔는지 확인
01:47:30.055 INFO  [http-nio-8093-exec-4] [JwtTokenProvider.java-validateToken-137] Checking JWT Token
01:47:30.056 INFO  [http-nio-8093-exec-4] [JwtTokenProvider.java-validateToken-139] Valid JWT Token
01:47:30.057 INFO  [http-nio-8093-exec-4] [MethodCallMonitorAspect.java-methodCallLog-21] [AOP] 호출 함수 확인
01:47:30.058 INFO  [http-nio-8093-exec-4] [MethodCallMonitorAspect.java-methodCallLog-24] 함수 : getAccountInfo, 파라미터 : null
01:47:30.058 INFO  [http-nio-8093-exec-4] [TimeMonitorAspect.java-logTime-20] [AOP] 함수 실행 시간 로깅
01:47:30.058 INFO  [http-nio-8093-exec-4] [MemberController.java-getAccountInfo-107] [Member] 마이페이지에 조회될 로그인 회원 정보
01:47:30.058 INFO  [http-nio-8093-exec-4] [MemberService.java-getAccountInfo-346] 마이페이지에 조회될 로그인 회원 정보 조회 service
01:47:30.058 INFO  [http-nio-8093-exec-4] [JwtTokenProvider.java-validateToken-134] validateToken 함수 진입 : 토큰 Provider 에서 검증할 토큰을 가지고 왔는지 확인
01:47:30.058 INFO  [http-nio-8093-exec-4] [JwtTokenProvider.java-validateToken-137] Checking JWT Token
01:47:30.059 INFO  [http-nio-8093-exec-4] [JwtTokenProvider.java-validateToken-139] Valid JWT Token
01:47:30.059 INFO  [http-nio-8093-exec-4] [JwtTokenProvider.java-getMemberFromAuthentication-119] authentication 계정 이메일 아이디 - wlstpgns51@naver.com
01:47:30.062 INFO  [http-nio-8093-exec-4] [TimeMonitorAspect.java-logTime-32] ResponseEntity sh.user.supportershighuserbackend.member.controller.MemberController.getAccountInfo(HttpServletRequest) 실행 시간 : 4 ms
01:47:30.062 INFO  [http-nio-8093-exec-4] [MethodCallMonitorAspect.java-methodCallLog-32] getAccountInfo 함수 정상 반환 데이터 : public class org.springframework.http.ResponseEntity<T>
01:47:30.181 INFO  [http-nio-8093-exec-5] [JwtTokenProvider.java-validateToken-134] validateToken 함수 진입 : 토큰 Provider 에서 검증할 토큰을 가지고 왔는지 확인
01:47:30.181 INFO  [http-nio-8093-exec-5] [JwtTokenProvider.java-validateToken-137] Checking JWT Token
01:47:30.182 INFO  [http-nio-8093-exec-5] [JwtTokenProvider.java-validateToken-139] Valid JWT Token
01:47:30.183 INFO  [http-nio-8093-exec-5] [MethodCallMonitorAspect.java-methodCallLog-21] [AOP] 호출 함수 확인
01:47:30.183 INFO  [http-nio-8093-exec-5] [MethodCallMonitorAspect.java-methodCallLog-24] 함수 : getAllLeague, 파라미터 : null
01:47:30.184 INFO  [http-nio-8093-exec-5] [TimeMonitorAspect.java-logTime-20] [AOP] 함수 실행 시간 로깅
01:47:30.184 INFO  [http-nio-8093-exec-5] [LeagueController.java-getAllLeague-30] [League] 회원가입 시 선택할 수 있도록 전체 리그 정보 호출
01:47:30.184 INFO  [http-nio-8093-exec-5] [LeagueService.java-getAllLeague-26] 회원가입 전체 리그 정보 호출 service
01:47:30.186 INFO  [http-nio-8093-exec-5] [TimeMonitorAspect.java-logTime-32] ResponseEntity sh.user.supportershighuserbackend.league.controller.LeagueController.getAllLeague(HttpServletRequest) 실행 시간 : 2 ms
01:47:30.186 INFO  [http-nio-8093-exec-5] [MethodCallMonitorAspect.java-methodCallLog-32] getAllLeague 함수 정상 반환 데이터 : public class org.springframework.http.ResponseEntity<T>
01:47:39.060 INFO  [http-nio-8093-exec-7] [JwtTokenProvider.java-validateToken-134] validateToken 함수 진입 : 토큰 Provider 에서 검증할 토큰을 가지고 왔는지 확인
01:47:39.060 INFO  [http-nio-8093-exec-7] [JwtTokenProvider.java-validateToken-137] Checking JWT Token
01:47:39.062 INFO  [http-nio-8093-exec-7] [JwtTokenProvider.java-validateToken-139] Valid JWT Token
01:47:39.063 INFO  [http-nio-8093-exec-7] [MethodCallMonitorAspect.java-methodCallLog-21] [AOP] 호출 함수 확인
01:47:39.063 INFO  [http-nio-8093-exec-7] [MethodCallMonitorAspect.java-methodCallLog-24] 함수 : getAccountInfo, 파라미터 : null
01:47:39.063 INFO  [http-nio-8093-exec-7] [TimeMonitorAspect.java-logTime-20] [AOP] 함수 실행 시간 로깅
01:47:39.063 INFO  [http-nio-8093-exec-7] [MemberController.java-getAccountInfo-107] [Member] 마이페이지에 조회될 로그인 회원 정보
01:47:39.063 INFO  [http-nio-8093-exec-7] [MemberService.java-getAccountInfo-346] 마이페이지에 조회될 로그인 회원 정보 조회 service
01:47:39.064 INFO  [http-nio-8093-exec-7] [JwtTokenProvider.java-validateToken-134] validateToken 함수 진입 : 토큰 Provider 에서 검증할 토큰을 가지고 왔는지 확인
01:47:39.064 INFO  [http-nio-8093-exec-7] [JwtTokenProvider.java-validateToken-137] Checking JWT Token
01:47:39.066 INFO  [http-nio-8093-exec-7] [JwtTokenProvider.java-validateToken-139] Valid JWT Token
01:47:39.066 INFO  [http-nio-8093-exec-7] [JwtTokenProvider.java-getMemberFromAuthentication-119] authentication 계정 이메일 아이디 - wlstpgns51@naver.com
01:47:39.069 INFO  [http-nio-8093-exec-7] [TimeMonitorAspect.java-logTime-32] ResponseEntity sh.user.supportershighuserbackend.member.controller.MemberController.getAccountInfo(HttpServletRequest) 실행 시간 : 6 ms
01:47:39.069 INFO  [http-nio-8093-exec-7] [MethodCallMonitorAspect.java-methodCallLog-32] getAccountInfo 함수 정상 반환 데이터 : public class org.springframework.http.ResponseEntity<T>
01:47:39.201 INFO  [http-nio-8093-exec-9] [JwtTokenProvider.java-validateToken-134] validateToken 함수 진입 : 토큰 Provider 에서 검증할 토큰을 가지고 왔는지 확인
01:47:39.201 INFO  [http-nio-8093-exec-9] [JwtTokenProvider.java-validateToken-137] Checking JWT Token
01:47:39.202 INFO  [http-nio-8093-exec-9] [JwtTokenProvider.java-validateToken-139] Valid JWT Token
01:47:39.203 INFO  [http-nio-8093-exec-9] [MethodCallMonitorAspect.java-methodCallLog-21] [AOP] 호출 함수 확인
01:47:39.203 INFO  [http-nio-8093-exec-9] [MethodCallMonitorAspect.java-methodCallLog-24] 함수 : getAllLeague, 파라미터 : null
01:47:39.203 INFO  [http-nio-8093-exec-9] [TimeMonitorAspect.java-logTime-20] [AOP] 함수 실행 시간 로깅
01:47:39.204 INFO  [http-nio-8093-exec-9] [LeagueController.java-getAllLeague-30] [League] 회원가입 시 선택할 수 있도록 전체 리그 정보 호출
01:47:39.204 INFO  [http-nio-8093-exec-9] [LeagueService.java-getAllLeague-26] 회원가입 전체 리그 정보 호출 service
01:47:39.205 INFO  [http-nio-8093-exec-9] [TimeMonitorAspect.java-logTime-32] ResponseEntity sh.user.supportershighuserbackend.league.controller.LeagueController.getAllLeague(HttpServletRequest) 실행 시간 : 1 ms
01:47:39.205 INFO  [http-nio-8093-exec-9] [MethodCallMonitorAspect.java-methodCallLog-32] getAllLeague 함수 정상 반환 데이터 : public class org.springframework.http.ResponseEntity<T>
01:50:55.588 INFO  [http-nio-8093-exec-1] [JwtTokenProvider.java-validateToken-134] validateToken 함수 진입 : 토큰 Provider 에서 검증할 토큰을 가지고 왔는지 확인
01:50:55.588 INFO  [http-nio-8093-exec-1] [JwtTokenProvider.java-validateToken-137] Checking JWT Token
01:50:55.590 INFO  [http-nio-8093-exec-1] [JwtTokenProvider.java-validateToken-139] Valid JWT Token
01:50:55.592 INFO  [http-nio-8093-exec-1] [MethodCallMonitorAspect.java-methodCallLog-21] [AOP] 호출 함수 확인
01:50:55.592 INFO  [http-nio-8093-exec-1] [MethodCallMonitorAspect.java-methodCallLog-24] 함수 : getAccountInfo, 파라미터 : null
01:50:55.593 INFO  [http-nio-8093-exec-1] [TimeMonitorAspect.java-logTime-20] [AOP] 함수 실행 시간 로깅
01:50:55.593 INFO  [http-nio-8093-exec-1] [MemberController.java-getAccountInfo-107] [Member] 마이페이지에 조회될 로그인 회원 정보
01:50:55.593 INFO  [http-nio-8093-exec-1] [MemberService.java-getAccountInfo-346] 마이페이지에 조회될 로그인 회원 정보 조회 service
01:50:55.593 INFO  [http-nio-8093-exec-1] [JwtTokenProvider.java-validateToken-134] validateToken 함수 진입 : 토큰 Provider 에서 검증할 토큰을 가지고 왔는지 확인
01:50:55.593 INFO  [http-nio-8093-exec-1] [JwtTokenProvider.java-validateToken-137] Checking JWT Token
01:50:55.594 INFO  [http-nio-8093-exec-1] [JwtTokenProvider.java-validateToken-139] Valid JWT Token
01:50:55.594 INFO  [http-nio-8093-exec-1] [JwtTokenProvider.java-getMemberFromAuthentication-119] authentication 계정 이메일 아이디 - wlstpgns51@naver.com
01:50:55.598 INFO  [http-nio-8093-exec-1] [TimeMonitorAspect.java-logTime-32] ResponseEntity sh.user.supportershighuserbackend.member.controller.MemberController.getAccountInfo(HttpServletRequest) 실행 시간 : 5 ms
01:50:55.598 INFO  [http-nio-8093-exec-1] [MethodCallMonitorAspect.java-methodCallLog-32] getAccountInfo 함수 정상 반환 데이터 : public class org.springframework.http.ResponseEntity<T>
01:50:55.718 INFO  [http-nio-8093-exec-3] [JwtTokenProvider.java-validateToken-134] validateToken 함수 진입 : 토큰 Provider 에서 검증할 토큰을 가지고 왔는지 확인
01:50:55.718 INFO  [http-nio-8093-exec-3] [JwtTokenProvider.java-validateToken-137] Checking JWT Token
01:50:55.719 INFO  [http-nio-8093-exec-3] [JwtTokenProvider.java-validateToken-139] Valid JWT Token
01:50:55.721 INFO  [http-nio-8093-exec-3] [MethodCallMonitorAspect.java-methodCallLog-21] [AOP] 호출 함수 확인
01:50:55.721 INFO  [http-nio-8093-exec-3] [MethodCallMonitorAspect.java-methodCallLog-24] 함수 : getAllLeague, 파라미터 : null
01:50:55.721 INFO  [http-nio-8093-exec-3] [TimeMonitorAspect.java-logTime-20] [AOP] 함수 실행 시간 로깅
01:50:55.721 INFO  [http-nio-8093-exec-3] [LeagueController.java-getAllLeague-30] [League] 회원가입 시 선택할 수 있도록 전체 리그 정보 호출
01:50:55.722 INFO  [http-nio-8093-exec-3] [LeagueService.java-getAllLeague-26] 회원가입 전체 리그 정보 호출 service
01:50:55.723 INFO  [http-nio-8093-exec-3] [TimeMonitorAspect.java-logTime-32] ResponseEntity sh.user.supportershighuserbackend.league.controller.LeagueController.getAllLeague(HttpServletRequest) 실행 시간 : 2 ms
01:50:55.724 INFO  [http-nio-8093-exec-3] [MethodCallMonitorAspect.java-methodCallLog-32] getAllLeague 함수 정상 반환 데이터 : public class org.springframework.http.ResponseEntity<T>
01:50:59.338 INFO  [http-nio-8093-exec-5] [JwtTokenProvider.java-validateToken-134] validateToken 함수 진입 : 토큰 Provider 에서 검증할 토큰을 가지고 왔는지 확인
01:50:59.338 INFO  [http-nio-8093-exec-5] [JwtTokenProvider.java-validateToken-137] Checking JWT Token
01:50:59.339 INFO  [http-nio-8093-exec-5] [JwtTokenProvider.java-validateToken-139] Valid JWT Token
01:50:59.340 INFO  [http-nio-8093-exec-5] [MethodCallMonitorAspect.java-methodCallLog-21] [AOP] 호출 함수 확인
01:50:59.340 INFO  [http-nio-8093-exec-5] [MethodCallMonitorAspect.java-methodCallLog-24] 함수 : getAllLeague, 파라미터 : null
01:50:59.341 INFO  [http-nio-8093-exec-5] [TimeMonitorAspect.java-logTime-20] [AOP] 함수 실행 시간 로깅
01:50:59.341 INFO  [http-nio-8093-exec-5] [LeagueController.java-getAllLeague-30] [League] 회원가입 시 선택할 수 있도록 전체 리그 정보 호출
01:50:59.341 INFO  [http-nio-8093-exec-5] [LeagueService.java-getAllLeague-26] 회원가입 전체 리그 정보 호출 service
01:50:59.343 INFO  [http-nio-8093-exec-5] [TimeMonitorAspect.java-logTime-32] ResponseEntity sh.user.supportershighuserbackend.league.controller.LeagueController.getAllLeague(HttpServletRequest) 실행 시간 : 2 ms
01:50:59.343 INFO  [http-nio-8093-exec-5] [MethodCallMonitorAspect.java-methodCallLog-32] getAllLeague 함수 정상 반환 데이터 : public class org.springframework.http.ResponseEntity<T>
01:50:59.632 INFO  [http-nio-8093-exec-8] [JwtTokenProvider.java-validateToken-134] validateToken 함수 진입 : 토큰 Provider 에서 검증할 토큰을 가지고 왔는지 확인
01:50:59.632 INFO  [http-nio-8093-exec-8] [JwtTokenProvider.java-validateToken-137] Checking JWT Token
01:50:59.633 INFO  [http-nio-8093-exec-8] [JwtTokenProvider.java-validateToken-139] Valid JWT Token
01:50:59.634 INFO  [http-nio-8093-exec-8] [MethodCallMonitorAspect.java-methodCallLog-21] [AOP] 호출 함수 확인
01:50:59.634 INFO  [http-nio-8093-exec-8] [MethodCallMonitorAspect.java-methodCallLog-24] 함수 : getAccountInfo, 파라미터 : null
01:50:59.634 INFO  [http-nio-8093-exec-8] [TimeMonitorAspect.java-logTime-20] [AOP] 함수 실행 시간 로깅
01:50:59.635 INFO  [http-nio-8093-exec-8] [MemberController.java-getAccountInfo-107] [Member] 마이페이지에 조회될 로그인 회원 정보
01:50:59.635 INFO  [http-nio-8093-exec-8] [MemberService.java-getAccountInfo-346] 마이페이지에 조회될 로그인 회원 정보 조회 service
01:50:59.635 INFO  [http-nio-8093-exec-8] [JwtTokenProvider.java-validateToken-134] validateToken 함수 진입 : 토큰 Provider 에서 검증할 토큰을 가지고 왔는지 확인
01:50:59.635 INFO  [http-nio-8093-exec-8] [JwtTokenProvider.java-validateToken-137] Checking JWT Token
01:50:59.636 INFO  [http-nio-8093-exec-8] [JwtTokenProvider.java-validateToken-139] Valid JWT Token
01:50:59.636 INFO  [http-nio-8093-exec-8] [JwtTokenProvider.java-getMemberFromAuthentication-119] authentication 계정 이메일 아이디 - wlstpgns51@naver.com
01:50:59.638 INFO  [http-nio-8093-exec-8] [TimeMonitorAspect.java-logTime-32] ResponseEntity sh.user.supportershighuserbackend.member.controller.MemberController.getAccountInfo(HttpServletRequest) 실행 시간 : 3 ms
01:50:59.638 INFO  [http-nio-8093-exec-8] [MethodCallMonitorAspect.java-methodCallLog-32] getAccountInfo 함수 정상 반환 데이터 : public class org.springframework.http.ResponseEntity<T>
01:50:59.763 INFO  [http-nio-8093-exec-7] [JwtTokenProvider.java-validateToken-134] validateToken 함수 진입 : 토큰 Provider 에서 검증할 토큰을 가지고 왔는지 확인
01:50:59.763 INFO  [http-nio-8093-exec-7] [JwtTokenProvider.java-validateToken-137] Checking JWT Token
01:50:59.764 INFO  [http-nio-8093-exec-7] [JwtTokenProvider.java-validateToken-139] Valid JWT Token
01:50:59.766 INFO  [http-nio-8093-exec-7] [MethodCallMonitorAspect.java-methodCallLog-21] [AOP] 호출 함수 확인
01:50:59.766 INFO  [http-nio-8093-exec-7] [MethodCallMonitorAspect.java-methodCallLog-24] 함수 : getAllLeague, 파라미터 : null
01:50:59.766 INFO  [http-nio-8093-exec-7] [TimeMonitorAspect.java-logTime-20] [AOP] 함수 실행 시간 로깅
01:50:59.766 INFO  [http-nio-8093-exec-7] [LeagueController.java-getAllLeague-30] [League] 회원가입 시 선택할 수 있도록 전체 리그 정보 호출
01:50:59.766 INFO  [http-nio-8093-exec-7] [LeagueService.java-getAllLeague-26] 회원가입 전체 리그 정보 호출 service
01:50:59.768 INFO  [http-nio-8093-exec-7] [TimeMonitorAspect.java-logTime-32] ResponseEntity sh.user.supportershighuserbackend.league.controller.LeagueController.getAllLeague(HttpServletRequest) 실행 시간 : 2 ms
01:50:59.768 INFO  [http-nio-8093-exec-7] [MethodCallMonitorAspect.java-methodCallLog-32] getAllLeague 함수 정상 반환 데이터 : public class org.springframework.http.ResponseEntity<T>
01:51:33.753 INFO  [http-nio-8093-exec-10] [JwtTokenProvider.java-validateToken-134] validateToken 함수 진입 : 토큰 Provider 에서 검증할 토큰을 가지고 왔는지 확인
01:51:33.754 INFO  [http-nio-8093-exec-10] [JwtTokenProvider.java-validateToken-137] Checking JWT Token
01:51:33.755 INFO  [http-nio-8093-exec-10] [JwtTokenProvider.java-validateToken-139] Valid JWT Token
01:51:33.769 WARN  [http-nio-8093-exec-10] [AbstractHandlerExceptionResolver.java-logException-254] Resolved [org.springframework.web.multipart.support.MissingServletRequestPartException: Required part 'updateInfo' is not present.]
01:51:33.773 INFO  [http-nio-8093-exec-10] [JwtTokenProvider.java-validateToken-134] validateToken 함수 진입 : 토큰 Provider 에서 검증할 토큰을 가지고 왔는지 확인
01:51:33.774 INFO  [http-nio-8093-exec-10] [JwtTokenProvider.java-validateToken-137] Checking JWT Token
01:51:33.774 INFO  [http-nio-8093-exec-10] [JwtTokenProvider.java-validateToken-139] Valid JWT Token
01:54:27.843 INFO  [http-nio-8093-exec-1] [JwtTokenProvider.java-validateToken-134] validateToken 함수 진입 : 토큰 Provider 에서 검증할 토큰을 가지고 왔는지 확인
01:54:27.843 INFO  [http-nio-8093-exec-1] [JwtTokenProvider.java-validateToken-137] Checking JWT Token
01:54:27.845 INFO  [http-nio-8093-exec-1] [JwtTokenProvider.java-validateToken-139] Valid JWT Token
01:54:27.847 INFO  [http-nio-8093-exec-1] [MethodCallMonitorAspect.java-methodCallLog-21] [AOP] 호출 함수 확인
01:54:27.847 INFO  [http-nio-8093-exec-1] [MethodCallMonitorAspect.java-methodCallLog-24] 함수 : getAccountInfo, 파라미터 : null
01:54:27.847 INFO  [http-nio-8093-exec-1] [TimeMonitorAspect.java-logTime-20] [AOP] 함수 실행 시간 로깅
01:54:27.847 INFO  [http-nio-8093-exec-1] [MemberController.java-getAccountInfo-107] [Member] 마이페이지에 조회될 로그인 회원 정보
01:54:27.847 INFO  [http-nio-8093-exec-1] [MemberService.java-getAccountInfo-346] 마이페이지에 조회될 로그인 회원 정보 조회 service
01:54:27.847 INFO  [http-nio-8093-exec-1] [JwtTokenProvider.java-validateToken-134] validateToken 함수 진입 : 토큰 Provider 에서 검증할 토큰을 가지고 왔는지 확인
01:54:27.847 INFO  [http-nio-8093-exec-1] [JwtTokenProvider.java-validateToken-137] Checking JWT Token
01:54:27.848 INFO  [http-nio-8093-exec-1] [JwtTokenProvider.java-validateToken-139] Valid JWT Token
01:54:27.848 INFO  [http-nio-8093-exec-1] [JwtTokenProvider.java-getMemberFromAuthentication-119] authentication 계정 이메일 아이디 - wlstpgns51@naver.com
01:54:27.851 INFO  [http-nio-8093-exec-1] [TimeMonitorAspect.java-logTime-32] ResponseEntity sh.user.supportershighuserbackend.member.controller.MemberController.getAccountInfo(HttpServletRequest) 실행 시간 : 4 ms
01:54:27.851 INFO  [http-nio-8093-exec-1] [MethodCallMonitorAspect.java-methodCallLog-32] getAccountInfo 함수 정상 반환 데이터 : public class org.springframework.http.ResponseEntity<T>
01:54:28.316 INFO  [http-nio-8093-exec-3] [JwtTokenProvider.java-validateToken-134] validateToken 함수 진입 : 토큰 Provider 에서 검증할 토큰을 가지고 왔는지 확인
01:54:28.316 INFO  [http-nio-8093-exec-3] [JwtTokenProvider.java-validateToken-137] Checking JWT Token
01:54:28.317 INFO  [http-nio-8093-exec-3] [JwtTokenProvider.java-validateToken-139] Valid JWT Token
01:54:28.318 INFO  [http-nio-8093-exec-3] [MethodCallMonitorAspect.java-methodCallLog-21] [AOP] 호출 함수 확인
01:54:28.318 INFO  [http-nio-8093-exec-3] [MethodCallMonitorAspect.java-methodCallLog-24] 함수 : getAllLeague, 파라미터 : null
01:54:28.318 INFO  [http-nio-8093-exec-3] [TimeMonitorAspect.java-logTime-20] [AOP] 함수 실행 시간 로깅
01:54:28.318 INFO  [http-nio-8093-exec-3] [LeagueController.java-getAllLeague-30] [League] 회원가입 시 선택할 수 있도록 전체 리그 정보 호출
01:54:28.318 INFO  [http-nio-8093-exec-3] [LeagueService.java-getAllLeague-26] 회원가입 전체 리그 정보 호출 service
01:54:28.320 INFO  [http-nio-8093-exec-3] [TimeMonitorAspect.java-logTime-32] ResponseEntity sh.user.supportershighuserbackend.league.controller.LeagueController.getAllLeague(HttpServletRequest) 실행 시간 : 2 ms
01:54:28.320 INFO  [http-nio-8093-exec-3] [MethodCallMonitorAspect.java-methodCallLog-32] getAllLeague 함수 정상 반환 데이터 : public class org.springframework.http.ResponseEntity<T>
01:54:31.988 INFO  [http-nio-8093-exec-5] [JwtTokenProvider.java-validateToken-134] validateToken 함수 진입 : 토큰 Provider 에서 검증할 토큰을 가지고 왔는지 확인
01:54:31.988 INFO  [http-nio-8093-exec-5] [JwtTokenProvider.java-validateToken-137] Checking JWT Token
01:54:31.989 INFO  [http-nio-8093-exec-5] [JwtTokenProvider.java-validateToken-139] Valid JWT Token
01:54:31.991 INFO  [http-nio-8093-exec-5] [MethodCallMonitorAspect.java-methodCallLog-21] [AOP] 호출 함수 확인
01:54:31.991 INFO  [http-nio-8093-exec-5] [MethodCallMonitorAspect.java-methodCallLog-24] 함수 : getAllLeague, 파라미터 : null
01:54:31.991 INFO  [http-nio-8093-exec-5] [TimeMonitorAspect.java-logTime-20] [AOP] 함수 실행 시간 로깅
01:54:31.991 INFO  [http-nio-8093-exec-5] [LeagueController.java-getAllLeague-30] [League] 회원가입 시 선택할 수 있도록 전체 리그 정보 호출
01:54:31.991 INFO  [http-nio-8093-exec-5] [LeagueService.java-getAllLeague-26] 회원가입 전체 리그 정보 호출 service
01:54:31.993 INFO  [http-nio-8093-exec-5] [TimeMonitorAspect.java-logTime-32] ResponseEntity sh.user.supportershighuserbackend.league.controller.LeagueController.getAllLeague(HttpServletRequest) 실행 시간 : 2 ms
01:54:31.994 INFO  [http-nio-8093-exec-5] [MethodCallMonitorAspect.java-methodCallLog-32] getAllLeague 함수 정상 반환 데이터 : public class org.springframework.http.ResponseEntity<T>
01:54:32.268 INFO  [http-nio-8093-exec-8] [JwtTokenProvider.java-validateToken-134] validateToken 함수 진입 : 토큰 Provider 에서 검증할 토큰을 가지고 왔는지 확인
01:54:32.268 INFO  [http-nio-8093-exec-8] [JwtTokenProvider.java-validateToken-137] Checking JWT Token
01:54:32.269 INFO  [http-nio-8093-exec-8] [JwtTokenProvider.java-validateToken-139] Valid JWT Token
01:54:32.271 INFO  [http-nio-8093-exec-8] [MethodCallMonitorAspect.java-methodCallLog-21] [AOP] 호출 함수 확인
01:54:32.271 INFO  [http-nio-8093-exec-8] [MethodCallMonitorAspect.java-methodCallLog-24] 함수 : getAccountInfo, 파라미터 : null
01:54:32.271 INFO  [http-nio-8093-exec-8] [TimeMonitorAspect.java-logTime-20] [AOP] 함수 실행 시간 로깅
01:54:32.271 INFO  [http-nio-8093-exec-8] [MemberController.java-getAccountInfo-107] [Member] 마이페이지에 조회될 로그인 회원 정보
01:54:32.271 INFO  [http-nio-8093-exec-8] [MemberService.java-getAccountInfo-346] 마이페이지에 조회될 로그인 회원 정보 조회 service
01:54:32.271 INFO  [http-nio-8093-exec-8] [JwtTokenProvider.java-validateToken-134] validateToken 함수 진입 : 토큰 Provider 에서 검증할 토큰을 가지고 왔는지 확인
01:54:32.271 INFO  [http-nio-8093-exec-8] [JwtTokenProvider.java-validateToken-137] Checking JWT Token
01:54:32.273 INFO  [http-nio-8093-exec-8] [JwtTokenProvider.java-validateToken-139] Valid JWT Token
01:54:32.273 INFO  [http-nio-8093-exec-8] [JwtTokenProvider.java-getMemberFromAuthentication-119] authentication 계정 이메일 아이디 - wlstpgns51@naver.com
01:54:32.276 INFO  [http-nio-8093-exec-8] [TimeMonitorAspect.java-logTime-32] ResponseEntity sh.user.supportershighuserbackend.member.controller.MemberController.getAccountInfo(HttpServletRequest) 실행 시간 : 5 ms
01:54:32.276 INFO  [http-nio-8093-exec-8] [MethodCallMonitorAspect.java-methodCallLog-32] getAccountInfo 함수 정상 반환 데이터 : public class org.springframework.http.ResponseEntity<T>
01:54:32.403 INFO  [http-nio-8093-exec-7] [JwtTokenProvider.java-validateToken-134] validateToken 함수 진입 : 토큰 Provider 에서 검증할 토큰을 가지고 왔는지 확인
01:54:32.404 INFO  [http-nio-8093-exec-7] [JwtTokenProvider.java-validateToken-137] Checking JWT Token
01:54:32.405 INFO  [http-nio-8093-exec-7] [JwtTokenProvider.java-validateToken-139] Valid JWT Token
01:54:32.407 INFO  [http-nio-8093-exec-7] [MethodCallMonitorAspect.java-methodCallLog-21] [AOP] 호출 함수 확인
01:54:32.407 INFO  [http-nio-8093-exec-7] [MethodCallMonitorAspect.java-methodCallLog-24] 함수 : getAllLeague, 파라미터 : null
01:54:32.407 INFO  [http-nio-8093-exec-7] [TimeMonitorAspect.java-logTime-20] [AOP] 함수 실행 시간 로깅
01:54:32.407 INFO  [http-nio-8093-exec-7] [LeagueController.java-getAllLeague-30] [League] 회원가입 시 선택할 수 있도록 전체 리그 정보 호출
01:54:32.407 INFO  [http-nio-8093-exec-7] [LeagueService.java-getAllLeague-26] 회원가입 전체 리그 정보 호출 service
01:54:32.409 INFO  [http-nio-8093-exec-7] [TimeMonitorAspect.java-logTime-32] ResponseEntity sh.user.supportershighuserbackend.league.controller.LeagueController.getAllLeague(HttpServletRequest) 실행 시간 : 2 ms
01:54:32.410 INFO  [http-nio-8093-exec-7] [MethodCallMonitorAspect.java-methodCallLog-32] getAllLeague 함수 정상 반환 데이터 : public class org.springframework.http.ResponseEntity<T>
01:55:08.518 INFO  [http-nio-8093-exec-9] [JwtTokenProvider.java-validateToken-134] validateToken 함수 진입 : 토큰 Provider 에서 검증할 토큰을 가지고 왔는지 확인
01:55:08.518 INFO  [http-nio-8093-exec-9] [JwtTokenProvider.java-validateToken-137] Checking JWT Token
01:55:08.519 INFO  [http-nio-8093-exec-9] [JwtTokenProvider.java-validateToken-139] Valid JWT Token
01:55:08.578 INFO  [http-nio-8093-exec-9] [MethodCallMonitorAspect.java-methodCallLog-21] [AOP] 호출 함수 확인
01:55:08.578 INFO  [http-nio-8093-exec-9] [MethodCallMonitorAspect.java-methodCallLog-24] 함수 : updateAccountInfo, 파라미터 : null
01:55:08.579 INFO  [http-nio-8093-exec-9] [TimeMonitorAspect.java-logTime-20] [AOP] 함수 실행 시간 로깅
01:55:08.579 INFO  [http-nio-8093-exec-9] [MemberController.java-updateAccountInfo-126] [Member] 로그인한 유저의 자신의 정보 수정
01:55:08.583 INFO  [http-nio-8093-exec-9] [MemberService.java-updateAccountInfo-397] 로그인한 유저의 자신의 정보 수정 service
01:55:08.583 INFO  [http-nio-8093-exec-9] [JwtTokenProvider.java-validateToken-134] validateToken 함수 진입 : 토큰 Provider 에서 검증할 토큰을 가지고 왔는지 확인
01:55:08.583 INFO  [http-nio-8093-exec-9] [JwtTokenProvider.java-validateToken-137] Checking JWT Token
01:55:08.584 INFO  [http-nio-8093-exec-9] [JwtTokenProvider.java-validateToken-139] Valid JWT Token
01:55:08.584 INFO  [http-nio-8093-exec-9] [JwtTokenProvider.java-getMemberFromAuthentication-119] authentication 계정 이메일 아이디 - wlstpgns51@naver.com
01:55:09.029 INFO  [http-nio-8093-exec-9] [TimeMonitorAspect.java-logTime-32] ResponseEntity sh.user.supportershighuserbackend.member.controller.MemberController.updateAccountInfo(HttpServletRequest,MultipartFile,MemberUpdateInfoRequestDto) 실행 시간 : 450 ms
01:55:09.029 INFO  [http-nio-8093-exec-9] [MethodCallMonitorAspect.java-methodCallLog-32] updateAccountInfo 함수 정상 반환 데이터 : public class org.springframework.http.ResponseEntity<T>
01:55:09.611 INFO  [http-nio-8093-exec-2] [JwtTokenProvider.java-validateToken-134] validateToken 함수 진입 : 토큰 Provider 에서 검증할 토큰을 가지고 왔는지 확인
01:55:09.611 INFO  [http-nio-8093-exec-2] [JwtTokenProvider.java-validateToken-137] Checking JWT Token
01:55:09.612 INFO  [http-nio-8093-exec-2] [JwtTokenProvider.java-validateToken-139] Valid JWT Token
01:55:09.613 INFO  [http-nio-8093-exec-2] [MethodCallMonitorAspect.java-methodCallLog-21] [AOP] 호출 함수 확인
01:55:09.614 INFO  [http-nio-8093-exec-2] [MethodCallMonitorAspect.java-methodCallLog-24] 함수 : getAccountInfo, 파라미터 : null
01:55:09.614 INFO  [http-nio-8093-exec-2] [TimeMonitorAspect.java-logTime-20] [AOP] 함수 실행 시간 로깅
01:55:09.614 INFO  [http-nio-8093-exec-2] [MemberController.java-getAccountInfo-107] [Member] 마이페이지에 조회될 로그인 회원 정보
01:55:09.614 INFO  [http-nio-8093-exec-2] [MemberService.java-getAccountInfo-346] 마이페이지에 조회될 로그인 회원 정보 조회 service
01:55:09.614 INFO  [http-nio-8093-exec-2] [JwtTokenProvider.java-validateToken-134] validateToken 함수 진입 : 토큰 Provider 에서 검증할 토큰을 가지고 왔는지 확인
01:55:09.614 INFO  [http-nio-8093-exec-2] [JwtTokenProvider.java-validateToken-137] Checking JWT Token
01:55:09.616 INFO  [http-nio-8093-exec-2] [JwtTokenProvider.java-validateToken-139] Valid JWT Token
01:55:09.616 INFO  [http-nio-8093-exec-2] [JwtTokenProvider.java-getMemberFromAuthentication-119] authentication 계정 이메일 아이디 - wlstpgns51@naver.com
01:55:09.619 INFO  [http-nio-8093-exec-2] [TimeMonitorAspect.java-logTime-32] ResponseEntity sh.user.supportershighuserbackend.member.controller.MemberController.getAccountInfo(HttpServletRequest) 실행 시간 : 5 ms
01:55:09.619 INFO  [http-nio-8093-exec-2] [MethodCallMonitorAspect.java-methodCallLog-32] getAccountInfo 함수 정상 반환 데이터 : public class org.springframework.http.ResponseEntity<T>
01:55:09.876 INFO  [http-nio-8093-exec-1] [JwtTokenProvider.java-validateToken-134] validateToken 함수 진입 : 토큰 Provider 에서 검증할 토큰을 가지고 왔는지 확인
01:55:09.876 INFO  [http-nio-8093-exec-1] [JwtTokenProvider.java-validateToken-137] Checking JWT Token
01:55:09.877 INFO  [http-nio-8093-exec-1] [JwtTokenProvider.java-validateToken-139] Valid JWT Token
01:55:09.879 INFO  [http-nio-8093-exec-1] [MethodCallMonitorAspect.java-methodCallLog-21] [AOP] 호출 함수 확인
01:55:09.879 INFO  [http-nio-8093-exec-1] [MethodCallMonitorAspect.java-methodCallLog-24] 함수 : getAccountInfo, 파라미터 : null
01:55:09.879 INFO  [http-nio-8093-exec-1] [TimeMonitorAspect.java-logTime-20] [AOP] 함수 실행 시간 로깅
01:55:09.879 INFO  [http-nio-8093-exec-1] [MemberController.java-getAccountInfo-107] [Member] 마이페이지에 조회될 로그인 회원 정보
01:55:09.879 INFO  [http-nio-8093-exec-1] [MemberService.java-getAccountInfo-346] 마이페이지에 조회될 로그인 회원 정보 조회 service
01:55:09.879 INFO  [http-nio-8093-exec-1] [JwtTokenProvider.java-validateToken-134] validateToken 함수 진입 : 토큰 Provider 에서 검증할 토큰을 가지고 왔는지 확인
01:55:09.880 INFO  [http-nio-8093-exec-1] [JwtTokenProvider.java-validateToken-137] Checking JWT Token
01:55:09.882 INFO  [http-nio-8093-exec-1] [JwtTokenProvider.java-validateToken-139] Valid JWT Token
01:55:09.882 INFO  [http-nio-8093-exec-1] [JwtTokenProvider.java-getMemberFromAuthentication-119] authentication 계정 이메일 아이디 - wlstpgns51@naver.com
01:55:09.884 INFO  [http-nio-8093-exec-1] [TimeMonitorAspect.java-logTime-32] ResponseEntity sh.user.supportershighuserbackend.member.controller.MemberController.getAccountInfo(HttpServletRequest) 실행 시간 : 5 ms
01:55:09.885 INFO  [http-nio-8093-exec-1] [MethodCallMonitorAspect.java-methodCallLog-32] getAccountInfo 함수 정상 반환 데이터 : public class org.springframework.http.ResponseEntity<T>
01:55:10.002 INFO  [http-nio-8093-exec-4] [JwtTokenProvider.java-validateToken-134] validateToken 함수 진입 : 토큰 Provider 에서 검증할 토큰을 가지고 왔는지 확인
01:55:10.003 INFO  [http-nio-8093-exec-4] [JwtTokenProvider.java-validateToken-137] Checking JWT Token
01:55:10.003 INFO  [http-nio-8093-exec-4] [JwtTokenProvider.java-validateToken-139] Valid JWT Token
01:55:10.004 INFO  [http-nio-8093-exec-4] [MethodCallMonitorAspect.java-methodCallLog-21] [AOP] 호출 함수 확인
01:55:10.005 INFO  [http-nio-8093-exec-4] [MethodCallMonitorAspect.java-methodCallLog-24] 함수 : getAccountInfo, 파라미터 : null
01:55:10.005 INFO  [http-nio-8093-exec-4] [TimeMonitorAspect.java-logTime-20] [AOP] 함수 실행 시간 로깅
01:55:10.005 INFO  [http-nio-8093-exec-4] [MemberController.java-getAccountInfo-107] [Member] 마이페이지에 조회될 로그인 회원 정보
01:55:10.005 INFO  [http-nio-8093-exec-4] [MemberService.java-getAccountInfo-346] 마이페이지에 조회될 로그인 회원 정보 조회 service
01:55:10.005 INFO  [http-nio-8093-exec-4] [JwtTokenProvider.java-validateToken-134] validateToken 함수 진입 : 토큰 Provider 에서 검증할 토큰을 가지고 왔는지 확인
01:55:10.005 INFO  [http-nio-8093-exec-4] [JwtTokenProvider.java-validateToken-137] Checking JWT Token
01:55:10.006 INFO  [http-nio-8093-exec-4] [JwtTokenProvider.java-validateToken-139] Valid JWT Token
01:55:10.006 INFO  [http-nio-8093-exec-4] [JwtTokenProvider.java-getMemberFromAuthentication-119] authentication 계정 이메일 아이디 - wlstpgns51@naver.com
01:55:10.011 INFO  [http-nio-8093-exec-4] [TimeMonitorAspect.java-logTime-32] ResponseEntity sh.user.supportershighuserbackend.member.controller.MemberController.getAccountInfo(HttpServletRequest) 실행 시간 : 6 ms
01:55:10.011 INFO  [http-nio-8093-exec-4] [MethodCallMonitorAspect.java-methodCallLog-32] getAccountInfo 함수 정상 반환 데이터 : public class org.springframework.http.ResponseEntity<T>
02:06:25.774 INFO  [http-nio-8093-exec-8] [JwtTokenProvider.java-validateToken-134] validateToken 함수 진입 : 토큰 Provider 에서 검증할 토큰을 가지고 왔는지 확인
02:06:25.774 INFO  [http-nio-8093-exec-8] [JwtTokenProvider.java-validateToken-137] Checking JWT Token
02:06:25.776 INFO  [http-nio-8093-exec-8] [JwtTokenProvider.java-validateToken-139] Valid JWT Token
02:06:25.780 INFO  [http-nio-8093-exec-8] [MethodCallMonitorAspect.java-methodCallLog-21] [AOP] 호출 함수 확인
02:06:25.780 INFO  [http-nio-8093-exec-8] [MethodCallMonitorAspect.java-methodCallLog-24] 함수 : getAccountInfo, 파라미터 : null
02:06:25.780 INFO  [http-nio-8093-exec-8] [TimeMonitorAspect.java-logTime-20] [AOP] 함수 실행 시간 로깅
02:06:25.780 INFO  [http-nio-8093-exec-8] [MemberController.java-getAccountInfo-107] [Member] 마이페이지에 조회될 로그인 회원 정보
02:06:25.780 INFO  [http-nio-8093-exec-8] [MemberService.java-getAccountInfo-346] 마이페이지에 조회될 로그인 회원 정보 조회 service
02:06:25.780 INFO  [http-nio-8093-exec-8] [JwtTokenProvider.java-validateToken-134] validateToken 함수 진입 : 토큰 Provider 에서 검증할 토큰을 가지고 왔는지 확인
02:06:25.780 INFO  [http-nio-8093-exec-8] [JwtTokenProvider.java-validateToken-137] Checking JWT Token
02:06:25.781 INFO  [http-nio-8093-exec-8] [JwtTokenProvider.java-validateToken-139] Valid JWT Token
02:06:25.781 INFO  [http-nio-8093-exec-8] [JwtTokenProvider.java-getMemberFromAuthentication-119] authentication 계정 이메일 아이디 - wlstpgns51@naver.com
02:06:25.785 INFO  [http-nio-8093-exec-8] [TimeMonitorAspect.java-logTime-32] ResponseEntity sh.user.supportershighuserbackend.member.controller.MemberController.getAccountInfo(HttpServletRequest) 실행 시간 : 5 ms
02:06:25.785 INFO  [http-nio-8093-exec-8] [MethodCallMonitorAspect.java-methodCallLog-32] getAccountInfo 함수 정상 반환 데이터 : public class org.springframework.http.ResponseEntity<T>
02:06:26.041 INFO  [http-nio-8093-exec-7] [JwtTokenProvider.java-validateToken-134] validateToken 함수 진입 : 토큰 Provider 에서 검증할 토큰을 가지고 왔는지 확인
02:06:26.041 INFO  [http-nio-8093-exec-7] [JwtTokenProvider.java-validateToken-137] Checking JWT Token
02:06:26.042 INFO  [http-nio-8093-exec-7] [JwtTokenProvider.java-validateToken-139] Valid JWT Token
02:06:26.044 INFO  [http-nio-8093-exec-7] [MethodCallMonitorAspect.java-methodCallLog-21] [AOP] 호출 함수 확인
02:06:26.044 INFO  [http-nio-8093-exec-7] [MethodCallMonitorAspect.java-methodCallLog-24] 함수 : getAccountInfo, 파라미터 : null
02:06:26.044 INFO  [http-nio-8093-exec-7] [TimeMonitorAspect.java-logTime-20] [AOP] 함수 실행 시간 로깅
02:06:26.044 INFO  [http-nio-8093-exec-7] [MemberController.java-getAccountInfo-107] [Member] 마이페이지에 조회될 로그인 회원 정보
02:06:26.044 INFO  [http-nio-8093-exec-7] [MemberService.java-getAccountInfo-346] 마이페이지에 조회될 로그인 회원 정보 조회 service
02:06:26.044 INFO  [http-nio-8093-exec-7] [JwtTokenProvider.java-validateToken-134] validateToken 함수 진입 : 토큰 Provider 에서 검증할 토큰을 가지고 왔는지 확인
02:06:26.044 INFO  [http-nio-8093-exec-7] [JwtTokenProvider.java-validateToken-137] Checking JWT Token
02:06:26.044 INFO  [http-nio-8093-exec-7] [JwtTokenProvider.java-validateToken-139] Valid JWT Token
02:06:26.045 INFO  [http-nio-8093-exec-7] [JwtTokenProvider.java-getMemberFromAuthentication-119] authentication 계정 이메일 아이디 - wlstpgns51@naver.com
02:06:26.047 INFO  [http-nio-8093-exec-7] [TimeMonitorAspect.java-logTime-32] ResponseEntity sh.user.supportershighuserbackend.member.controller.MemberController.getAccountInfo(HttpServletRequest) 실행 시간 : 3 ms
02:06:26.047 INFO  [http-nio-8093-exec-7] [MethodCallMonitorAspect.java-methodCallLog-32] getAccountInfo 함수 정상 반환 데이터 : public class org.springframework.http.ResponseEntity<T>
02:06:35.299 INFO  [http-nio-8093-exec-9] [JwtTokenProvider.java-validateToken-134] validateToken 함수 진입 : 토큰 Provider 에서 검증할 토큰을 가지고 왔는지 확인
02:06:35.299 INFO  [http-nio-8093-exec-9] [JwtTokenProvider.java-validateToken-137] Checking JWT Token
02:06:35.300 INFO  [http-nio-8093-exec-9] [JwtTokenProvider.java-validateToken-139] Valid JWT Token
02:06:35.301 INFO  [http-nio-8093-exec-9] [MethodCallMonitorAspect.java-methodCallLog-21] [AOP] 호출 함수 확인
02:06:35.301 INFO  [http-nio-8093-exec-9] [MethodCallMonitorAspect.java-methodCallLog-24] 함수 : getAccountInfo, 파라미터 : null
02:06:35.301 INFO  [http-nio-8093-exec-9] [TimeMonitorAspect.java-logTime-20] [AOP] 함수 실행 시간 로깅
02:06:35.302 INFO  [http-nio-8093-exec-9] [MemberController.java-getAccountInfo-107] [Member] 마이페이지에 조회될 로그인 회원 정보
02:06:35.302 INFO  [http-nio-8093-exec-9] [MemberService.java-getAccountInfo-346] 마이페이지에 조회될 로그인 회원 정보 조회 service
02:06:35.302 INFO  [http-nio-8093-exec-9] [JwtTokenProvider.java-validateToken-134] validateToken 함수 진입 : 토큰 Provider 에서 검증할 토큰을 가지고 왔는지 확인
02:06:35.302 INFO  [http-nio-8093-exec-9] [JwtTokenProvider.java-validateToken-137] Checking JWT Token
02:06:35.303 INFO  [http-nio-8093-exec-9] [JwtTokenProvider.java-validateToken-139] Valid JWT Token
02:06:35.304 INFO  [http-nio-8093-exec-9] [JwtTokenProvider.java-getMemberFromAuthentication-119] authentication 계정 이메일 아이디 - wlstpgns51@naver.com
02:06:35.306 INFO  [http-nio-8093-exec-9] [TimeMonitorAspect.java-logTime-32] ResponseEntity sh.user.supportershighuserbackend.member.controller.MemberController.getAccountInfo(HttpServletRequest) 실행 시간 : 5 ms
02:06:35.306 INFO  [http-nio-8093-exec-9] [MethodCallMonitorAspect.java-methodCallLog-32] getAccountInfo 함수 정상 반환 데이터 : public class org.springframework.http.ResponseEntity<T>
02:06:35.549 INFO  [http-nio-8093-exec-10] [JwtTokenProvider.java-validateToken-134] validateToken 함수 진입 : 토큰 Provider 에서 검증할 토큰을 가지고 왔는지 확인
02:06:35.549 INFO  [http-nio-8093-exec-10] [JwtTokenProvider.java-validateToken-137] Checking JWT Token
02:06:35.550 INFO  [http-nio-8093-exec-10] [JwtTokenProvider.java-validateToken-139] Valid JWT Token
02:06:35.551 INFO  [http-nio-8093-exec-10] [MethodCallMonitorAspect.java-methodCallLog-21] [AOP] 호출 함수 확인
02:06:35.552 INFO  [http-nio-8093-exec-10] [MethodCallMonitorAspect.java-methodCallLog-24] 함수 : getAccountInfo, 파라미터 : null
02:06:35.552 INFO  [http-nio-8093-exec-10] [TimeMonitorAspect.java-logTime-20] [AOP] 함수 실행 시간 로깅
02:06:35.552 INFO  [http-nio-8093-exec-10] [MemberController.java-getAccountInfo-107] [Member] 마이페이지에 조회될 로그인 회원 정보
02:06:35.552 INFO  [http-nio-8093-exec-10] [MemberService.java-getAccountInfo-346] 마이페이지에 조회될 로그인 회원 정보 조회 service
02:06:35.552 INFO  [http-nio-8093-exec-10] [JwtTokenProvider.java-validateToken-134] validateToken 함수 진입 : 토큰 Provider 에서 검증할 토큰을 가지고 왔는지 확인
02:06:35.552 INFO  [http-nio-8093-exec-10] [JwtTokenProvider.java-validateToken-137] Checking JWT Token
02:06:35.553 INFO  [http-nio-8093-exec-10] [JwtTokenProvider.java-validateToken-139] Valid JWT Token
02:06:35.553 INFO  [http-nio-8093-exec-10] [JwtTokenProvider.java-getMemberFromAuthentication-119] authentication 계정 이메일 아이디 - wlstpgns51@naver.com
02:06:35.555 INFO  [http-nio-8093-exec-10] [TimeMonitorAspect.java-logTime-32] ResponseEntity sh.user.supportershighuserbackend.member.controller.MemberController.getAccountInfo(HttpServletRequest) 실행 시간 : 3 ms
02:06:35.555 INFO  [http-nio-8093-exec-10] [MethodCallMonitorAspect.java-methodCallLog-32] getAccountInfo 함수 정상 반환 데이터 : public class org.springframework.http.ResponseEntity<T>
02:08:49.303 INFO  [http-nio-8093-exec-4] [JwtTokenProvider.java-validateToken-134] validateToken 함수 진입 : 토큰 Provider 에서 검증할 토큰을 가지고 왔는지 확인
02:08:49.304 INFO  [http-nio-8093-exec-4] [JwtTokenProvider.java-validateToken-137] Checking JWT Token
02:08:49.305 INFO  [http-nio-8093-exec-4] [JwtTokenProvider.java-validateToken-139] Valid JWT Token
02:08:49.307 INFO  [http-nio-8093-exec-4] [MethodCallMonitorAspect.java-methodCallLog-21] [AOP] 호출 함수 확인
02:08:49.307 INFO  [http-nio-8093-exec-4] [MethodCallMonitorAspect.java-methodCallLog-24] 함수 : getAccountInfo, 파라미터 : null
02:08:49.307 INFO  [http-nio-8093-exec-4] [TimeMonitorAspect.java-logTime-20] [AOP] 함수 실행 시간 로깅
02:08:49.307 INFO  [http-nio-8093-exec-4] [MemberController.java-getAccountInfo-107] [Member] 마이페이지에 조회될 로그인 회원 정보
02:08:49.307 INFO  [http-nio-8093-exec-4] [MemberService.java-getAccountInfo-346] 마이페이지에 조회될 로그인 회원 정보 조회 service
02:08:49.307 INFO  [http-nio-8093-exec-4] [JwtTokenProvider.java-validateToken-134] validateToken 함수 진입 : 토큰 Provider 에서 검증할 토큰을 가지고 왔는지 확인
02:08:49.307 INFO  [http-nio-8093-exec-4] [JwtTokenProvider.java-validateToken-137] Checking JWT Token
02:08:49.308 INFO  [http-nio-8093-exec-4] [JwtTokenProvider.java-validateToken-139] Valid JWT Token
02:08:49.308 INFO  [http-nio-8093-exec-4] [JwtTokenProvider.java-getMemberFromAuthentication-119] authentication 계정 이메일 아이디 - wlstpgns51@naver.com
02:08:49.312 INFO  [http-nio-8093-exec-4] [TimeMonitorAspect.java-logTime-32] ResponseEntity sh.user.supportershighuserbackend.member.controller.MemberController.getAccountInfo(HttpServletRequest) 실행 시간 : 4 ms
02:08:49.312 INFO  [http-nio-8093-exec-4] [MethodCallMonitorAspect.java-methodCallLog-32] getAccountInfo 함수 정상 반환 데이터 : public class org.springframework.http.ResponseEntity<T>
02:08:49.588 INFO  [http-nio-8093-exec-3] [JwtTokenProvider.java-validateToken-134] validateToken 함수 진입 : 토큰 Provider 에서 검증할 토큰을 가지고 왔는지 확인
02:08:49.588 INFO  [http-nio-8093-exec-3] [JwtTokenProvider.java-validateToken-137] Checking JWT Token
02:08:49.589 INFO  [http-nio-8093-exec-3] [JwtTokenProvider.java-validateToken-139] Valid JWT Token
02:08:49.590 INFO  [http-nio-8093-exec-3] [MethodCallMonitorAspect.java-methodCallLog-21] [AOP] 호출 함수 확인
02:08:49.590 INFO  [http-nio-8093-exec-3] [MethodCallMonitorAspect.java-methodCallLog-24] 함수 : getAccountInfo, 파라미터 : null
02:08:49.590 INFO  [http-nio-8093-exec-3] [TimeMonitorAspect.java-logTime-20] [AOP] 함수 실행 시간 로깅
02:08:49.590 INFO  [http-nio-8093-exec-3] [MemberController.java-getAccountInfo-107] [Member] 마이페이지에 조회될 로그인 회원 정보
02:08:49.590 INFO  [http-nio-8093-exec-3] [MemberService.java-getAccountInfo-346] 마이페이지에 조회될 로그인 회원 정보 조회 service
02:08:49.590 INFO  [http-nio-8093-exec-3] [JwtTokenProvider.java-validateToken-134] validateToken 함수 진입 : 토큰 Provider 에서 검증할 토큰을 가지고 왔는지 확인
02:08:49.591 INFO  [http-nio-8093-exec-3] [JwtTokenProvider.java-validateToken-137] Checking JWT Token
02:08:49.591 INFO  [http-nio-8093-exec-3] [JwtTokenProvider.java-validateToken-139] Valid JWT Token
02:08:49.591 INFO  [http-nio-8093-exec-3] [JwtTokenProvider.java-getMemberFromAuthentication-119] authentication 계정 이메일 아이디 - wlstpgns51@naver.com
02:08:49.594 INFO  [http-nio-8093-exec-3] [TimeMonitorAspect.java-logTime-32] ResponseEntity sh.user.supportershighuserbackend.member.controller.MemberController.getAccountInfo(HttpServletRequest) 실행 시간 : 4 ms
02:08:49.594 INFO  [http-nio-8093-exec-3] [MethodCallMonitorAspect.java-methodCallLog-32] getAccountInfo 함수 정상 반환 데이터 : public class org.springframework.http.ResponseEntity<T>
02:08:54.213 INFO  [http-nio-8093-exec-5] [JwtTokenProvider.java-validateToken-134] validateToken 함수 진입 : 토큰 Provider 에서 검증할 토큰을 가지고 왔는지 확인
02:08:54.213 INFO  [http-nio-8093-exec-5] [JwtTokenProvider.java-validateToken-137] Checking JWT Token
02:08:54.214 INFO  [http-nio-8093-exec-5] [JwtTokenProvider.java-validateToken-139] Valid JWT Token
02:08:54.216 INFO  [http-nio-8093-exec-5] [MethodCallMonitorAspect.java-methodCallLog-21] [AOP] 호출 함수 확인
02:08:54.216 INFO  [http-nio-8093-exec-5] [MethodCallMonitorAspect.java-methodCallLog-24] 함수 : getAccountInfo, 파라미터 : null
02:08:54.216 INFO  [http-nio-8093-exec-5] [TimeMonitorAspect.java-logTime-20] [AOP] 함수 실행 시간 로깅
02:08:54.216 INFO  [http-nio-8093-exec-5] [MemberController.java-getAccountInfo-107] [Member] 마이페이지에 조회될 로그인 회원 정보
02:08:54.216 INFO  [http-nio-8093-exec-5] [MemberService.java-getAccountInfo-346] 마이페이지에 조회될 로그인 회원 정보 조회 service
02:08:54.216 INFO  [http-nio-8093-exec-5] [JwtTokenProvider.java-validateToken-134] validateToken 함수 진입 : 토큰 Provider 에서 검증할 토큰을 가지고 왔는지 확인
02:08:54.216 INFO  [http-nio-8093-exec-5] [JwtTokenProvider.java-validateToken-137] Checking JWT Token
02:08:54.219 INFO  [http-nio-8093-exec-5] [JwtTokenProvider.java-validateToken-139] Valid JWT Token
02:08:54.219 INFO  [http-nio-8093-exec-5] [JwtTokenProvider.java-getMemberFromAuthentication-119] authentication 계정 이메일 아이디 - wlstpgns51@naver.com
02:08:54.222 INFO  [http-nio-8093-exec-5] [TimeMonitorAspect.java-logTime-32] ResponseEntity sh.user.supportershighuserbackend.member.controller.MemberController.getAccountInfo(HttpServletRequest) 실행 시간 : 6 ms
02:08:54.222 INFO  [http-nio-8093-exec-5] [MethodCallMonitorAspect.java-methodCallLog-32] getAccountInfo 함수 정상 반환 데이터 : public class org.springframework.http.ResponseEntity<T>
02:08:54.344 INFO  [http-nio-8093-exec-7] [JwtTokenProvider.java-validateToken-134] validateToken 함수 진입 : 토큰 Provider 에서 검증할 토큰을 가지고 왔는지 확인
02:08:54.344 INFO  [http-nio-8093-exec-7] [JwtTokenProvider.java-validateToken-137] Checking JWT Token
02:08:54.345 INFO  [http-nio-8093-exec-7] [JwtTokenProvider.java-validateToken-139] Valid JWT Token
02:08:54.347 INFO  [http-nio-8093-exec-7] [MethodCallMonitorAspect.java-methodCallLog-21] [AOP] 호출 함수 확인
02:08:54.347 INFO  [http-nio-8093-exec-7] [MethodCallMonitorAspect.java-methodCallLog-24] 함수 : getAllLeague, 파라미터 : null
02:08:54.347 INFO  [http-nio-8093-exec-7] [TimeMonitorAspect.java-logTime-20] [AOP] 함수 실행 시간 로깅
02:08:54.347 INFO  [http-nio-8093-exec-7] [LeagueController.java-getAllLeague-30] [League] 회원가입 시 선택할 수 있도록 전체 리그 정보 호출
02:08:54.347 INFO  [http-nio-8093-exec-7] [LeagueService.java-getAllLeague-26] 회원가입 전체 리그 정보 호출 service
02:08:54.349 INFO  [http-nio-8093-exec-7] [TimeMonitorAspect.java-logTime-32] ResponseEntity sh.user.supportershighuserbackend.league.controller.LeagueController.getAllLeague(HttpServletRequest) 실행 시간 : 2 ms
02:08:54.349 INFO  [http-nio-8093-exec-7] [MethodCallMonitorAspect.java-methodCallLog-32] getAllLeague 함수 정상 반환 데이터 : public class org.springframework.http.ResponseEntity<T>
02:08:54.475 INFO  [http-nio-8093-exec-9] [JwtTokenProvider.java-validateToken-134] validateToken 함수 진입 : 토큰 Provider 에서 검증할 토큰을 가지고 왔는지 확인
02:08:54.475 INFO  [http-nio-8093-exec-9] [JwtTokenProvider.java-validateToken-137] Checking JWT Token
02:08:54.476 INFO  [http-nio-8093-exec-9] [JwtTokenProvider.java-validateToken-139] Valid JWT Token
02:08:54.477 INFO  [http-nio-8093-exec-9] [MethodCallMonitorAspect.java-methodCallLog-21] [AOP] 호출 함수 확인
02:08:54.477 INFO  [http-nio-8093-exec-9] [MethodCallMonitorAspect.java-methodCallLog-24] 함수 : getAccountInfo, 파라미터 : null
02:08:54.477 INFO  [http-nio-8093-exec-9] [TimeMonitorAspect.java-logTime-20] [AOP] 함수 실행 시간 로깅
02:08:54.477 INFO  [http-nio-8093-exec-9] [MemberController.java-getAccountInfo-107] [Member] 마이페이지에 조회될 로그인 회원 정보
02:08:54.477 INFO  [http-nio-8093-exec-9] [MemberService.java-getAccountInfo-346] 마이페이지에 조회될 로그인 회원 정보 조회 service
02:08:54.477 INFO  [http-nio-8093-exec-9] [JwtTokenProvider.java-validateToken-134] validateToken 함수 진입 : 토큰 Provider 에서 검증할 토큰을 가지고 왔는지 확인
02:08:54.478 INFO  [http-nio-8093-exec-9] [JwtTokenProvider.java-validateToken-137] Checking JWT Token
02:08:54.479 INFO  [http-nio-8093-exec-9] [JwtTokenProvider.java-validateToken-139] Valid JWT Token
02:08:54.479 INFO  [http-nio-8093-exec-9] [JwtTokenProvider.java-getMemberFromAuthentication-119] authentication 계정 이메일 아이디 - wlstpgns51@naver.com
02:08:54.481 INFO  [http-nio-8093-exec-9] [TimeMonitorAspect.java-logTime-32] ResponseEntity sh.user.supportershighuserbackend.member.controller.MemberController.getAccountInfo(HttpServletRequest) 실행 시간 : 4 ms
02:08:54.481 INFO  [http-nio-8093-exec-9] [MethodCallMonitorAspect.java-methodCallLog-32] getAccountInfo 함수 정상 반환 데이터 : public class org.springframework.http.ResponseEntity<T>
02:08:54.602 INFO  [http-nio-8093-exec-10] [JwtTokenProvider.java-validateToken-134] validateToken 함수 진입 : 토큰 Provider 에서 검증할 토큰을 가지고 왔는지 확인
02:08:54.603 INFO  [http-nio-8093-exec-10] [JwtTokenProvider.java-validateToken-137] Checking JWT Token
02:08:54.603 INFO  [http-nio-8093-exec-10] [JwtTokenProvider.java-validateToken-139] Valid JWT Token
02:08:54.604 INFO  [http-nio-8093-exec-10] [MethodCallMonitorAspect.java-methodCallLog-21] [AOP] 호출 함수 확인
02:08:54.604 INFO  [http-nio-8093-exec-10] [MethodCallMonitorAspect.java-methodCallLog-24] 함수 : getAllLeague, 파라미터 : null
02:08:54.604 INFO  [http-nio-8093-exec-10] [TimeMonitorAspect.java-logTime-20] [AOP] 함수 실행 시간 로깅
02:08:54.604 INFO  [http-nio-8093-exec-10] [LeagueController.java-getAllLeague-30] [League] 회원가입 시 선택할 수 있도록 전체 리그 정보 호출
02:08:54.604 INFO  [http-nio-8093-exec-10] [LeagueService.java-getAllLeague-26] 회원가입 전체 리그 정보 호출 service
02:08:54.606 INFO  [http-nio-8093-exec-10] [TimeMonitorAspect.java-logTime-32] ResponseEntity sh.user.supportershighuserbackend.league.controller.LeagueController.getAllLeague(HttpServletRequest) 실행 시간 : 2 ms
02:08:54.606 INFO  [http-nio-8093-exec-10] [MethodCallMonitorAspect.java-methodCallLog-32] getAllLeague 함수 정상 반환 데이터 : public class org.springframework.http.ResponseEntity<T>
02:09:18.083 INFO  [http-nio-8093-exec-1] [JwtTokenProvider.java-validateToken-134] validateToken 함수 진입 : 토큰 Provider 에서 검증할 토큰을 가지고 왔는지 확인
02:09:18.083 INFO  [http-nio-8093-exec-1] [JwtTokenProvider.java-validateToken-137] Checking JWT Token
02:09:18.084 INFO  [http-nio-8093-exec-1] [JwtTokenProvider.java-validateToken-139] Valid JWT Token
02:09:18.086 INFO  [http-nio-8093-exec-1] [MethodCallMonitorAspect.java-methodCallLog-21] [AOP] 호출 함수 확인
02:09:18.086 INFO  [http-nio-8093-exec-1] [MethodCallMonitorAspect.java-methodCallLog-24] 함수 : getAccountInfo, 파라미터 : null
02:09:18.086 INFO  [http-nio-8093-exec-1] [TimeMonitorAspect.java-logTime-20] [AOP] 함수 실행 시간 로깅
02:09:18.086 INFO  [http-nio-8093-exec-1] [MemberController.java-getAccountInfo-107] [Member] 마이페이지에 조회될 로그인 회원 정보
02:09:18.086 INFO  [http-nio-8093-exec-1] [MemberService.java-getAccountInfo-346] 마이페이지에 조회될 로그인 회원 정보 조회 service
02:09:18.086 INFO  [http-nio-8093-exec-1] [JwtTokenProvider.java-validateToken-134] validateToken 함수 진입 : 토큰 Provider 에서 검증할 토큰을 가지고 왔는지 확인
02:09:18.086 INFO  [http-nio-8093-exec-1] [JwtTokenProvider.java-validateToken-137] Checking JWT Token
02:09:18.087 INFO  [http-nio-8093-exec-1] [JwtTokenProvider.java-validateToken-139] Valid JWT Token
02:09:18.087 INFO  [http-nio-8093-exec-1] [JwtTokenProvider.java-getMemberFromAuthentication-119] authentication 계정 이메일 아이디 - wlstpgns51@naver.com
02:09:18.090 INFO  [http-nio-8093-exec-1] [TimeMonitorAspect.java-logTime-32] ResponseEntity sh.user.supportershighuserbackend.member.controller.MemberController.getAccountInfo(HttpServletRequest) 실행 시간 : 4 ms
02:09:18.090 INFO  [http-nio-8093-exec-1] [MethodCallMonitorAspect.java-methodCallLog-32] getAccountInfo 함수 정상 반환 데이터 : public class org.springframework.http.ResponseEntity<T>
02:09:18.247 INFO  [http-nio-8093-exec-3] [JwtTokenProvider.java-validateToken-134] validateToken 함수 진입 : 토큰 Provider 에서 검증할 토큰을 가지고 왔는지 확인
02:09:18.247 INFO  [http-nio-8093-exec-3] [JwtTokenProvider.java-validateToken-137] Checking JWT Token
02:09:18.249 INFO  [http-nio-8093-exec-3] [JwtTokenProvider.java-validateToken-139] Valid JWT Token
02:09:18.251 INFO  [http-nio-8093-exec-3] [MethodCallMonitorAspect.java-methodCallLog-21] [AOP] 호출 함수 확인
02:09:18.251 INFO  [http-nio-8093-exec-3] [MethodCallMonitorAspect.java-methodCallLog-24] 함수 : getAllLeague, 파라미터 : null
02:09:18.251 INFO  [http-nio-8093-exec-3] [TimeMonitorAspect.java-logTime-20] [AOP] 함수 실행 시간 로깅
02:09:18.251 INFO  [http-nio-8093-exec-3] [LeagueController.java-getAllLeague-30] [League] 회원가입 시 선택할 수 있도록 전체 리그 정보 호출
02:09:18.251 INFO  [http-nio-8093-exec-3] [LeagueService.java-getAllLeague-26] 회원가입 전체 리그 정보 호출 service
02:09:18.254 INFO  [http-nio-8093-exec-3] [TimeMonitorAspect.java-logTime-32] ResponseEntity sh.user.supportershighuserbackend.league.controller.LeagueController.getAllLeague(HttpServletRequest) 실행 시간 : 3 ms
02:09:18.254 INFO  [http-nio-8093-exec-3] [MethodCallMonitorAspect.java-methodCallLog-32] getAllLeague 함수 정상 반환 데이터 : public class org.springframework.http.ResponseEntity<T>
02:09:18.541 INFO  [http-nio-8093-exec-5] [JwtTokenProvider.java-validateToken-134] validateToken 함수 진입 : 토큰 Provider 에서 검증할 토큰을 가지고 왔는지 확인
02:09:18.541 INFO  [http-nio-8093-exec-5] [JwtTokenProvider.java-validateToken-137] Checking JWT Token
02:09:18.542 INFO  [http-nio-8093-exec-5] [JwtTokenProvider.java-validateToken-139] Valid JWT Token
02:09:18.543 INFO  [http-nio-8093-exec-5] [MethodCallMonitorAspect.java-methodCallLog-21] [AOP] 호출 함수 확인
02:09:18.543 INFO  [http-nio-8093-exec-5] [MethodCallMonitorAspect.java-methodCallLog-24] 함수 : getAccountInfo, 파라미터 : null
02:09:18.543 INFO  [http-nio-8093-exec-5] [TimeMonitorAspect.java-logTime-20] [AOP] 함수 실행 시간 로깅
02:09:18.543 INFO  [http-nio-8093-exec-5] [MemberController.java-getAccountInfo-107] [Member] 마이페이지에 조회될 로그인 회원 정보
02:09:18.543 INFO  [http-nio-8093-exec-5] [MemberService.java-getAccountInfo-346] 마이페이지에 조회될 로그인 회원 정보 조회 service
02:09:18.543 INFO  [http-nio-8093-exec-5] [JwtTokenProvider.java-validateToken-134] validateToken 함수 진입 : 토큰 Provider 에서 검증할 토큰을 가지고 왔는지 확인
02:09:18.543 INFO  [http-nio-8093-exec-5] [JwtTokenProvider.java-validateToken-137] Checking JWT Token
02:09:18.544 INFO  [http-nio-8093-exec-5] [JwtTokenProvider.java-validateToken-139] Valid JWT Token
02:09:18.544 INFO  [http-nio-8093-exec-5] [JwtTokenProvider.java-getMemberFromAuthentication-119] authentication 계정 이메일 아이디 - wlstpgns51@naver.com
02:09:18.547 INFO  [http-nio-8093-exec-5] [TimeMonitorAspect.java-logTime-32] ResponseEntity sh.user.supportershighuserbackend.member.controller.MemberController.getAccountInfo(HttpServletRequest) 실행 시간 : 3 ms
02:09:18.547 INFO  [http-nio-8093-exec-5] [MethodCallMonitorAspect.java-methodCallLog-32] getAccountInfo 함수 정상 반환 데이터 : public class org.springframework.http.ResponseEntity<T>
02:09:18.669 INFO  [http-nio-8093-exec-8] [JwtTokenProvider.java-validateToken-134] validateToken 함수 진입 : 토큰 Provider 에서 검증할 토큰을 가지고 왔는지 확인
02:09:18.670 INFO  [http-nio-8093-exec-8] [JwtTokenProvider.java-validateToken-137] Checking JWT Token
02:09:18.671 INFO  [http-nio-8093-exec-8] [JwtTokenProvider.java-validateToken-139] Valid JWT Token
02:09:18.672 INFO  [http-nio-8093-exec-8] [MethodCallMonitorAspect.java-methodCallLog-21] [AOP] 호출 함수 확인
02:09:18.672 INFO  [http-nio-8093-exec-8] [MethodCallMonitorAspect.java-methodCallLog-24] 함수 : getAllLeague, 파라미터 : null
02:09:18.672 INFO  [http-nio-8093-exec-8] [TimeMonitorAspect.java-logTime-20] [AOP] 함수 실행 시간 로깅
02:09:18.672 INFO  [http-nio-8093-exec-8] [LeagueController.java-getAllLeague-30] [League] 회원가입 시 선택할 수 있도록 전체 리그 정보 호출
02:09:18.672 INFO  [http-nio-8093-exec-8] [LeagueService.java-getAllLeague-26] 회원가입 전체 리그 정보 호출 service
02:09:18.674 INFO  [http-nio-8093-exec-8] [TimeMonitorAspect.java-logTime-32] ResponseEntity sh.user.supportershighuserbackend.league.controller.LeagueController.getAllLeague(HttpServletRequest) 실행 시간 : 2 ms
02:09:18.674 INFO  [http-nio-8093-exec-8] [MethodCallMonitorAspect.java-methodCallLog-32] getAllLeague 함수 정상 반환 데이터 : public class org.springframework.http.ResponseEntity<T>
02:09:23.536 INFO  [http-nio-8093-exec-6] [JwtTokenProvider.java-validateToken-134] validateToken 함수 진입 : 토큰 Provider 에서 검증할 토큰을 가지고 왔는지 확인
02:09:23.536 INFO  [http-nio-8093-exec-6] [JwtTokenProvider.java-validateToken-137] Checking JWT Token
02:09:23.537 INFO  [http-nio-8093-exec-6] [JwtTokenProvider.java-validateToken-139] Valid JWT Token
02:09:23.538 INFO  [http-nio-8093-exec-6] [MethodCallMonitorAspect.java-methodCallLog-21] [AOP] 호출 함수 확인
02:09:23.538 INFO  [http-nio-8093-exec-6] [MethodCallMonitorAspect.java-methodCallLog-24] 함수 : getAccountInfo, 파라미터 : null
02:09:23.538 INFO  [http-nio-8093-exec-6] [TimeMonitorAspect.java-logTime-20] [AOP] 함수 실행 시간 로깅
02:09:23.538 INFO  [http-nio-8093-exec-6] [MemberController.java-getAccountInfo-107] [Member] 마이페이지에 조회될 로그인 회원 정보
02:09:23.538 INFO  [http-nio-8093-exec-6] [MemberService.java-getAccountInfo-346] 마이페이지에 조회될 로그인 회원 정보 조회 service
02:09:23.538 INFO  [http-nio-8093-exec-6] [JwtTokenProvider.java-validateToken-134] validateToken 함수 진입 : 토큰 Provider 에서 검증할 토큰을 가지고 왔는지 확인
02:09:23.538 INFO  [http-nio-8093-exec-6] [JwtTokenProvider.java-validateToken-137] Checking JWT Token
02:09:23.541 INFO  [http-nio-8093-exec-6] [JwtTokenProvider.java-validateToken-139] Valid JWT Token
02:09:23.541 INFO  [http-nio-8093-exec-6] [JwtTokenProvider.java-getMemberFromAuthentication-119] authentication 계정 이메일 아이디 - wlstpgns51@naver.com
02:09:23.543 INFO  [http-nio-8093-exec-6] [TimeMonitorAspect.java-logTime-32] ResponseEntity sh.user.supportershighuserbackend.member.controller.MemberController.getAccountInfo(HttpServletRequest) 실행 시간 : 5 ms
02:09:23.544 INFO  [http-nio-8093-exec-6] [MethodCallMonitorAspect.java-methodCallLog-32] getAccountInfo 함수 정상 반환 데이터 : public class org.springframework.http.ResponseEntity<T>
02:09:23.792 INFO  [http-nio-8093-exec-9] [JwtTokenProvider.java-validateToken-134] validateToken 함수 진입 : 토큰 Provider 에서 검증할 토큰을 가지고 왔는지 확인
02:09:23.792 INFO  [http-nio-8093-exec-9] [JwtTokenProvider.java-validateToken-137] Checking JWT Token
02:09:23.794 INFO  [http-nio-8093-exec-9] [JwtTokenProvider.java-validateToken-139] Valid JWT Token
02:09:23.795 INFO  [http-nio-8093-exec-9] [MethodCallMonitorAspect.java-methodCallLog-21] [AOP] 호출 함수 확인
02:09:23.795 INFO  [http-nio-8093-exec-9] [MethodCallMonitorAspect.java-methodCallLog-24] 함수 : getAccountInfo, 파라미터 : null
02:09:23.795 INFO  [http-nio-8093-exec-9] [TimeMonitorAspect.java-logTime-20] [AOP] 함수 실행 시간 로깅
02:09:23.795 INFO  [http-nio-8093-exec-9] [MemberController.java-getAccountInfo-107] [Member] 마이페이지에 조회될 로그인 회원 정보
02:09:23.795 INFO  [http-nio-8093-exec-9] [MemberService.java-getAccountInfo-346] 마이페이지에 조회될 로그인 회원 정보 조회 service
02:09:23.795 INFO  [http-nio-8093-exec-9] [JwtTokenProvider.java-validateToken-134] validateToken 함수 진입 : 토큰 Provider 에서 검증할 토큰을 가지고 왔는지 확인
02:09:23.795 INFO  [http-nio-8093-exec-9] [JwtTokenProvider.java-validateToken-137] Checking JWT Token
02:09:23.796 INFO  [http-nio-8093-exec-9] [JwtTokenProvider.java-validateToken-139] Valid JWT Token
02:09:23.796 INFO  [http-nio-8093-exec-9] [JwtTokenProvider.java-getMemberFromAuthentication-119] authentication 계정 이메일 아이디 - wlstpgns51@naver.com
02:09:23.798 INFO  [http-nio-8093-exec-9] [TimeMonitorAspect.java-logTime-32] ResponseEntity sh.user.supportershighuserbackend.member.controller.MemberController.getAccountInfo(HttpServletRequest) 실행 시간 : 3 ms
02:09:23.799 INFO  [http-nio-8093-exec-9] [MethodCallMonitorAspect.java-methodCallLog-32] getAccountInfo 함수 정상 반환 데이터 : public class org.springframework.http.ResponseEntity<T>
02:09:23.926 INFO  [http-nio-8093-exec-10] [JwtTokenProvider.java-validateToken-134] validateToken 함수 진입 : 토큰 Provider 에서 검증할 토큰을 가지고 왔는지 확인
02:09:23.926 INFO  [http-nio-8093-exec-10] [JwtTokenProvider.java-validateToken-137] Checking JWT Token
02:09:23.927 INFO  [http-nio-8093-exec-10] [JwtTokenProvider.java-validateToken-139] Valid JWT Token
02:09:23.928 INFO  [http-nio-8093-exec-10] [MethodCallMonitorAspect.java-methodCallLog-21] [AOP] 호출 함수 확인
02:09:23.928 INFO  [http-nio-8093-exec-10] [MethodCallMonitorAspect.java-methodCallLog-24] 함수 : getAccountInfo, 파라미터 : null
02:09:23.928 INFO  [http-nio-8093-exec-10] [TimeMonitorAspect.java-logTime-20] [AOP] 함수 실행 시간 로깅
02:09:23.928 INFO  [http-nio-8093-exec-10] [MemberController.java-getAccountInfo-107] [Member] 마이페이지에 조회될 로그인 회원 정보
02:09:23.928 INFO  [http-nio-8093-exec-10] [MemberService.java-getAccountInfo-346] 마이페이지에 조회될 로그인 회원 정보 조회 service
02:09:23.928 INFO  [http-nio-8093-exec-10] [JwtTokenProvider.java-validateToken-134] validateToken 함수 진입 : 토큰 Provider 에서 검증할 토큰을 가지고 왔는지 확인
02:09:23.928 INFO  [http-nio-8093-exec-10] [JwtTokenProvider.java-validateToken-137] Checking JWT Token
02:09:23.929 INFO  [http-nio-8093-exec-10] [JwtTokenProvider.java-validateToken-139] Valid JWT Token
02:09:23.929 INFO  [http-nio-8093-exec-10] [JwtTokenProvider.java-getMemberFromAuthentication-119] authentication 계정 이메일 아이디 - wlstpgns51@naver.com
02:09:23.931 INFO  [http-nio-8093-exec-10] [TimeMonitorAspect.java-logTime-32] ResponseEntity sh.user.supportershighuserbackend.member.controller.MemberController.getAccountInfo(HttpServletRequest) 실행 시간 : 3 ms
02:09:23.932 INFO  [http-nio-8093-exec-10] [MethodCallMonitorAspect.java-methodCallLog-32] getAccountInfo 함수 정상 반환 데이터 : public class org.springframework.http.ResponseEntity<T>
02:11:20.530 INFO  [http-nio-8093-exec-4] [JwtTokenProvider.java-validateToken-134] validateToken 함수 진입 : 토큰 Provider 에서 검증할 토큰을 가지고 왔는지 확인
02:11:20.530 INFO  [http-nio-8093-exec-4] [JwtTokenProvider.java-validateToken-137] Checking JWT Token
02:11:20.532 INFO  [http-nio-8093-exec-4] [JwtTokenProvider.java-validateToken-144] Expired JWT Token
io.jsonwebtoken.ExpiredJwtException: JWT expired at 2025-09-22T16:23:56Z. Current time: 2025-10-08T17:11:20Z, a difference of 1385244531 milliseconds.  Allowed clock skew: 0 milliseconds.
	at io.jsonwebtoken.impl.DefaultJwtParser.parse(DefaultJwtParser.java:427)
	at io.jsonwebtoken.impl.DefaultJwtParser.parse(DefaultJwtParser.java:529)
	at io.jsonwebtoken.impl.DefaultJwtParser.parseClaimsJws(DefaultJwtParser.java:589)
	at io.jsonwebtoken.impl.ImmutableJwtParser.parseClaimsJws(ImmutableJwtParser.java:173)
	at sh.user.supportershighuserbackend.jwt.service.JwtTokenProvider.validateToken(JwtTokenProvider.java:138)
	at sh.user.supportershighuserbackend.jwt.service.JwtAuthenticationFilter.doFilter(JwtAuthenticationFilter.java:28)
	at org.springframework.security.web.FilterChainProxy$VirtualFilterChain.doFilter(FilterChainProxy.java:374)
	at org.springframework.security.web.authentication.logout.LogoutFilter.doFilter(LogoutFilter.java:107)
	at org.springframework.security.web.authentication.logout.LogoutFilter.doFilter(LogoutFilter.java:93)
	at org.springframework.security.web.FilterChainProxy$VirtualFilterChain.doFilter(FilterChainProxy.java:374)
	at org.springframework.web.filter.CorsFilter.doFilterInternal(CorsFilter.java:91)
	at org.springframework.web.filter.OncePerRequestFilter.doFilter(OncePerRequestFilter.java:116)
	at org.springframework.security.web.FilterChainProxy$VirtualFilterChain.doFilter(FilterChainProxy.java:374)
	at org.springframework.security.web.header.HeaderWriterFilter.doHeadersAfter(HeaderWriterFilter.java:90)
	at org.springframework.security.web.header.HeaderWriterFilter.doFilterInternal(HeaderWriterFilter.java:75)
	at org.springframework.web.filter.OncePerRequestFilter.doFilter(OncePerRequestFilter.java:116)
	at org.springframework.security.web.FilterChainProxy$VirtualFilterChain.doFilter(FilterChainProxy.java:374)
	at org.springframework.security.web.context.SecurityContextHolderFilter.doFilter(SecurityContextHolderFilter.java:82)
	at org.springframework.security.web.context.SecurityContextHolderFilter.doFilter(SecurityContextHolderFilter.java:69)
	at org.springframework.security.web.FilterChainProxy$VirtualFilterChain.doFilter(FilterChainProxy.java:374)
	at org.springframework.security.web.context.request.async.WebAsyncManagerIntegrationFilter.doFilterInternal(WebAsyncManagerIntegrationFilter.java:62)
	at org.springframework.web.filter.OncePerRequestFilter.doFilter(OncePerRequestFilter.java:116)
	at org.springframework.security.web.FilterChainProxy$VirtualFilterChain.doFilter(FilterChainProxy.java:374)
	at org.springframework.security.web.session.DisableEncodeUrlFilter.doFilterInternal(DisableEncodeUrlFilter.java:42)
	at org.springframework.web.filter.OncePerRequestFilter.doFilter(OncePerRequestFilter.java:116)
	at org.springframework.security.web.FilterChainProxy$VirtualFilterChain.doFilter(FilterChainProxy.java:374)
	at org.springframework.security.web.FilterChainProxy.doFilterInternal(FilterChainProxy.java:233)
	at org.springframework.security.web.FilterChainProxy.doFilter(FilterChainProxy.java:191)
	at java.base/jdk.internal.reflect.DirectMethodHandleAccessor.invoke(DirectMethodHandleAccessor.java:104)
	at java.base/java.lang.reflect.Method.invoke(Method.java:565)
	at org.springframework.aop.support.AopUtils.invokeJoinpointUsingReflection(AopUtils.java:360)
	at org.springframework.aop.framework.ReflectiveMethodInvocation.invokeJoinpoint(ReflectiveMethodInvocation.java:196)
	at org.springframework.aop.framework.ReflectiveMethodInvocation.proceed(ReflectiveMethodInvocation.java:163)
	at org.springframework.aop.aspectj.MethodInvocationProceedingJoinPoint.proceed(MethodInvocationProceedingJoinPoint.java:89)
	at sh.user.supportershighuserbackend.configuration.AopConfig.handleRequestRejectedException(AopConfig.java:19)
	at java.base/jdk.internal.reflect.DirectMethodHandleAccessor.invoke(DirectMethodHandleAccessor.java:104)
	at java.base/java.lang.reflect.Method.invoke(Method.java:565)
	at org.springframework.aop.aspectj.AbstractAspectJAdvice.invokeAdviceMethodWithGivenArgs(AbstractAspectJAdvice.java:649)
	at org.springframework.aop.aspectj.AbstractAspectJAdvice.invokeAdviceMethod(AbstractAspectJAdvice.java:631)
	at org.springframework.aop.aspectj.AspectJAroundAdvice.invoke(AspectJAroundAdvice.java:71)
	at org.springframework.aop.framework.ReflectiveMethodInvocation.proceed(ReflectiveMethodInvocation.java:184)
	at org.springframework.aop.interceptor.ExposeInvocationInterceptor.invoke(ExposeInvocationInterceptor.java:97)
	at org.springframework.aop.framework.ReflectiveMethodInvocation.proceed(ReflectiveMethodInvocation.java:184)
	at org.springframework.aop.framework.CglibAopProxy$DynamicAdvisedInterceptor.intercept(CglibAopProxy.java:728)
	at org.springframework.security.web.FilterChainProxy$$SpringCGLIB$$0.doFilter(<generated>)
	at org.springframework.web.filter.CompositeFilter$VirtualFilterChain.doFilter(CompositeFilter.java:113)
	at org.springframework.web.filter.ServletRequestPathFilter.doFilter(ServletRequestPathFilter.java:52)
	at org.springframework.web.filter.CompositeFilter$VirtualFilterChain.doFilter(CompositeFilter.java:113)
	at org.springframework.web.filter.CompositeFilter.doFilter(CompositeFilter.java:74)
	at org.springframework.security.config.annotation.web.configuration.WebSecurityConfiguration$CompositeFilterChainProxy.doFilter(WebSecurityConfiguration.java:319)
	at java.base/jdk.internal.reflect.DirectMethodHandleAccessor.invoke(DirectMethodHandleAccessor.java:104)
	at java.base/java.lang.reflect.Method.invoke(Method.java:565)
	at org.springframework.aop.support.AopUtils.invokeJoinpointUsingReflection(AopUtils.java:360)
	at org.springframework.aop.framework.ReflectiveMethodInvocation.invokeJoinpoint(ReflectiveMethodInvocation.java:196)
	at org.springframework.aop.framework.ReflectiveMethodInvocation.proceed(ReflectiveMethodInvocation.java:163)
	at org.springframework.aop.aspectj.MethodInvocationProceedingJoinPoint.proceed(MethodInvocationProceedingJoinPoint.java:89)
	at sh.user.supportershighuserbackend.configuration.AopConfig.handleRequestRejectedException(AopConfig.java:19)
	at java.base/jdk.internal.reflect.DirectMethodHandleAccessor.invoke(DirectMethodHandleAccessor.java:104)
	at java.base/java.lang.reflect.Method.invoke(Method.java:565)
	at org.springframework.aop.aspectj.AbstractAspectJAdvice.invokeAdviceMethodWithGivenArgs(AbstractAspectJAdvice.java:649)
	at org.springframework.aop.aspectj.AbstractAspectJAdvice.invokeAdviceMethod(AbstractAspectJAdvice.java:631)
	at org.springframework.aop.aspectj.AspectJAroundAdvice.invoke(AspectJAroundAdvice.java:71)
	at org.springframework.aop.framework.ReflectiveMethodInvocation.proceed(ReflectiveMethodInvocation.java:184)
	at org.springframework.aop.interceptor.ExposeInvocationInterceptor.invoke(ExposeInvocationInterceptor.java:97)
	at org.springframework.aop.framework.ReflectiveMethodInvocation.proceed(ReflectiveMethodInvocation.java:184)
	at org.springframework.aop.framework.CglibAopProxy$DynamicAdvisedInterceptor.intercept(CglibAopProxy.java:728)
	at org.springframework.security.config.annotation.web.configuration.WebSecurityConfiguration$CompositeFilterChainProxy$$SpringCGLIB$$0.doFilter(<generated>)
	at org.springframework.web.filter.CompositeFilter$VirtualFilterChain.doFilter(CompositeFilter.java:113)
	at org.springframework.web.servlet.handler.HandlerMappingIntrospector.lambda$createCacheFilter$4(HandlerMappingIntrospector.java:267)
	at org.springframework.web.filter.CompositeFilter$VirtualFilterChain.doFilter(CompositeFilter.java:113)
	at org.springframework.web.filter.CompositeFilter.doFilter(CompositeFilter.java:74)
	at org.springframework.security.config.annotation.web.configuration.WebMvcSecurityConfiguration$CompositeFilterChainProxy.doFilter(WebMvcSecurityConfiguration.java:240)
	at java.base/jdk.internal.reflect.DirectMethodHandleAccessor.invoke(DirectMethodHandleAccessor.java:104)
	at java.base/java.lang.reflect.Method.invoke(Method.java:565)
	at org.springframework.aop.support.AopUtils.invokeJoinpointUsingReflection(AopUtils.java:360)
	at org.springframework.aop.framework.ReflectiveMethodInvocation.invokeJoinpoint(ReflectiveMethodInvocation.java:196)
	at org.springframework.aop.framework.ReflectiveMethodInvocation.proceed(ReflectiveMethodInvocation.java:163)
	at org.springframework.aop.aspectj.MethodInvocationProceedingJoinPoint.proceed(MethodInvocationProceedingJoinPoint.java:89)
	at sh.user.supportershighuserbackend.configuration.AopConfig.handleRequestRejectedException(AopConfig.java:19)
	at java.base/jdk.internal.reflect.DirectMethodHandleAccessor.invoke(DirectMethodHandleAccessor.java:104)
	at java.base/java.lang.reflect.Method.invoke(Method.java:565)
	at org.springframework.aop.aspectj.AbstractAspectJAdvice.invokeAdviceMethodWithGivenArgs(AbstractAspectJAdvice.java:649)
	at org.springframework.aop.aspectj.AbstractAspectJAdvice.invokeAdviceMethod(AbstractAspectJAdvice.java:631)
	at org.springframework.aop.aspectj.AspectJAroundAdvice.invoke(AspectJAroundAdvice.java:71)
	at org.springframework.aop.framework.ReflectiveMethodInvocation.proceed(ReflectiveMethodInvocation.java:184)
	at org.springframework.aop.interceptor.ExposeInvocationInterceptor.invoke(ExposeInvocationInterceptor.java:97)
	at org.springframework.aop.framework.ReflectiveMethodInvocation.proceed(ReflectiveMethodInvocation.java:184)
	at org.springframework.aop.framework.CglibAopProxy$DynamicAdvisedInterceptor.intercept(CglibAopProxy.java:728)
	at org.springframework.security.config.annotation.web.configuration.WebMvcSecurityConfiguration$CompositeFilterChainProxy$$SpringCGLIB$$0.doFilter(<generated>)
	at org.springframework.web.filter.DelegatingFilterProxy.invokeDelegate(DelegatingFilterProxy.java:362)
	at org.springframework.web.filter.DelegatingFilterProxy.doFilter(DelegatingFilterProxy.java:278)
	at org.apache.catalina.core.ApplicationFilterChain.internalDoFilter(ApplicationFilterChain.java:164)
	at org.apache.catalina.core.ApplicationFilterChain.doFilter(ApplicationFilterChain.java:140)
	at org.springframework.web.filter.RequestContextFilter.doFilterInternal(RequestContextFilter.java:100)
	at org.springframework.web.filter.OncePerRequestFilter.doFilter(OncePerRequestFilter.java:116)
	at org.apache.catalina.core.ApplicationFilterChain.internalDoFilter(ApplicationFilterChain.java:164)
	at org.apache.catalina.core.ApplicationFilterChain.doFilter(ApplicationFilterChain.java:140)
	at org.springframework.web.filter.FormContentFilter.doFilterInternal(FormContentFilter.java:93)
	at org.springframework.web.filter.OncePerRequestFilter.doFilter(OncePerRequestFilter.java:116)
	at org.apache.catalina.core.ApplicationFilterChain.internalDoFilter(ApplicationFilterChain.java:164)
	at org.apache.catalina.core.ApplicationFilterChain.doFilter(ApplicationFilterChain.java:140)
	at org.springframework.web.filter.CharacterEncodingFilter.doFilterInternal(CharacterEncodingFilter.java:201)
	at org.springframework.web.filter.OncePerRequestFilter.doFilter(OncePerRequestFilter.java:116)
	at org.apache.catalina.core.ApplicationFilterChain.internalDoFilter(ApplicationFilterChain.java:164)
	at org.apache.catalina.core.ApplicationFilterChain.doFilter(ApplicationFilterChain.java:140)
	at org.apache.catalina.core.StandardWrapperValve.invoke(StandardWrapperValve.java:167)
	at org.apache.catalina.core.StandardContextValve.invoke(StandardContextValve.java:90)
	at org.apache.catalina.authenticator.AuthenticatorBase.invoke(AuthenticatorBase.java:483)
	at org.apache.catalina.core.StandardHostValve.invoke(StandardHostValve.java:116)
	at org.apache.catalina.valves.ErrorReportValve.invoke(ErrorReportValve.java:93)
	at org.apache.catalina.core.StandardEngineValve.invoke(StandardEngineValve.java:74)
	at org.apache.catalina.connector.CoyoteAdapter.service(CoyoteAdapter.java:344)
	at org.apache.coyote.http11.Http11Processor.service(Http11Processor.java:398)
	at org.apache.coyote.AbstractProcessorLight.process(AbstractProcessorLight.java:63)
	at org.apache.coyote.AbstractProtocol$ConnectionHandler.process(AbstractProtocol.java:903)
	at org.apache.tomcat.util.net.NioEndpoint$SocketProcessor.doRun(NioEndpoint.java:1769)
	at org.apache.tomcat.util.net.SocketProcessorBase.run(SocketProcessorBase.java:52)
	at org.apache.tomcat.util.threads.ThreadPoolExecutor.runWorker(ThreadPoolExecutor.java:1189)
	at org.apache.tomcat.util.threads.ThreadPoolExecutor$Worker.run(ThreadPoolExecutor.java:658)
	at org.apache.tomcat.util.threads.TaskThread$WrappingRunnable.run(TaskThread.java:63)
	at java.base/java.lang.Thread.run(Thread.java:1447)
02:11:20.537 INFO  [http-nio-8093-exec-4] [MethodCallMonitorAspect.java-methodCallLog-21] [AOP] 호출 함수 확인
02:11:20.537 INFO  [http-nio-8093-exec-4] [MethodCallMonitorAspect.java-methodCallLog-24] 함수 : getPreRegistrationCount, 파라미터 : []
02:11:20.538 INFO  [http-nio-8093-exec-4] [TimeMonitorAspect.java-logTime-20] [AOP] 함수 실행 시간 로깅
02:11:20.538 INFO  [http-nio-8093-exec-4] [MemberController.java-getPreRegistrationCount-142] [Member] 사전 등록한 유저수 조회
02:11:20.538 INFO  [http-nio-8093-exec-4] [MemberService.java-getPreRegistrationCount-442] 사전 등록한 유저수 조회 service
02:11:20.546 INFO  [http-nio-8093-exec-4] [TimeMonitorAspect.java-logTime-32] ResponseEntity sh.user.supportershighuserbackend.member.controller.MemberController.getPreRegistrationCount() 실행 시간 : 8 ms
02:11:20.546 INFO  [http-nio-8093-exec-4] [MethodCallMonitorAspect.java-methodCallLog-32] getPreRegistrationCount 함수 정상 반환 데이터 : public class org.springframework.http.ResponseEntity<T>
02:11:20.662 INFO  [http-nio-8093-exec-3] [JwtTokenProvider.java-validateToken-134] validateToken 함수 진입 : 토큰 Provider 에서 검증할 토큰을 가지고 왔는지 확인
02:11:20.662 INFO  [http-nio-8093-exec-3] [JwtTokenProvider.java-validateToken-137] Checking JWT Token
02:11:20.663 INFO  [http-nio-8093-exec-3] [JwtTokenProvider.java-validateToken-144] Expired JWT Token
io.jsonwebtoken.ExpiredJwtException: JWT expired at 2025-09-22T16:23:56Z. Current time: 2025-10-08T17:11:20Z, a difference of 1385244663 milliseconds.  Allowed clock skew: 0 milliseconds.
	at io.jsonwebtoken.impl.DefaultJwtParser.parse(DefaultJwtParser.java:427)
	at io.jsonwebtoken.impl.DefaultJwtParser.parse(DefaultJwtParser.java:529)
	at io.jsonwebtoken.impl.DefaultJwtParser.parseClaimsJws(DefaultJwtParser.java:589)
	at io.jsonwebtoken.impl.ImmutableJwtParser.parseClaimsJws(ImmutableJwtParser.java:173)
	at sh.user.supportershighuserbackend.jwt.service.JwtTokenProvider.validateToken(JwtTokenProvider.java:138)
	at sh.user.supportershighuserbackend.jwt.service.JwtAuthenticationFilter.doFilter(JwtAuthenticationFilter.java:28)
	at org.springframework.security.web.FilterChainProxy$VirtualFilterChain.doFilter(FilterChainProxy.java:374)
	at org.springframework.security.web.authentication.logout.LogoutFilter.doFilter(LogoutFilter.java:107)
	at org.springframework.security.web.authentication.logout.LogoutFilter.doFilter(LogoutFilter.java:93)
	at org.springframework.security.web.FilterChainProxy$VirtualFilterChain.doFilter(FilterChainProxy.java:374)
	at org.springframework.web.filter.CorsFilter.doFilterInternal(CorsFilter.java:91)
	at org.springframework.web.filter.OncePerRequestFilter.doFilter(OncePerRequestFilter.java:116)
	at org.springframework.security.web.FilterChainProxy$VirtualFilterChain.doFilter(FilterChainProxy.java:374)
	at org.springframework.security.web.header.HeaderWriterFilter.doHeadersAfter(HeaderWriterFilter.java:90)
	at org.springframework.security.web.header.HeaderWriterFilter.doFilterInternal(HeaderWriterFilter.java:75)
	at org.springframework.web.filter.OncePerRequestFilter.doFilter(OncePerRequestFilter.java:116)
	at org.springframework.security.web.FilterChainProxy$VirtualFilterChain.doFilter(FilterChainProxy.java:374)
	at org.springframework.security.web.context.SecurityContextHolderFilter.doFilter(SecurityContextHolderFilter.java:82)
	at org.springframework.security.web.context.SecurityContextHolderFilter.doFilter(SecurityContextHolderFilter.java:69)
	at org.springframework.security.web.FilterChainProxy$VirtualFilterChain.doFilter(FilterChainProxy.java:374)
	at org.springframework.security.web.context.request.async.WebAsyncManagerIntegrationFilter.doFilterInternal(WebAsyncManagerIntegrationFilter.java:62)
	at org.springframework.web.filter.OncePerRequestFilter.doFilter(OncePerRequestFilter.java:116)
	at org.springframework.security.web.FilterChainProxy$VirtualFilterChain.doFilter(FilterChainProxy.java:374)
	at org.springframework.security.web.session.DisableEncodeUrlFilter.doFilterInternal(DisableEncodeUrlFilter.java:42)
	at org.springframework.web.filter.OncePerRequestFilter.doFilter(OncePerRequestFilter.java:116)
	at org.springframework.security.web.FilterChainProxy$VirtualFilterChain.doFilter(FilterChainProxy.java:374)
	at org.springframework.security.web.FilterChainProxy.doFilterInternal(FilterChainProxy.java:233)
	at org.springframework.security.web.FilterChainProxy.doFilter(FilterChainProxy.java:191)
	at java.base/jdk.internal.reflect.DirectMethodHandleAccessor.invoke(DirectMethodHandleAccessor.java:104)
	at java.base/java.lang.reflect.Method.invoke(Method.java:565)
	at org.springframework.aop.support.AopUtils.invokeJoinpointUsingReflection(AopUtils.java:360)
	at org.springframework.aop.framework.ReflectiveMethodInvocation.invokeJoinpoint(ReflectiveMethodInvocation.java:196)
	at org.springframework.aop.framework.ReflectiveMethodInvocation.proceed(ReflectiveMethodInvocation.java:163)
	at org.springframework.aop.aspectj.MethodInvocationProceedingJoinPoint.proceed(MethodInvocationProceedingJoinPoint.java:89)
	at sh.user.supportershighuserbackend.configuration.AopConfig.handleRequestRejectedException(AopConfig.java:19)
	at java.base/jdk.internal.reflect.DirectMethodHandleAccessor.invoke(DirectMethodHandleAccessor.java:104)
	at java.base/java.lang.reflect.Method.invoke(Method.java:565)
	at org.springframework.aop.aspectj.AbstractAspectJAdvice.invokeAdviceMethodWithGivenArgs(AbstractAspectJAdvice.java:649)
	at org.springframework.aop.aspectj.AbstractAspectJAdvice.invokeAdviceMethod(AbstractAspectJAdvice.java:631)
	at org.springframework.aop.aspectj.AspectJAroundAdvice.invoke(AspectJAroundAdvice.java:71)
	at org.springframework.aop.framework.ReflectiveMethodInvocation.proceed(ReflectiveMethodInvocation.java:184)
	at org.springframework.aop.interceptor.ExposeInvocationInterceptor.invoke(ExposeInvocationInterceptor.java:97)
	at org.springframework.aop.framework.ReflectiveMethodInvocation.proceed(ReflectiveMethodInvocation.java:184)
	at org.springframework.aop.framework.CglibAopProxy$DynamicAdvisedInterceptor.intercept(CglibAopProxy.java:728)
	at org.springframework.security.web.FilterChainProxy$$SpringCGLIB$$0.doFilter(<generated>)
	at org.springframework.web.filter.CompositeFilter$VirtualFilterChain.doFilter(CompositeFilter.java:113)
	at org.springframework.web.filter.ServletRequestPathFilter.doFilter(ServletRequestPathFilter.java:52)
	at org.springframework.web.filter.CompositeFilter$VirtualFilterChain.doFilter(CompositeFilter.java:113)
	at org.springframework.web.filter.CompositeFilter.doFilter(CompositeFilter.java:74)
	at org.springframework.security.config.annotation.web.configuration.WebSecurityConfiguration$CompositeFilterChainProxy.doFilter(WebSecurityConfiguration.java:319)
	at java.base/jdk.internal.reflect.DirectMethodHandleAccessor.invoke(DirectMethodHandleAccessor.java:104)
	at java.base/java.lang.reflect.Method.invoke(Method.java:565)
	at org.springframework.aop.support.AopUtils.invokeJoinpointUsingReflection(AopUtils.java:360)
	at org.springframework.aop.framework.ReflectiveMethodInvocation.invokeJoinpoint(ReflectiveMethodInvocation.java:196)
	at org.springframework.aop.framework.ReflectiveMethodInvocation.proceed(ReflectiveMethodInvocation.java:163)
	at org.springframework.aop.aspectj.MethodInvocationProceedingJoinPoint.proceed(MethodInvocationProceedingJoinPoint.java:89)
	at sh.user.supportershighuserbackend.configuration.AopConfig.handleRequestRejectedException(AopConfig.java:19)
	at java.base/jdk.internal.reflect.DirectMethodHandleAccessor.invoke(DirectMethodHandleAccessor.java:104)
	at java.base/java.lang.reflect.Method.invoke(Method.java:565)
	at org.springframework.aop.aspectj.AbstractAspectJAdvice.invokeAdviceMethodWithGivenArgs(AbstractAspectJAdvice.java:649)
	at org.springframework.aop.aspectj.AbstractAspectJAdvice.invokeAdviceMethod(AbstractAspectJAdvice.java:631)
	at org.springframework.aop.aspectj.AspectJAroundAdvice.invoke(AspectJAroundAdvice.java:71)
	at org.springframework.aop.framework.ReflectiveMethodInvocation.proceed(ReflectiveMethodInvocation.java:184)
	at org.springframework.aop.interceptor.ExposeInvocationInterceptor.invoke(ExposeInvocationInterceptor.java:97)
	at org.springframework.aop.framework.ReflectiveMethodInvocation.proceed(ReflectiveMethodInvocation.java:184)
	at org.springframework.aop.framework.CglibAopProxy$DynamicAdvisedInterceptor.intercept(CglibAopProxy.java:728)
	at org.springframework.security.config.annotation.web.configuration.WebSecurityConfiguration$CompositeFilterChainProxy$$SpringCGLIB$$0.doFilter(<generated>)
	at org.springframework.web.filter.CompositeFilter$VirtualFilterChain.doFilter(CompositeFilter.java:113)
	at org.springframework.web.servlet.handler.HandlerMappingIntrospector.lambda$createCacheFilter$4(HandlerMappingIntrospector.java:267)
	at org.springframework.web.filter.CompositeFilter$VirtualFilterChain.doFilter(CompositeFilter.java:113)
	at org.springframework.web.filter.CompositeFilter.doFilter(CompositeFilter.java:74)
	at org.springframework.security.config.annotation.web.configuration.WebMvcSecurityConfiguration$CompositeFilterChainProxy.doFilter(WebMvcSecurityConfiguration.java:240)
	at java.base/jdk.internal.reflect.DirectMethodHandleAccessor.invoke(DirectMethodHandleAccessor.java:104)
	at java.base/java.lang.reflect.Method.invoke(Method.java:565)
	at org.springframework.aop.support.AopUtils.invokeJoinpointUsingReflection(AopUtils.java:360)
	at org.springframework.aop.framework.ReflectiveMethodInvocation.invokeJoinpoint(ReflectiveMethodInvocation.java:196)
	at org.springframework.aop.framework.ReflectiveMethodInvocation.proceed(ReflectiveMethodInvocation.java:163)
	at org.springframework.aop.aspectj.MethodInvocationProceedingJoinPoint.proceed(MethodInvocationProceedingJoinPoint.java:89)
	at sh.user.supportershighuserbackend.configuration.AopConfig.handleRequestRejectedException(AopConfig.java:19)
	at java.base/jdk.internal.reflect.DirectMethodHandleAccessor.invoke(DirectMethodHandleAccessor.java:104)
	at java.base/java.lang.reflect.Method.invoke(Method.java:565)
	at org.springframework.aop.aspectj.AbstractAspectJAdvice.invokeAdviceMethodWithGivenArgs(AbstractAspectJAdvice.java:649)
	at org.springframework.aop.aspectj.AbstractAspectJAdvice.invokeAdviceMethod(AbstractAspectJAdvice.java:631)
	at org.springframework.aop.aspectj.AspectJAroundAdvice.invoke(AspectJAroundAdvice.java:71)
	at org.springframework.aop.framework.ReflectiveMethodInvocation.proceed(ReflectiveMethodInvocation.java:184)
	at org.springframework.aop.interceptor.ExposeInvocationInterceptor.invoke(ExposeInvocationInterceptor.java:97)
	at org.springframework.aop.framework.ReflectiveMethodInvocation.proceed(ReflectiveMethodInvocation.java:184)
	at org.springframework.aop.framework.CglibAopProxy$DynamicAdvisedInterceptor.intercept(CglibAopProxy.java:728)
	at org.springframework.security.config.annotation.web.configuration.WebMvcSecurityConfiguration$CompositeFilterChainProxy$$SpringCGLIB$$0.doFilter(<generated>)
	at org.springframework.web.filter.DelegatingFilterProxy.invokeDelegate(DelegatingFilterProxy.java:362)
	at org.springframework.web.filter.DelegatingFilterProxy.doFilter(DelegatingFilterProxy.java:278)
	at org.apache.catalina.core.ApplicationFilterChain.internalDoFilter(ApplicationFilterChain.java:164)
	at org.apache.catalina.core.ApplicationFilterChain.doFilter(ApplicationFilterChain.java:140)
	at org.springframework.web.filter.RequestContextFilter.doFilterInternal(RequestContextFilter.java:100)
	at org.springframework.web.filter.OncePerRequestFilter.doFilter(OncePerRequestFilter.java:116)
	at org.apache.catalina.core.ApplicationFilterChain.internalDoFilter(ApplicationFilterChain.java:164)
	at org.apache.catalina.core.ApplicationFilterChain.doFilter(ApplicationFilterChain.java:140)
	at org.springframework.web.filter.FormContentFilter.doFilterInternal(FormContentFilter.java:93)
	at org.springframework.web.filter.OncePerRequestFilter.doFilter(OncePerRequestFilter.java:116)
	at org.apache.catalina.core.ApplicationFilterChain.internalDoFilter(ApplicationFilterChain.java:164)
	at org.apache.catalina.core.ApplicationFilterChain.doFilter(ApplicationFilterChain.java:140)
	at org.springframework.web.filter.CharacterEncodingFilter.doFilterInternal(CharacterEncodingFilter.java:201)
	at org.springframework.web.filter.OncePerRequestFilter.doFilter(OncePerRequestFilter.java:116)
	at org.apache.catalina.core.ApplicationFilterChain.internalDoFilter(ApplicationFilterChain.java:164)
	at org.apache.catalina.core.ApplicationFilterChain.doFilter(ApplicationFilterChain.java:140)
	at org.apache.catalina.core.StandardWrapperValve.invoke(StandardWrapperValve.java:167)
	at org.apache.catalina.core.StandardContextValve.invoke(StandardContextValve.java:90)
	at org.apache.catalina.authenticator.AuthenticatorBase.invoke(AuthenticatorBase.java:483)
	at org.apache.catalina.core.StandardHostValve.invoke(StandardHostValve.java:116)
	at org.apache.catalina.valves.ErrorReportValve.invoke(ErrorReportValve.java:93)
	at org.apache.catalina.core.StandardEngineValve.invoke(StandardEngineValve.java:74)
	at org.apache.catalina.connector.CoyoteAdapter.service(CoyoteAdapter.java:344)
	at org.apache.coyote.http11.Http11Processor.service(Http11Processor.java:398)
	at org.apache.coyote.AbstractProcessorLight.process(AbstractProcessorLight.java:63)
	at org.apache.coyote.AbstractProtocol$ConnectionHandler.process(AbstractProtocol.java:903)
	at org.apache.tomcat.util.net.NioEndpoint$SocketProcessor.doRun(NioEndpoint.java:1769)
	at org.apache.tomcat.util.net.SocketProcessorBase.run(SocketProcessorBase.java:52)
	at org.apache.tomcat.util.threads.ThreadPoolExecutor.runWorker(ThreadPoolExecutor.java:1189)
	at org.apache.tomcat.util.threads.ThreadPoolExecutor$Worker.run(ThreadPoolExecutor.java:658)
	at org.apache.tomcat.util.threads.TaskThread$WrappingRunnable.run(TaskThread.java:63)
	at java.base/java.lang.Thread.run(Thread.java:1447)
02:11:20.664 INFO  [http-nio-8093-exec-3] [MethodCallMonitorAspect.java-methodCallLog-21] [AOP] 호출 함수 확인
02:11:20.664 INFO  [http-nio-8093-exec-3] [MethodCallMonitorAspect.java-methodCallLog-24] 함수 : getPreRegistrationCount, 파라미터 : []
02:11:20.664 INFO  [http-nio-8093-exec-3] [TimeMonitorAspect.java-logTime-20] [AOP] 함수 실행 시간 로깅
02:11:20.664 INFO  [http-nio-8093-exec-3] [MemberController.java-getPreRegistrationCount-142] [Member] 사전 등록한 유저수 조회
02:11:20.664 INFO  [http-nio-8093-exec-3] [MemberService.java-getPreRegistrationCount-442] 사전 등록한 유저수 조회 service
02:11:20.666 INFO  [http-nio-8093-exec-3] [TimeMonitorAspect.java-logTime-32] ResponseEntity sh.user.supportershighuserbackend.member.controller.MemberController.getPreRegistrationCount() 실행 시간 : 2 ms
02:11:20.666 INFO  [http-nio-8093-exec-3] [MethodCallMonitorAspect.java-methodCallLog-32] getPreRegistrationCount 함수 정상 반환 데이터 : public class org.springframework.http.ResponseEntity<T>
02:12:24.831 INFO  [http-nio-8093-exec-7] [JwtTokenProvider.java-validateToken-134] validateToken 함수 진입 : 토큰 Provider 에서 검증할 토큰을 가지고 왔는지 확인
02:12:24.831 INFO  [http-nio-8093-exec-7] [JwtTokenProvider.java-validateToken-137] Checking JWT Token
02:12:24.832 INFO  [http-nio-8093-exec-7] [JwtTokenProvider.java-validateToken-144] Expired JWT Token
io.jsonwebtoken.ExpiredJwtException: JWT expired at 2025-09-22T16:23:56Z. Current time: 2025-10-08T17:12:24Z, a difference of 1385308832 milliseconds.  Allowed clock skew: 0 milliseconds.
	at io.jsonwebtoken.impl.DefaultJwtParser.parse(DefaultJwtParser.java:427)
	at io.jsonwebtoken.impl.DefaultJwtParser.parse(DefaultJwtParser.java:529)
	at io.jsonwebtoken.impl.DefaultJwtParser.parseClaimsJws(DefaultJwtParser.java:589)
	at io.jsonwebtoken.impl.ImmutableJwtParser.parseClaimsJws(ImmutableJwtParser.java:173)
	at sh.user.supportershighuserbackend.jwt.service.JwtTokenProvider.validateToken(JwtTokenProvider.java:138)
	at sh.user.supportershighuserbackend.jwt.service.JwtAuthenticationFilter.doFilter(JwtAuthenticationFilter.java:28)
	at org.springframework.security.web.FilterChainProxy$VirtualFilterChain.doFilter(FilterChainProxy.java:374)
	at org.springframework.security.web.authentication.logout.LogoutFilter.doFilter(LogoutFilter.java:107)
	at org.springframework.security.web.authentication.logout.LogoutFilter.doFilter(LogoutFilter.java:93)
	at org.springframework.security.web.FilterChainProxy$VirtualFilterChain.doFilter(FilterChainProxy.java:374)
	at org.springframework.web.filter.CorsFilter.doFilterInternal(CorsFilter.java:91)
	at org.springframework.web.filter.OncePerRequestFilter.doFilter(OncePerRequestFilter.java:116)
	at org.springframework.security.web.FilterChainProxy$VirtualFilterChain.doFilter(FilterChainProxy.java:374)
	at org.springframework.security.web.header.HeaderWriterFilter.doHeadersAfter(HeaderWriterFilter.java:90)
	at org.springframework.security.web.header.HeaderWriterFilter.doFilterInternal(HeaderWriterFilter.java:75)
	at org.springframework.web.filter.OncePerRequestFilter.doFilter(OncePerRequestFilter.java:116)
	at org.springframework.security.web.FilterChainProxy$VirtualFilterChain.doFilter(FilterChainProxy.java:374)
	at org.springframework.security.web.context.SecurityContextHolderFilter.doFilter(SecurityContextHolderFilter.java:82)
	at org.springframework.security.web.context.SecurityContextHolderFilter.doFilter(SecurityContextHolderFilter.java:69)
	at org.springframework.security.web.FilterChainProxy$VirtualFilterChain.doFilter(FilterChainProxy.java:374)
	at org.springframework.security.web.context.request.async.WebAsyncManagerIntegrationFilter.doFilterInternal(WebAsyncManagerIntegrationFilter.java:62)
	at org.springframework.web.filter.OncePerRequestFilter.doFilter(OncePerRequestFilter.java:116)
	at org.springframework.security.web.FilterChainProxy$VirtualFilterChain.doFilter(FilterChainProxy.java:374)
	at org.springframework.security.web.session.DisableEncodeUrlFilter.doFilterInternal(DisableEncodeUrlFilter.java:42)
	at org.springframework.web.filter.OncePerRequestFilter.doFilter(OncePerRequestFilter.java:116)
	at org.springframework.security.web.FilterChainProxy$VirtualFilterChain.doFilter(FilterChainProxy.java:374)
	at org.springframework.security.web.FilterChainProxy.doFilterInternal(FilterChainProxy.java:233)
	at org.springframework.security.web.FilterChainProxy.doFilter(FilterChainProxy.java:191)
	at java.base/jdk.internal.reflect.DirectMethodHandleAccessor.invoke(DirectMethodHandleAccessor.java:104)
	at java.base/java.lang.reflect.Method.invoke(Method.java:565)
	at org.springframework.aop.support.AopUtils.invokeJoinpointUsingReflection(AopUtils.java:360)
	at org.springframework.aop.framework.ReflectiveMethodInvocation.invokeJoinpoint(ReflectiveMethodInvocation.java:196)
	at org.springframework.aop.framework.ReflectiveMethodInvocation.proceed(ReflectiveMethodInvocation.java:163)
	at org.springframework.aop.aspectj.MethodInvocationProceedingJoinPoint.proceed(MethodInvocationProceedingJoinPoint.java:89)
	at sh.user.supportershighuserbackend.configuration.AopConfig.handleRequestRejectedException(AopConfig.java:19)
	at java.base/jdk.internal.reflect.DirectMethodHandleAccessor.invoke(DirectMethodHandleAccessor.java:104)
	at java.base/java.lang.reflect.Method.invoke(Method.java:565)
	at org.springframework.aop.aspectj.AbstractAspectJAdvice.invokeAdviceMethodWithGivenArgs(AbstractAspectJAdvice.java:649)
	at org.springframework.aop.aspectj.AbstractAspectJAdvice.invokeAdviceMethod(AbstractAspectJAdvice.java:631)
	at org.springframework.aop.aspectj.AspectJAroundAdvice.invoke(AspectJAroundAdvice.java:71)
	at org.springframework.aop.framework.ReflectiveMethodInvocation.proceed(ReflectiveMethodInvocation.java:184)
	at org.springframework.aop.interceptor.ExposeInvocationInterceptor.invoke(ExposeInvocationInterceptor.java:97)
	at org.springframework.aop.framework.ReflectiveMethodInvocation.proceed(ReflectiveMethodInvocation.java:184)
	at org.springframework.aop.framework.CglibAopProxy$DynamicAdvisedInterceptor.intercept(CglibAopProxy.java:728)
	at org.springframework.security.web.FilterChainProxy$$SpringCGLIB$$0.doFilter(<generated>)
	at org.springframework.web.filter.CompositeFilter$VirtualFilterChain.doFilter(CompositeFilter.java:113)
	at org.springframework.web.filter.ServletRequestPathFilter.doFilter(ServletRequestPathFilter.java:52)
	at org.springframework.web.filter.CompositeFilter$VirtualFilterChain.doFilter(CompositeFilter.java:113)
	at org.springframework.web.filter.CompositeFilter.doFilter(CompositeFilter.java:74)
	at org.springframework.security.config.annotation.web.configuration.WebSecurityConfiguration$CompositeFilterChainProxy.doFilter(WebSecurityConfiguration.java:319)
	at java.base/jdk.internal.reflect.DirectMethodHandleAccessor.invoke(DirectMethodHandleAccessor.java:104)
	at java.base/java.lang.reflect.Method.invoke(Method.java:565)
	at org.springframework.aop.support.AopUtils.invokeJoinpointUsingReflection(AopUtils.java:360)
	at org.springframework.aop.framework.ReflectiveMethodInvocation.invokeJoinpoint(ReflectiveMethodInvocation.java:196)
	at org.springframework.aop.framework.ReflectiveMethodInvocation.proceed(ReflectiveMethodInvocation.java:163)
	at org.springframework.aop.aspectj.MethodInvocationProceedingJoinPoint.proceed(MethodInvocationProceedingJoinPoint.java:89)
	at sh.user.supportershighuserbackend.configuration.AopConfig.handleRequestRejectedException(AopConfig.java:19)
	at java.base/jdk.internal.reflect.DirectMethodHandleAccessor.invoke(DirectMethodHandleAccessor.java:104)
	at java.base/java.lang.reflect.Method.invoke(Method.java:565)
	at org.springframework.aop.aspectj.AbstractAspectJAdvice.invokeAdviceMethodWithGivenArgs(AbstractAspectJAdvice.java:649)
	at org.springframework.aop.aspectj.AbstractAspectJAdvice.invokeAdviceMethod(AbstractAspectJAdvice.java:631)
	at org.springframework.aop.aspectj.AspectJAroundAdvice.invoke(AspectJAroundAdvice.java:71)
	at org.springframework.aop.framework.ReflectiveMethodInvocation.proceed(ReflectiveMethodInvocation.java:184)
	at org.springframework.aop.interceptor.ExposeInvocationInterceptor.invoke(ExposeInvocationInterceptor.java:97)
	at org.springframework.aop.framework.ReflectiveMethodInvocation.proceed(ReflectiveMethodInvocation.java:184)
	at org.springframework.aop.framework.CglibAopProxy$DynamicAdvisedInterceptor.intercept(CglibAopProxy.java:728)
	at org.springframework.security.config.annotation.web.configuration.WebSecurityConfiguration$CompositeFilterChainProxy$$SpringCGLIB$$0.doFilter(<generated>)
	at org.springframework.web.filter.CompositeFilter$VirtualFilterChain.doFilter(CompositeFilter.java:113)
	at org.springframework.web.servlet.handler.HandlerMappingIntrospector.lambda$createCacheFilter$4(HandlerMappingIntrospector.java:267)
	at org.springframework.web.filter.CompositeFilter$VirtualFilterChain.doFilter(CompositeFilter.java:113)
	at org.springframework.web.filter.CompositeFilter.doFilter(CompositeFilter.java:74)
	at org.springframework.security.config.annotation.web.configuration.WebMvcSecurityConfiguration$CompositeFilterChainProxy.doFilter(WebMvcSecurityConfiguration.java:240)
	at java.base/jdk.internal.reflect.DirectMethodHandleAccessor.invoke(DirectMethodHandleAccessor.java:104)
	at java.base/java.lang.reflect.Method.invoke(Method.java:565)
	at org.springframework.aop.support.AopUtils.invokeJoinpointUsingReflection(AopUtils.java:360)
	at org.springframework.aop.framework.ReflectiveMethodInvocation.invokeJoinpoint(ReflectiveMethodInvocation.java:196)
	at org.springframework.aop.framework.ReflectiveMethodInvocation.proceed(ReflectiveMethodInvocation.java:163)
	at org.springframework.aop.aspectj.MethodInvocationProceedingJoinPoint.proceed(MethodInvocationProceedingJoinPoint.java:89)
	at sh.user.supportershighuserbackend.configuration.AopConfig.handleRequestRejectedException(AopConfig.java:19)
	at java.base/jdk.internal.reflect.DirectMethodHandleAccessor.invoke(DirectMethodHandleAccessor.java:104)
	at java.base/java.lang.reflect.Method.invoke(Method.java:565)
	at org.springframework.aop.aspectj.AbstractAspectJAdvice.invokeAdviceMethodWithGivenArgs(AbstractAspectJAdvice.java:649)
	at org.springframework.aop.aspectj.AbstractAspectJAdvice.invokeAdviceMethod(AbstractAspectJAdvice.java:631)
	at org.springframework.aop.aspectj.AspectJAroundAdvice.invoke(AspectJAroundAdvice.java:71)
	at org.springframework.aop.framework.ReflectiveMethodInvocation.proceed(ReflectiveMethodInvocation.java:184)
	at org.springframework.aop.interceptor.ExposeInvocationInterceptor.invoke(ExposeInvocationInterceptor.java:97)
	at org.springframework.aop.framework.ReflectiveMethodInvocation.proceed(ReflectiveMethodInvocation.java:184)
	at org.springframework.aop.framework.CglibAopProxy$DynamicAdvisedInterceptor.intercept(CglibAopProxy.java:728)
	at org.springframework.security.config.annotation.web.configuration.WebMvcSecurityConfiguration$CompositeFilterChainProxy$$SpringCGLIB$$0.doFilter(<generated>)
	at org.springframework.web.filter.DelegatingFilterProxy.invokeDelegate(DelegatingFilterProxy.java:362)
	at org.springframework.web.filter.DelegatingFilterProxy.doFilter(DelegatingFilterProxy.java:278)
	at org.apache.catalina.core.ApplicationFilterChain.internalDoFilter(ApplicationFilterChain.java:164)
	at org.apache.catalina.core.ApplicationFilterChain.doFilter(ApplicationFilterChain.java:140)
	at org.springframework.web.filter.RequestContextFilter.doFilterInternal(RequestContextFilter.java:100)
	at org.springframework.web.filter.OncePerRequestFilter.doFilter(OncePerRequestFilter.java:116)
	at org.apache.catalina.core.ApplicationFilterChain.internalDoFilter(ApplicationFilterChain.java:164)
	at org.apache.catalina.core.ApplicationFilterChain.doFilter(ApplicationFilterChain.java:140)
	at org.springframework.web.filter.FormContentFilter.doFilterInternal(FormContentFilter.java:93)
	at org.springframework.web.filter.OncePerRequestFilter.doFilter(OncePerRequestFilter.java:116)
	at org.apache.catalina.core.ApplicationFilterChain.internalDoFilter(ApplicationFilterChain.java:164)
	at org.apache.catalina.core.ApplicationFilterChain.doFilter(ApplicationFilterChain.java:140)
	at org.springframework.web.filter.CharacterEncodingFilter.doFilterInternal(CharacterEncodingFilter.java:201)
	at org.springframework.web.filter.OncePerRequestFilter.doFilter(OncePerRequestFilter.java:116)
	at org.apache.catalina.core.ApplicationFilterChain.internalDoFilter(ApplicationFilterChain.java:164)
	at org.apache.catalina.core.ApplicationFilterChain.doFilter(ApplicationFilterChain.java:140)
	at org.apache.catalina.core.StandardWrapperValve.invoke(StandardWrapperValve.java:167)
	at org.apache.catalina.core.StandardContextValve.invoke(StandardContextValve.java:90)
	at org.apache.catalina.authenticator.AuthenticatorBase.invoke(AuthenticatorBase.java:483)
	at org.apache.catalina.core.StandardHostValve.invoke(StandardHostValve.java:116)
	at org.apache.catalina.valves.ErrorReportValve.invoke(ErrorReportValve.java:93)
	at org.apache.catalina.core.StandardEngineValve.invoke(StandardEngineValve.java:74)
	at org.apache.catalina.connector.CoyoteAdapter.service(CoyoteAdapter.java:344)
	at org.apache.coyote.http11.Http11Processor.service(Http11Processor.java:398)
	at org.apache.coyote.AbstractProcessorLight.process(AbstractProcessorLight.java:63)
	at org.apache.coyote.AbstractProtocol$ConnectionHandler.process(AbstractProtocol.java:903)
	at org.apache.tomcat.util.net.NioEndpoint$SocketProcessor.doRun(NioEndpoint.java:1769)
	at org.apache.tomcat.util.net.SocketProcessorBase.run(SocketProcessorBase.java:52)
	at org.apache.tomcat.util.threads.ThreadPoolExecutor.runWorker(ThreadPoolExecutor.java:1189)
	at org.apache.tomcat.util.threads.ThreadPoolExecutor$Worker.run(ThreadPoolExecutor.java:658)
	at org.apache.tomcat.util.threads.TaskThread$WrappingRunnable.run(TaskThread.java:63)
	at java.base/java.lang.Thread.run(Thread.java:1447)
02:12:24.833 INFO  [http-nio-8093-exec-7] [MethodCallMonitorAspect.java-methodCallLog-21] [AOP] 호출 함수 확인
02:12:24.833 INFO  [http-nio-8093-exec-7] [MethodCallMonitorAspect.java-methodCallLog-24] 함수 : getPreRegistrationCount, 파라미터 : []
02:12:24.833 INFO  [http-nio-8093-exec-7] [TimeMonitorAspect.java-logTime-20] [AOP] 함수 실행 시간 로깅
02:12:24.833 INFO  [http-nio-8093-exec-7] [MemberController.java-getPreRegistrationCount-142] [Member] 사전 등록한 유저수 조회
02:12:24.834 INFO  [http-nio-8093-exec-7] [MemberService.java-getPreRegistrationCount-442] 사전 등록한 유저수 조회 service
02:12:24.835 INFO  [http-nio-8093-exec-7] [TimeMonitorAspect.java-logTime-32] ResponseEntity sh.user.supportershighuserbackend.member.controller.MemberController.getPreRegistrationCount() 실행 시간 : 2 ms
02:12:24.835 INFO  [http-nio-8093-exec-7] [MethodCallMonitorAspect.java-methodCallLog-32] getPreRegistrationCount 함수 정상 반환 데이터 : public class org.springframework.http.ResponseEntity<T>
02:12:24.962 INFO  [http-nio-8093-exec-6] [JwtTokenProvider.java-validateToken-134] validateToken 함수 진입 : 토큰 Provider 에서 검증할 토큰을 가지고 왔는지 확인
02:12:24.962 INFO  [http-nio-8093-exec-6] [JwtTokenProvider.java-validateToken-137] Checking JWT Token
02:12:24.963 INFO  [http-nio-8093-exec-6] [JwtTokenProvider.java-validateToken-144] Expired JWT Token
io.jsonwebtoken.ExpiredJwtException: JWT expired at 2025-09-22T16:23:56Z. Current time: 2025-10-08T17:12:24Z, a difference of 1385308963 milliseconds.  Allowed clock skew: 0 milliseconds.
	at io.jsonwebtoken.impl.DefaultJwtParser.parse(DefaultJwtParser.java:427)
	at io.jsonwebtoken.impl.DefaultJwtParser.parse(DefaultJwtParser.java:529)
	at io.jsonwebtoken.impl.DefaultJwtParser.parseClaimsJws(DefaultJwtParser.java:589)
	at io.jsonwebtoken.impl.ImmutableJwtParser.parseClaimsJws(ImmutableJwtParser.java:173)
	at sh.user.supportershighuserbackend.jwt.service.JwtTokenProvider.validateToken(JwtTokenProvider.java:138)
	at sh.user.supportershighuserbackend.jwt.service.JwtAuthenticationFilter.doFilter(JwtAuthenticationFilter.java:28)
	at org.springframework.security.web.FilterChainProxy$VirtualFilterChain.doFilter(FilterChainProxy.java:374)
	at org.springframework.security.web.authentication.logout.LogoutFilter.doFilter(LogoutFilter.java:107)
	at org.springframework.security.web.authentication.logout.LogoutFilter.doFilter(LogoutFilter.java:93)
	at org.springframework.security.web.FilterChainProxy$VirtualFilterChain.doFilter(FilterChainProxy.java:374)
	at org.springframework.web.filter.CorsFilter.doFilterInternal(CorsFilter.java:91)
	at org.springframework.web.filter.OncePerRequestFilter.doFilter(OncePerRequestFilter.java:116)
	at org.springframework.security.web.FilterChainProxy$VirtualFilterChain.doFilter(FilterChainProxy.java:374)
	at org.springframework.security.web.header.HeaderWriterFilter.doHeadersAfter(HeaderWriterFilter.java:90)
	at org.springframework.security.web.header.HeaderWriterFilter.doFilterInternal(HeaderWriterFilter.java:75)
	at org.springframework.web.filter.OncePerRequestFilter.doFilter(OncePerRequestFilter.java:116)
	at org.springframework.security.web.FilterChainProxy$VirtualFilterChain.doFilter(FilterChainProxy.java:374)
	at org.springframework.security.web.context.SecurityContextHolderFilter.doFilter(SecurityContextHolderFilter.java:82)
	at org.springframework.security.web.context.SecurityContextHolderFilter.doFilter(SecurityContextHolderFilter.java:69)
	at org.springframework.security.web.FilterChainProxy$VirtualFilterChain.doFilter(FilterChainProxy.java:374)
	at org.springframework.security.web.context.request.async.WebAsyncManagerIntegrationFilter.doFilterInternal(WebAsyncManagerIntegrationFilter.java:62)
	at org.springframework.web.filter.OncePerRequestFilter.doFilter(OncePerRequestFilter.java:116)
	at org.springframework.security.web.FilterChainProxy$VirtualFilterChain.doFilter(FilterChainProxy.java:374)
	at org.springframework.security.web.session.DisableEncodeUrlFilter.doFilterInternal(DisableEncodeUrlFilter.java:42)
	at org.springframework.web.filter.OncePerRequestFilter.doFilter(OncePerRequestFilter.java:116)
	at org.springframework.security.web.FilterChainProxy$VirtualFilterChain.doFilter(FilterChainProxy.java:374)
	at org.springframework.security.web.FilterChainProxy.doFilterInternal(FilterChainProxy.java:233)
	at org.springframework.security.web.FilterChainProxy.doFilter(FilterChainProxy.java:191)
	at java.base/jdk.internal.reflect.DirectMethodHandleAccessor.invoke(DirectMethodHandleAccessor.java:104)
	at java.base/java.lang.reflect.Method.invoke(Method.java:565)
	at org.springframework.aop.support.AopUtils.invokeJoinpointUsingReflection(AopUtils.java:360)
	at org.springframework.aop.framework.ReflectiveMethodInvocation.invokeJoinpoint(ReflectiveMethodInvocation.java:196)
	at org.springframework.aop.framework.ReflectiveMethodInvocation.proceed(ReflectiveMethodInvocation.java:163)
	at org.springframework.aop.aspectj.MethodInvocationProceedingJoinPoint.proceed(MethodInvocationProceedingJoinPoint.java:89)
	at sh.user.supportershighuserbackend.configuration.AopConfig.handleRequestRejectedException(AopConfig.java:19)
	at java.base/jdk.internal.reflect.DirectMethodHandleAccessor.invoke(DirectMethodHandleAccessor.java:104)
	at java.base/java.lang.reflect.Method.invoke(Method.java:565)
	at org.springframework.aop.aspectj.AbstractAspectJAdvice.invokeAdviceMethodWithGivenArgs(AbstractAspectJAdvice.java:649)
	at org.springframework.aop.aspectj.AbstractAspectJAdvice.invokeAdviceMethod(AbstractAspectJAdvice.java:631)
	at org.springframework.aop.aspectj.AspectJAroundAdvice.invoke(AspectJAroundAdvice.java:71)
	at org.springframework.aop.framework.ReflectiveMethodInvocation.proceed(ReflectiveMethodInvocation.java:184)
	at org.springframework.aop.interceptor.ExposeInvocationInterceptor.invoke(ExposeInvocationInterceptor.java:97)
	at org.springframework.aop.framework.ReflectiveMethodInvocation.proceed(ReflectiveMethodInvocation.java:184)
	at org.springframework.aop.framework.CglibAopProxy$DynamicAdvisedInterceptor.intercept(CglibAopProxy.java:728)
	at org.springframework.security.web.FilterChainProxy$$SpringCGLIB$$0.doFilter(<generated>)
	at org.springframework.web.filter.CompositeFilter$VirtualFilterChain.doFilter(CompositeFilter.java:113)
	at org.springframework.web.filter.ServletRequestPathFilter.doFilter(ServletRequestPathFilter.java:52)
	at org.springframework.web.filter.CompositeFilter$VirtualFilterChain.doFilter(CompositeFilter.java:113)
	at org.springframework.web.filter.CompositeFilter.doFilter(CompositeFilter.java:74)
	at org.springframework.security.config.annotation.web.configuration.WebSecurityConfiguration$CompositeFilterChainProxy.doFilter(WebSecurityConfiguration.java:319)
	at java.base/jdk.internal.reflect.DirectMethodHandleAccessor.invoke(DirectMethodHandleAccessor.java:104)
	at java.base/java.lang.reflect.Method.invoke(Method.java:565)
	at org.springframework.aop.support.AopUtils.invokeJoinpointUsingReflection(AopUtils.java:360)
	at org.springframework.aop.framework.ReflectiveMethodInvocation.invokeJoinpoint(ReflectiveMethodInvocation.java:196)
	at org.springframework.aop.framework.ReflectiveMethodInvocation.proceed(ReflectiveMethodInvocation.java:163)
	at org.springframework.aop.aspectj.MethodInvocationProceedingJoinPoint.proceed(MethodInvocationProceedingJoinPoint.java:89)
	at sh.user.supportershighuserbackend.configuration.AopConfig.handleRequestRejectedException(AopConfig.java:19)
	at java.base/jdk.internal.reflect.DirectMethodHandleAccessor.invoke(DirectMethodHandleAccessor.java:104)
	at java.base/java.lang.reflect.Method.invoke(Method.java:565)
	at org.springframework.aop.aspectj.AbstractAspectJAdvice.invokeAdviceMethodWithGivenArgs(AbstractAspectJAdvice.java:649)
	at org.springframework.aop.aspectj.AbstractAspectJAdvice.invokeAdviceMethod(AbstractAspectJAdvice.java:631)
	at org.springframework.aop.aspectj.AspectJAroundAdvice.invoke(AspectJAroundAdvice.java:71)
	at org.springframework.aop.framework.ReflectiveMethodInvocation.proceed(ReflectiveMethodInvocation.java:184)
	at org.springframework.aop.interceptor.ExposeInvocationInterceptor.invoke(ExposeInvocationInterceptor.java:97)
	at org.springframework.aop.framework.ReflectiveMethodInvocation.proceed(ReflectiveMethodInvocation.java:184)
	at org.springframework.aop.framework.CglibAopProxy$DynamicAdvisedInterceptor.intercept(CglibAopProxy.java:728)
	at org.springframework.security.config.annotation.web.configuration.WebSecurityConfiguration$CompositeFilterChainProxy$$SpringCGLIB$$0.doFilter(<generated>)
	at org.springframework.web.filter.CompositeFilter$VirtualFilterChain.doFilter(CompositeFilter.java:113)
	at org.springframework.web.servlet.handler.HandlerMappingIntrospector.lambda$createCacheFilter$4(HandlerMappingIntrospector.java:267)
	at org.springframework.web.filter.CompositeFilter$VirtualFilterChain.doFilter(CompositeFilter.java:113)
	at org.springframework.web.filter.CompositeFilter.doFilter(CompositeFilter.java:74)
	at org.springframework.security.config.annotation.web.configuration.WebMvcSecurityConfiguration$CompositeFilterChainProxy.doFilter(WebMvcSecurityConfiguration.java:240)
	at java.base/jdk.internal.reflect.DirectMethodHandleAccessor.invoke(DirectMethodHandleAccessor.java:104)
	at java.base/java.lang.reflect.Method.invoke(Method.java:565)
	at org.springframework.aop.support.AopUtils.invokeJoinpointUsingReflection(AopUtils.java:360)
	at org.springframework.aop.framework.ReflectiveMethodInvocation.invokeJoinpoint(ReflectiveMethodInvocation.java:196)
	at org.springframework.aop.framework.ReflectiveMethodInvocation.proceed(ReflectiveMethodInvocation.java:163)
	at org.springframework.aop.aspectj.MethodInvocationProceedingJoinPoint.proceed(MethodInvocationProceedingJoinPoint.java:89)
	at sh.user.supportershighuserbackend.configuration.AopConfig.handleRequestRejectedException(AopConfig.java:19)
	at java.base/jdk.internal.reflect.DirectMethodHandleAccessor.invoke(DirectMethodHandleAccessor.java:104)
	at java.base/java.lang.reflect.Method.invoke(Method.java:565)
	at org.springframework.aop.aspectj.AbstractAspectJAdvice.invokeAdviceMethodWithGivenArgs(AbstractAspectJAdvice.java:649)
	at org.springframework.aop.aspectj.AbstractAspectJAdvice.invokeAdviceMethod(AbstractAspectJAdvice.java:631)
	at org.springframework.aop.aspectj.AspectJAroundAdvice.invoke(AspectJAroundAdvice.java:71)
	at org.springframework.aop.framework.ReflectiveMethodInvocation.proceed(ReflectiveMethodInvocation.java:184)
	at org.springframework.aop.interceptor.ExposeInvocationInterceptor.invoke(ExposeInvocationInterceptor.java:97)
	at org.springframework.aop.framework.ReflectiveMethodInvocation.proceed(ReflectiveMethodInvocation.java:184)
	at org.springframework.aop.framework.CglibAopProxy$DynamicAdvisedInterceptor.intercept(CglibAopProxy.java:728)
	at org.springframework.security.config.annotation.web.configuration.WebMvcSecurityConfiguration$CompositeFilterChainProxy$$SpringCGLIB$$0.doFilter(<generated>)
	at org.springframework.web.filter.DelegatingFilterProxy.invokeDelegate(DelegatingFilterProxy.java:362)
	at org.springframework.web.filter.DelegatingFilterProxy.doFilter(DelegatingFilterProxy.java:278)
	at org.apache.catalina.core.ApplicationFilterChain.internalDoFilter(ApplicationFilterChain.java:164)
	at org.apache.catalina.core.ApplicationFilterChain.doFilter(ApplicationFilterChain.java:140)
	at org.springframework.web.filter.RequestContextFilter.doFilterInternal(RequestContextFilter.java:100)
	at org.springframework.web.filter.OncePerRequestFilter.doFilter(OncePerRequestFilter.java:116)
	at org.apache.catalina.core.ApplicationFilterChain.internalDoFilter(ApplicationFilterChain.java:164)
	at org.apache.catalina.core.ApplicationFilterChain.doFilter(ApplicationFilterChain.java:140)
	at org.springframework.web.filter.FormContentFilter.doFilterInternal(FormContentFilter.java:93)
	at org.springframework.web.filter.OncePerRequestFilter.doFilter(OncePerRequestFilter.java:116)
	at org.apache.catalina.core.ApplicationFilterChain.internalDoFilter(ApplicationFilterChain.java:164)
	at org.apache.catalina.core.ApplicationFilterChain.doFilter(ApplicationFilterChain.java:140)
	at org.springframework.web.filter.CharacterEncodingFilter.doFilterInternal(CharacterEncodingFilter.java:201)
	at org.springframework.web.filter.OncePerRequestFilter.doFilter(OncePerRequestFilter.java:116)
	at org.apache.catalina.core.ApplicationFilterChain.internalDoFilter(ApplicationFilterChain.java:164)
	at org.apache.catalina.core.ApplicationFilterChain.doFilter(ApplicationFilterChain.java:140)
	at org.apache.catalina.core.StandardWrapperValve.invoke(StandardWrapperValve.java:167)
	at org.apache.catalina.core.StandardContextValve.invoke(StandardContextValve.java:90)
	at org.apache.catalina.authenticator.AuthenticatorBase.invoke(AuthenticatorBase.java:483)
	at org.apache.catalina.core.StandardHostValve.invoke(StandardHostValve.java:116)
	at org.apache.catalina.valves.ErrorReportValve.invoke(ErrorReportValve.java:93)
	at org.apache.catalina.core.StandardEngineValve.invoke(StandardEngineValve.java:74)
	at org.apache.catalina.connector.CoyoteAdapter.service(CoyoteAdapter.java:344)
	at org.apache.coyote.http11.Http11Processor.service(Http11Processor.java:398)
	at org.apache.coyote.AbstractProcessorLight.process(AbstractProcessorLight.java:63)
	at org.apache.coyote.AbstractProtocol$ConnectionHandler.process(AbstractProtocol.java:903)
	at org.apache.tomcat.util.net.NioEndpoint$SocketProcessor.doRun(NioEndpoint.java:1769)
	at org.apache.tomcat.util.net.SocketProcessorBase.run(SocketProcessorBase.java:52)
	at org.apache.tomcat.util.threads.ThreadPoolExecutor.runWorker(ThreadPoolExecutor.java:1189)
	at org.apache.tomcat.util.threads.ThreadPoolExecutor$Worker.run(ThreadPoolExecutor.java:658)
	at org.apache.tomcat.util.threads.TaskThread$WrappingRunnable.run(TaskThread.java:63)
	at java.base/java.lang.Thread.run(Thread.java:1447)
02:12:24.964 INFO  [http-nio-8093-exec-6] [MethodCallMonitorAspect.java-methodCallLog-21] [AOP] 호출 함수 확인
02:12:24.964 INFO  [http-nio-8093-exec-6] [MethodCallMonitorAspect.java-methodCallLog-24] 함수 : getPreRegistrationCount, 파라미터 : []
02:12:24.964 INFO  [http-nio-8093-exec-6] [TimeMonitorAspect.java-logTime-20] [AOP] 함수 실행 시간 로깅
02:12:24.964 INFO  [http-nio-8093-exec-6] [MemberController.java-getPreRegistrationCount-142] [Member] 사전 등록한 유저수 조회
02:12:24.964 INFO  [http-nio-8093-exec-6] [MemberService.java-getPreRegistrationCount-442] 사전 등록한 유저수 조회 service
02:12:24.966 INFO  [http-nio-8093-exec-6] [TimeMonitorAspect.java-logTime-32] ResponseEntity sh.user.supportershighuserbackend.member.controller.MemberController.getPreRegistrationCount() 실행 시간 : 2 ms
02:12:24.966 INFO  [http-nio-8093-exec-6] [MethodCallMonitorAspect.java-methodCallLog-32] getPreRegistrationCount 함수 정상 반환 데이터 : public class org.springframework.http.ResponseEntity<T>
02:14:28.407 INFO  [http-nio-8093-exec-2] [JwtTokenProvider.java-validateToken-134] validateToken 함수 진입 : 토큰 Provider 에서 검증할 토큰을 가지고 왔는지 확인
02:14:28.407 INFO  [http-nio-8093-exec-2] [JwtTokenProvider.java-validateToken-137] Checking JWT Token
02:14:28.409 INFO  [http-nio-8093-exec-2] [JwtTokenProvider.java-validateToken-144] Expired JWT Token
io.jsonwebtoken.ExpiredJwtException: JWT expired at 2025-09-22T16:23:56Z. Current time: 2025-10-08T17:14:28Z, a difference of 1385432409 milliseconds.  Allowed clock skew: 0 milliseconds.
	at io.jsonwebtoken.impl.DefaultJwtParser.parse(DefaultJwtParser.java:427)
	at io.jsonwebtoken.impl.DefaultJwtParser.parse(DefaultJwtParser.java:529)
	at io.jsonwebtoken.impl.DefaultJwtParser.parseClaimsJws(DefaultJwtParser.java:589)
	at io.jsonwebtoken.impl.ImmutableJwtParser.parseClaimsJws(ImmutableJwtParser.java:173)
	at sh.user.supportershighuserbackend.jwt.service.JwtTokenProvider.validateToken(JwtTokenProvider.java:138)
	at sh.user.supportershighuserbackend.jwt.service.JwtAuthenticationFilter.doFilter(JwtAuthenticationFilter.java:28)
	at org.springframework.security.web.FilterChainProxy$VirtualFilterChain.doFilter(FilterChainProxy.java:374)
	at org.springframework.security.web.authentication.logout.LogoutFilter.doFilter(LogoutFilter.java:107)
	at org.springframework.security.web.authentication.logout.LogoutFilter.doFilter(LogoutFilter.java:93)
	at org.springframework.security.web.FilterChainProxy$VirtualFilterChain.doFilter(FilterChainProxy.java:374)
	at org.springframework.web.filter.CorsFilter.doFilterInternal(CorsFilter.java:91)
	at org.springframework.web.filter.OncePerRequestFilter.doFilter(OncePerRequestFilter.java:116)
	at org.springframework.security.web.FilterChainProxy$VirtualFilterChain.doFilter(FilterChainProxy.java:374)
	at org.springframework.security.web.header.HeaderWriterFilter.doHeadersAfter(HeaderWriterFilter.java:90)
	at org.springframework.security.web.header.HeaderWriterFilter.doFilterInternal(HeaderWriterFilter.java:75)
	at org.springframework.web.filter.OncePerRequestFilter.doFilter(OncePerRequestFilter.java:116)
	at org.springframework.security.web.FilterChainProxy$VirtualFilterChain.doFilter(FilterChainProxy.java:374)
	at org.springframework.security.web.context.SecurityContextHolderFilter.doFilter(SecurityContextHolderFilter.java:82)
	at org.springframework.security.web.context.SecurityContextHolderFilter.doFilter(SecurityContextHolderFilter.java:69)
	at org.springframework.security.web.FilterChainProxy$VirtualFilterChain.doFilter(FilterChainProxy.java:374)
	at org.springframework.security.web.context.request.async.WebAsyncManagerIntegrationFilter.doFilterInternal(WebAsyncManagerIntegrationFilter.java:62)
	at org.springframework.web.filter.OncePerRequestFilter.doFilter(OncePerRequestFilter.java:116)
	at org.springframework.security.web.FilterChainProxy$VirtualFilterChain.doFilter(FilterChainProxy.java:374)
	at org.springframework.security.web.session.DisableEncodeUrlFilter.doFilterInternal(DisableEncodeUrlFilter.java:42)
	at org.springframework.web.filter.OncePerRequestFilter.doFilter(OncePerRequestFilter.java:116)
	at org.springframework.security.web.FilterChainProxy$VirtualFilterChain.doFilter(FilterChainProxy.java:374)
	at org.springframework.security.web.FilterChainProxy.doFilterInternal(FilterChainProxy.java:233)
	at org.springframework.security.web.FilterChainProxy.doFilter(FilterChainProxy.java:191)
	at java.base/jdk.internal.reflect.DirectMethodHandleAccessor.invoke(DirectMethodHandleAccessor.java:104)
	at java.base/java.lang.reflect.Method.invoke(Method.java:565)
	at org.springframework.aop.support.AopUtils.invokeJoinpointUsingReflection(AopUtils.java:360)
	at org.springframework.aop.framework.ReflectiveMethodInvocation.invokeJoinpoint(ReflectiveMethodInvocation.java:196)
	at org.springframework.aop.framework.ReflectiveMethodInvocation.proceed(ReflectiveMethodInvocation.java:163)
	at org.springframework.aop.aspectj.MethodInvocationProceedingJoinPoint.proceed(MethodInvocationProceedingJoinPoint.java:89)
	at sh.user.supportershighuserbackend.configuration.AopConfig.handleRequestRejectedException(AopConfig.java:19)
	at java.base/jdk.internal.reflect.DirectMethodHandleAccessor.invoke(DirectMethodHandleAccessor.java:104)
	at java.base/java.lang.reflect.Method.invoke(Method.java:565)
	at org.springframework.aop.aspectj.AbstractAspectJAdvice.invokeAdviceMethodWithGivenArgs(AbstractAspectJAdvice.java:649)
	at org.springframework.aop.aspectj.AbstractAspectJAdvice.invokeAdviceMethod(AbstractAspectJAdvice.java:631)
	at org.springframework.aop.aspectj.AspectJAroundAdvice.invoke(AspectJAroundAdvice.java:71)
	at org.springframework.aop.framework.ReflectiveMethodInvocation.proceed(ReflectiveMethodInvocation.java:184)
	at org.springframework.aop.interceptor.ExposeInvocationInterceptor.invoke(ExposeInvocationInterceptor.java:97)
	at org.springframework.aop.framework.ReflectiveMethodInvocation.proceed(ReflectiveMethodInvocation.java:184)
	at org.springframework.aop.framework.CglibAopProxy$DynamicAdvisedInterceptor.intercept(CglibAopProxy.java:728)
	at org.springframework.security.web.FilterChainProxy$$SpringCGLIB$$0.doFilter(<generated>)
	at org.springframework.web.filter.CompositeFilter$VirtualFilterChain.doFilter(CompositeFilter.java:113)
	at org.springframework.web.filter.ServletRequestPathFilter.doFilter(ServletRequestPathFilter.java:52)
	at org.springframework.web.filter.CompositeFilter$VirtualFilterChain.doFilter(CompositeFilter.java:113)
	at org.springframework.web.filter.CompositeFilter.doFilter(CompositeFilter.java:74)
	at org.springframework.security.config.annotation.web.configuration.WebSecurityConfiguration$CompositeFilterChainProxy.doFilter(WebSecurityConfiguration.java:319)
	at java.base/jdk.internal.reflect.DirectMethodHandleAccessor.invoke(DirectMethodHandleAccessor.java:104)
	at java.base/java.lang.reflect.Method.invoke(Method.java:565)
	at org.springframework.aop.support.AopUtils.invokeJoinpointUsingReflection(AopUtils.java:360)
	at org.springframework.aop.framework.ReflectiveMethodInvocation.invokeJoinpoint(ReflectiveMethodInvocation.java:196)
	at org.springframework.aop.framework.ReflectiveMethodInvocation.proceed(ReflectiveMethodInvocation.java:163)
	at org.springframework.aop.aspectj.MethodInvocationProceedingJoinPoint.proceed(MethodInvocationProceedingJoinPoint.java:89)
	at sh.user.supportershighuserbackend.configuration.AopConfig.handleRequestRejectedException(AopConfig.java:19)
	at java.base/jdk.internal.reflect.DirectMethodHandleAccessor.invoke(DirectMethodHandleAccessor.java:104)
	at java.base/java.lang.reflect.Method.invoke(Method.java:565)
	at org.springframework.aop.aspectj.AbstractAspectJAdvice.invokeAdviceMethodWithGivenArgs(AbstractAspectJAdvice.java:649)
	at org.springframework.aop.aspectj.AbstractAspectJAdvice.invokeAdviceMethod(AbstractAspectJAdvice.java:631)
	at org.springframework.aop.aspectj.AspectJAroundAdvice.invoke(AspectJAroundAdvice.java:71)
	at org.springframework.aop.framework.ReflectiveMethodInvocation.proceed(ReflectiveMethodInvocation.java:184)
	at org.springframework.aop.interceptor.ExposeInvocationInterceptor.invoke(ExposeInvocationInterceptor.java:97)
	at org.springframework.aop.framework.ReflectiveMethodInvocation.proceed(ReflectiveMethodInvocation.java:184)
	at org.springframework.aop.framework.CglibAopProxy$DynamicAdvisedInterceptor.intercept(CglibAopProxy.java:728)
	at org.springframework.security.config.annotation.web.configuration.WebSecurityConfiguration$CompositeFilterChainProxy$$SpringCGLIB$$0.doFilter(<generated>)
	at org.springframework.web.filter.CompositeFilter$VirtualFilterChain.doFilter(CompositeFilter.java:113)
	at org.springframework.web.servlet.handler.HandlerMappingIntrospector.lambda$createCacheFilter$4(HandlerMappingIntrospector.java:267)
	at org.springframework.web.filter.CompositeFilter$VirtualFilterChain.doFilter(CompositeFilter.java:113)
	at org.springframework.web.filter.CompositeFilter.doFilter(CompositeFilter.java:74)
	at org.springframework.security.config.annotation.web.configuration.WebMvcSecurityConfiguration$CompositeFilterChainProxy.doFilter(WebMvcSecurityConfiguration.java:240)
	at java.base/jdk.internal.reflect.DirectMethodHandleAccessor.invoke(DirectMethodHandleAccessor.java:104)
	at java.base/java.lang.reflect.Method.invoke(Method.java:565)
	at org.springframework.aop.support.AopUtils.invokeJoinpointUsingReflection(AopUtils.java:360)
	at org.springframework.aop.framework.ReflectiveMethodInvocation.invokeJoinpoint(ReflectiveMethodInvocation.java:196)
	at org.springframework.aop.framework.ReflectiveMethodInvocation.proceed(ReflectiveMethodInvocation.java:163)
	at org.springframework.aop.aspectj.MethodInvocationProceedingJoinPoint.proceed(MethodInvocationProceedingJoinPoint.java:89)
	at sh.user.supportershighuserbackend.configuration.AopConfig.handleRequestRejectedException(AopConfig.java:19)
	at java.base/jdk.internal.reflect.DirectMethodHandleAccessor.invoke(DirectMethodHandleAccessor.java:104)
	at java.base/java.lang.reflect.Method.invoke(Method.java:565)
	at org.springframework.aop.aspectj.AbstractAspectJAdvice.invokeAdviceMethodWithGivenArgs(AbstractAspectJAdvice.java:649)
	at org.springframework.aop.aspectj.AbstractAspectJAdvice.invokeAdviceMethod(AbstractAspectJAdvice.java:631)
	at org.springframework.aop.aspectj.AspectJAroundAdvice.invoke(AspectJAroundAdvice.java:71)
	at org.springframework.aop.framework.ReflectiveMethodInvocation.proceed(ReflectiveMethodInvocation.java:184)
	at org.springframework.aop.interceptor.ExposeInvocationInterceptor.invoke(ExposeInvocationInterceptor.java:97)
	at org.springframework.aop.framework.ReflectiveMethodInvocation.proceed(ReflectiveMethodInvocation.java:184)
	at org.springframework.aop.framework.CglibAopProxy$DynamicAdvisedInterceptor.intercept(CglibAopProxy.java:728)
	at org.springframework.security.config.annotation.web.configuration.WebMvcSecurityConfiguration$CompositeFilterChainProxy$$SpringCGLIB$$0.doFilter(<generated>)
	at org.springframework.web.filter.DelegatingFilterProxy.invokeDelegate(DelegatingFilterProxy.java:362)
	at org.springframework.web.filter.DelegatingFilterProxy.doFilter(DelegatingFilterProxy.java:278)
	at org.apache.catalina.core.ApplicationFilterChain.internalDoFilter(ApplicationFilterChain.java:164)
	at org.apache.catalina.core.ApplicationFilterChain.doFilter(ApplicationFilterChain.java:140)
	at org.springframework.web.filter.RequestContextFilter.doFilterInternal(RequestContextFilter.java:100)
	at org.springframework.web.filter.OncePerRequestFilter.doFilter(OncePerRequestFilter.java:116)
	at org.apache.catalina.core.ApplicationFilterChain.internalDoFilter(ApplicationFilterChain.java:164)
	at org.apache.catalina.core.ApplicationFilterChain.doFilter(ApplicationFilterChain.java:140)
	at org.springframework.web.filter.FormContentFilter.doFilterInternal(FormContentFilter.java:93)
	at org.springframework.web.filter.OncePerRequestFilter.doFilter(OncePerRequestFilter.java:116)
	at org.apache.catalina.core.ApplicationFilterChain.internalDoFilter(ApplicationFilterChain.java:164)
	at org.apache.catalina.core.ApplicationFilterChain.doFilter(ApplicationFilterChain.java:140)
	at org.springframework.web.filter.CharacterEncodingFilter.doFilterInternal(CharacterEncodingFilter.java:201)
	at org.springframework.web.filter.OncePerRequestFilter.doFilter(OncePerRequestFilter.java:116)
	at org.apache.catalina.core.ApplicationFilterChain.internalDoFilter(ApplicationFilterChain.java:164)
	at org.apache.catalina.core.ApplicationFilterChain.doFilter(ApplicationFilterChain.java:140)
	at org.apache.catalina.core.StandardWrapperValve.invoke(StandardWrapperValve.java:167)
	at org.apache.catalina.core.StandardContextValve.invoke(StandardContextValve.java:90)
	at org.apache.catalina.authenticator.AuthenticatorBase.invoke(AuthenticatorBase.java:483)
	at org.apache.catalina.core.StandardHostValve.invoke(StandardHostValve.java:116)
	at org.apache.catalina.valves.ErrorReportValve.invoke(ErrorReportValve.java:93)
	at org.apache.catalina.core.StandardEngineValve.invoke(StandardEngineValve.java:74)
	at org.apache.catalina.connector.CoyoteAdapter.service(CoyoteAdapter.java:344)
	at org.apache.coyote.http11.Http11Processor.service(Http11Processor.java:398)
	at org.apache.coyote.AbstractProcessorLight.process(AbstractProcessorLight.java:63)
	at org.apache.coyote.AbstractProtocol$ConnectionHandler.process(AbstractProtocol.java:903)
	at org.apache.tomcat.util.net.NioEndpoint$SocketProcessor.doRun(NioEndpoint.java:1769)
	at org.apache.tomcat.util.net.SocketProcessorBase.run(SocketProcessorBase.java:52)
	at org.apache.tomcat.util.threads.ThreadPoolExecutor.runWorker(ThreadPoolExecutor.java:1189)
	at org.apache.tomcat.util.threads.ThreadPoolExecutor$Worker.run(ThreadPoolExecutor.java:658)
	at org.apache.tomcat.util.threads.TaskThread$WrappingRunnable.run(TaskThread.java:63)
	at java.base/java.lang.Thread.run(Thread.java:1447)
02:14:28.410 INFO  [http-nio-8093-exec-2] [MethodCallMonitorAspect.java-methodCallLog-21] [AOP] 호출 함수 확인
02:14:28.410 INFO  [http-nio-8093-exec-2] [MethodCallMonitorAspect.java-methodCallLog-24] 함수 : getAllLeague, 파라미터 : null
02:14:28.410 INFO  [http-nio-8093-exec-2] [TimeMonitorAspect.java-logTime-20] [AOP] 함수 실행 시간 로깅
02:14:28.410 INFO  [http-nio-8093-exec-2] [LeagueController.java-getAllLeague-30] [League] 회원가입 시 선택할 수 있도록 전체 리그 정보 호출
02:14:28.410 INFO  [http-nio-8093-exec-2] [LeagueService.java-getAllLeague-26] 회원가입 전체 리그 정보 호출 service
02:14:28.413 INFO  [http-nio-8093-exec-2] [TimeMonitorAspect.java-logTime-32] ResponseEntity sh.user.supportershighuserbackend.league.controller.LeagueController.getAllLeague(HttpServletRequest) 실행 시간 : 3 ms
02:14:28.413 INFO  [http-nio-8093-exec-2] [MethodCallMonitorAspect.java-methodCallLog-32] getAllLeague 함수 정상 반환 데이터 : public class org.springframework.http.ResponseEntity<T>
02:16:58.884 INFO  [http-nio-8093-exec-3] [JwtTokenProvider.java-validateToken-134] validateToken 함수 진입 : 토큰 Provider 에서 검증할 토큰을 가지고 왔는지 확인
02:16:58.884 INFO  [http-nio-8093-exec-3] [JwtTokenProvider.java-validateToken-137] Checking JWT Token
02:16:58.885 INFO  [http-nio-8093-exec-3] [JwtTokenProvider.java-validateToken-144] Expired JWT Token
io.jsonwebtoken.ExpiredJwtException: JWT expired at 2025-09-22T16:23:56Z. Current time: 2025-10-08T17:16:58Z, a difference of 1385582885 milliseconds.  Allowed clock skew: 0 milliseconds.
	at io.jsonwebtoken.impl.DefaultJwtParser.parse(DefaultJwtParser.java:427)
	at io.jsonwebtoken.impl.DefaultJwtParser.parse(DefaultJwtParser.java:529)
	at io.jsonwebtoken.impl.DefaultJwtParser.parseClaimsJws(DefaultJwtParser.java:589)
	at io.jsonwebtoken.impl.ImmutableJwtParser.parseClaimsJws(ImmutableJwtParser.java:173)
	at sh.user.supportershighuserbackend.jwt.service.JwtTokenProvider.validateToken(JwtTokenProvider.java:138)
	at sh.user.supportershighuserbackend.jwt.service.JwtAuthenticationFilter.doFilter(JwtAuthenticationFilter.java:28)
	at org.springframework.security.web.FilterChainProxy$VirtualFilterChain.doFilter(FilterChainProxy.java:374)
	at org.springframework.security.web.authentication.logout.LogoutFilter.doFilter(LogoutFilter.java:107)
	at org.springframework.security.web.authentication.logout.LogoutFilter.doFilter(LogoutFilter.java:93)
	at org.springframework.security.web.FilterChainProxy$VirtualFilterChain.doFilter(FilterChainProxy.java:374)
	at org.springframework.web.filter.CorsFilter.doFilterInternal(CorsFilter.java:91)
	at org.springframework.web.filter.OncePerRequestFilter.doFilter(OncePerRequestFilter.java:116)
	at org.springframework.security.web.FilterChainProxy$VirtualFilterChain.doFilter(FilterChainProxy.java:374)
	at org.springframework.security.web.header.HeaderWriterFilter.doHeadersAfter(HeaderWriterFilter.java:90)
	at org.springframework.security.web.header.HeaderWriterFilter.doFilterInternal(HeaderWriterFilter.java:75)
	at org.springframework.web.filter.OncePerRequestFilter.doFilter(OncePerRequestFilter.java:116)
	at org.springframework.security.web.FilterChainProxy$VirtualFilterChain.doFilter(FilterChainProxy.java:374)
	at org.springframework.security.web.context.SecurityContextHolderFilter.doFilter(SecurityContextHolderFilter.java:82)
	at org.springframework.security.web.context.SecurityContextHolderFilter.doFilter(SecurityContextHolderFilter.java:69)
	at org.springframework.security.web.FilterChainProxy$VirtualFilterChain.doFilter(FilterChainProxy.java:374)
	at org.springframework.security.web.context.request.async.WebAsyncManagerIntegrationFilter.doFilterInternal(WebAsyncManagerIntegrationFilter.java:62)
	at org.springframework.web.filter.OncePerRequestFilter.doFilter(OncePerRequestFilter.java:116)
	at org.springframework.security.web.FilterChainProxy$VirtualFilterChain.doFilter(FilterChainProxy.java:374)
	at org.springframework.security.web.session.DisableEncodeUrlFilter.doFilterInternal(DisableEncodeUrlFilter.java:42)
	at org.springframework.web.filter.OncePerRequestFilter.doFilter(OncePerRequestFilter.java:116)
	at org.springframework.security.web.FilterChainProxy$VirtualFilterChain.doFilter(FilterChainProxy.java:374)
	at org.springframework.security.web.FilterChainProxy.doFilterInternal(FilterChainProxy.java:233)
	at org.springframework.security.web.FilterChainProxy.doFilter(FilterChainProxy.java:191)
	at java.base/jdk.internal.reflect.DirectMethodHandleAccessor.invoke(DirectMethodHandleAccessor.java:104)
	at java.base/java.lang.reflect.Method.invoke(Method.java:565)
	at org.springframework.aop.support.AopUtils.invokeJoinpointUsingReflection(AopUtils.java:360)
	at org.springframework.aop.framework.ReflectiveMethodInvocation.invokeJoinpoint(ReflectiveMethodInvocation.java:196)
	at org.springframework.aop.framework.ReflectiveMethodInvocation.proceed(ReflectiveMethodInvocation.java:163)
	at org.springframework.aop.aspectj.MethodInvocationProceedingJoinPoint.proceed(MethodInvocationProceedingJoinPoint.java:89)
	at sh.user.supportershighuserbackend.configuration.AopConfig.handleRequestRejectedException(AopConfig.java:19)
	at java.base/jdk.internal.reflect.DirectMethodHandleAccessor.invoke(DirectMethodHandleAccessor.java:104)
	at java.base/java.lang.reflect.Method.invoke(Method.java:565)
	at org.springframework.aop.aspectj.AbstractAspectJAdvice.invokeAdviceMethodWithGivenArgs(AbstractAspectJAdvice.java:649)
	at org.springframework.aop.aspectj.AbstractAspectJAdvice.invokeAdviceMethod(AbstractAspectJAdvice.java:631)
	at org.springframework.aop.aspectj.AspectJAroundAdvice.invoke(AspectJAroundAdvice.java:71)
	at org.springframework.aop.framework.ReflectiveMethodInvocation.proceed(ReflectiveMethodInvocation.java:184)
	at org.springframework.aop.interceptor.ExposeInvocationInterceptor.invoke(ExposeInvocationInterceptor.java:97)
	at org.springframework.aop.framework.ReflectiveMethodInvocation.proceed(ReflectiveMethodInvocation.java:184)
	at org.springframework.aop.framework.CglibAopProxy$DynamicAdvisedInterceptor.intercept(CglibAopProxy.java:728)
	at org.springframework.security.web.FilterChainProxy$$SpringCGLIB$$0.doFilter(<generated>)
	at org.springframework.web.filter.CompositeFilter$VirtualFilterChain.doFilter(CompositeFilter.java:113)
	at org.springframework.web.filter.ServletRequestPathFilter.doFilter(ServletRequestPathFilter.java:52)
	at org.springframework.web.filter.CompositeFilter$VirtualFilterChain.doFilter(CompositeFilter.java:113)
	at org.springframework.web.filter.CompositeFilter.doFilter(CompositeFilter.java:74)
	at org.springframework.security.config.annotation.web.configuration.WebSecurityConfiguration$CompositeFilterChainProxy.doFilter(WebSecurityConfiguration.java:319)
	at java.base/jdk.internal.reflect.DirectMethodHandleAccessor.invoke(DirectMethodHandleAccessor.java:104)
	at java.base/java.lang.reflect.Method.invoke(Method.java:565)
	at org.springframework.aop.support.AopUtils.invokeJoinpointUsingReflection(AopUtils.java:360)
	at org.springframework.aop.framework.ReflectiveMethodInvocation.invokeJoinpoint(ReflectiveMethodInvocation.java:196)
	at org.springframework.aop.framework.ReflectiveMethodInvocation.proceed(ReflectiveMethodInvocation.java:163)
	at org.springframework.aop.aspectj.MethodInvocationProceedingJoinPoint.proceed(MethodInvocationProceedingJoinPoint.java:89)
	at sh.user.supportershighuserbackend.configuration.AopConfig.handleRequestRejectedException(AopConfig.java:19)
	at java.base/jdk.internal.reflect.DirectMethodHandleAccessor.invoke(DirectMethodHandleAccessor.java:104)
	at java.base/java.lang.reflect.Method.invoke(Method.java:565)
	at org.springframework.aop.aspectj.AbstractAspectJAdvice.invokeAdviceMethodWithGivenArgs(AbstractAspectJAdvice.java:649)
	at org.springframework.aop.aspectj.AbstractAspectJAdvice.invokeAdviceMethod(AbstractAspectJAdvice.java:631)
	at org.springframework.aop.aspectj.AspectJAroundAdvice.invoke(AspectJAroundAdvice.java:71)
	at org.springframework.aop.framework.ReflectiveMethodInvocation.proceed(ReflectiveMethodInvocation.java:184)
	at org.springframework.aop.interceptor.ExposeInvocationInterceptor.invoke(ExposeInvocationInterceptor.java:97)
	at org.springframework.aop.framework.ReflectiveMethodInvocation.proceed(ReflectiveMethodInvocation.java:184)
	at org.springframework.aop.framework.CglibAopProxy$DynamicAdvisedInterceptor.intercept(CglibAopProxy.java:728)
	at org.springframework.security.config.annotation.web.configuration.WebSecurityConfiguration$CompositeFilterChainProxy$$SpringCGLIB$$0.doFilter(<generated>)
	at org.springframework.web.filter.CompositeFilter$VirtualFilterChain.doFilter(CompositeFilter.java:113)
	at org.springframework.web.servlet.handler.HandlerMappingIntrospector.lambda$createCacheFilter$4(HandlerMappingIntrospector.java:267)
	at org.springframework.web.filter.CompositeFilter$VirtualFilterChain.doFilter(CompositeFilter.java:113)
	at org.springframework.web.filter.CompositeFilter.doFilter(CompositeFilter.java:74)
	at org.springframework.security.config.annotation.web.configuration.WebMvcSecurityConfiguration$CompositeFilterChainProxy.doFilter(WebMvcSecurityConfiguration.java:240)
	at java.base/jdk.internal.reflect.DirectMethodHandleAccessor.invoke(DirectMethodHandleAccessor.java:104)
	at java.base/java.lang.reflect.Method.invoke(Method.java:565)
	at org.springframework.aop.support.AopUtils.invokeJoinpointUsingReflection(AopUtils.java:360)
	at org.springframework.aop.framework.ReflectiveMethodInvocation.invokeJoinpoint(ReflectiveMethodInvocation.java:196)
	at org.springframework.aop.framework.ReflectiveMethodInvocation.proceed(ReflectiveMethodInvocation.java:163)
	at org.springframework.aop.aspectj.MethodInvocationProceedingJoinPoint.proceed(MethodInvocationProceedingJoinPoint.java:89)
	at sh.user.supportershighuserbackend.configuration.AopConfig.handleRequestRejectedException(AopConfig.java:19)
	at java.base/jdk.internal.reflect.DirectMethodHandleAccessor.invoke(DirectMethodHandleAccessor.java:104)
	at java.base/java.lang.reflect.Method.invoke(Method.java:565)
	at org.springframework.aop.aspectj.AbstractAspectJAdvice.invokeAdviceMethodWithGivenArgs(AbstractAspectJAdvice.java:649)
	at org.springframework.aop.aspectj.AbstractAspectJAdvice.invokeAdviceMethod(AbstractAspectJAdvice.java:631)
	at org.springframework.aop.aspectj.AspectJAroundAdvice.invoke(AspectJAroundAdvice.java:71)
	at org.springframework.aop.framework.ReflectiveMethodInvocation.proceed(ReflectiveMethodInvocation.java:184)
	at org.springframework.aop.interceptor.ExposeInvocationInterceptor.invoke(ExposeInvocationInterceptor.java:97)
	at org.springframework.aop.framework.ReflectiveMethodInvocation.proceed(ReflectiveMethodInvocation.java:184)
	at org.springframework.aop.framework.CglibAopProxy$DynamicAdvisedInterceptor.intercept(CglibAopProxy.java:728)
	at org.springframework.security.config.annotation.web.configuration.WebMvcSecurityConfiguration$CompositeFilterChainProxy$$SpringCGLIB$$0.doFilter(<generated>)
	at org.springframework.web.filter.DelegatingFilterProxy.invokeDelegate(DelegatingFilterProxy.java:362)
	at org.springframework.web.filter.DelegatingFilterProxy.doFilter(DelegatingFilterProxy.java:278)
	at org.apache.catalina.core.ApplicationFilterChain.internalDoFilter(ApplicationFilterChain.java:164)
	at org.apache.catalina.core.ApplicationFilterChain.doFilter(ApplicationFilterChain.java:140)
	at org.springframework.web.filter.RequestContextFilter.doFilterInternal(RequestContextFilter.java:100)
	at org.springframework.web.filter.OncePerRequestFilter.doFilter(OncePerRequestFilter.java:116)
	at org.apache.catalina.core.ApplicationFilterChain.internalDoFilter(ApplicationFilterChain.java:164)
	at org.apache.catalina.core.ApplicationFilterChain.doFilter(ApplicationFilterChain.java:140)
	at org.springframework.web.filter.FormContentFilter.doFilterInternal(FormContentFilter.java:93)
	at org.springframework.web.filter.OncePerRequestFilter.doFilter(OncePerRequestFilter.java:116)
	at org.apache.catalina.core.ApplicationFilterChain.internalDoFilter(ApplicationFilterChain.java:164)
	at org.apache.catalina.core.ApplicationFilterChain.doFilter(ApplicationFilterChain.java:140)
	at org.springframework.web.filter.CharacterEncodingFilter.doFilterInternal(CharacterEncodingFilter.java:201)
	at org.springframework.web.filter.OncePerRequestFilter.doFilter(OncePerRequestFilter.java:116)
	at org.apache.catalina.core.ApplicationFilterChain.internalDoFilter(ApplicationFilterChain.java:164)
	at org.apache.catalina.core.ApplicationFilterChain.doFilter(ApplicationFilterChain.java:140)
	at org.apache.catalina.core.StandardWrapperValve.invoke(StandardWrapperValve.java:167)
	at org.apache.catalina.core.StandardContextValve.invoke(StandardContextValve.java:90)
	at org.apache.catalina.authenticator.AuthenticatorBase.invoke(AuthenticatorBase.java:483)
	at org.apache.catalina.core.StandardHostValve.invoke(StandardHostValve.java:116)
	at org.apache.catalina.valves.ErrorReportValve.invoke(ErrorReportValve.java:93)
	at org.apache.catalina.core.StandardEngineValve.invoke(StandardEngineValve.java:74)
	at org.apache.catalina.connector.CoyoteAdapter.service(CoyoteAdapter.java:344)
	at org.apache.coyote.http11.Http11Processor.service(Http11Processor.java:398)
	at org.apache.coyote.AbstractProcessorLight.process(AbstractProcessorLight.java:63)
	at org.apache.coyote.AbstractProtocol$ConnectionHandler.process(AbstractProtocol.java:903)
	at org.apache.tomcat.util.net.NioEndpoint$SocketProcessor.doRun(NioEndpoint.java:1769)
	at org.apache.tomcat.util.net.SocketProcessorBase.run(SocketProcessorBase.java:52)
	at org.apache.tomcat.util.threads.ThreadPoolExecutor.runWorker(ThreadPoolExecutor.java:1189)
	at org.apache.tomcat.util.threads.ThreadPoolExecutor$Worker.run(ThreadPoolExecutor.java:658)
	at org.apache.tomcat.util.threads.TaskThread$WrappingRunnable.run(TaskThread.java:63)
	at java.base/java.lang.Thread.run(Thread.java:1447)
02:16:58.886 INFO  [http-nio-8093-exec-3] [MethodCallMonitorAspect.java-methodCallLog-21] [AOP] 호출 함수 확인
02:16:58.886 INFO  [http-nio-8093-exec-3] [MethodCallMonitorAspect.java-methodCallLog-24] 함수 : getPreRegistrationCount, 파라미터 : []
02:16:58.886 INFO  [http-nio-8093-exec-3] [TimeMonitorAspect.java-logTime-20] [AOP] 함수 실행 시간 로깅
02:16:58.886 INFO  [http-nio-8093-exec-3] [MemberController.java-getPreRegistrationCount-142] [Member] 사전 등록한 유저수 조회
02:16:58.886 INFO  [http-nio-8093-exec-3] [MemberService.java-getPreRegistrationCount-442] 사전 등록한 유저수 조회 service
02:16:58.889 INFO  [http-nio-8093-exec-3] [TimeMonitorAspect.java-logTime-32] ResponseEntity sh.user.supportershighuserbackend.member.controller.MemberController.getPreRegistrationCount() 실행 시간 : 3 ms
02:16:58.889 INFO  [http-nio-8093-exec-3] [MethodCallMonitorAspect.java-methodCallLog-32] getPreRegistrationCount 함수 정상 반환 데이터 : public class org.springframework.http.ResponseEntity<T>
02:16:59.007 INFO  [http-nio-8093-exec-5] [JwtTokenProvider.java-validateToken-134] validateToken 함수 진입 : 토큰 Provider 에서 검증할 토큰을 가지고 왔는지 확인
02:16:59.007 INFO  [http-nio-8093-exec-5] [JwtTokenProvider.java-validateToken-137] Checking JWT Token
02:16:59.008 INFO  [http-nio-8093-exec-5] [JwtTokenProvider.java-validateToken-144] Expired JWT Token
io.jsonwebtoken.ExpiredJwtException: JWT expired at 2025-09-22T16:23:56Z. Current time: 2025-10-08T17:16:59Z, a difference of 1385583008 milliseconds.  Allowed clock skew: 0 milliseconds.
	at io.jsonwebtoken.impl.DefaultJwtParser.parse(DefaultJwtParser.java:427)
	at io.jsonwebtoken.impl.DefaultJwtParser.parse(DefaultJwtParser.java:529)
	at io.jsonwebtoken.impl.DefaultJwtParser.parseClaimsJws(DefaultJwtParser.java:589)
	at io.jsonwebtoken.impl.ImmutableJwtParser.parseClaimsJws(ImmutableJwtParser.java:173)
	at sh.user.supportershighuserbackend.jwt.service.JwtTokenProvider.validateToken(JwtTokenProvider.java:138)
	at sh.user.supportershighuserbackend.jwt.service.JwtAuthenticationFilter.doFilter(JwtAuthenticationFilter.java:28)
	at org.springframework.security.web.FilterChainProxy$VirtualFilterChain.doFilter(FilterChainProxy.java:374)
	at org.springframework.security.web.authentication.logout.LogoutFilter.doFilter(LogoutFilter.java:107)
	at org.springframework.security.web.authentication.logout.LogoutFilter.doFilter(LogoutFilter.java:93)
	at org.springframework.security.web.FilterChainProxy$VirtualFilterChain.doFilter(FilterChainProxy.java:374)
	at org.springframework.web.filter.CorsFilter.doFilterInternal(CorsFilter.java:91)
	at org.springframework.web.filter.OncePerRequestFilter.doFilter(OncePerRequestFilter.java:116)
	at org.springframework.security.web.FilterChainProxy$VirtualFilterChain.doFilter(FilterChainProxy.java:374)
	at org.springframework.security.web.header.HeaderWriterFilter.doHeadersAfter(HeaderWriterFilter.java:90)
	at org.springframework.security.web.header.HeaderWriterFilter.doFilterInternal(HeaderWriterFilter.java:75)
	at org.springframework.web.filter.OncePerRequestFilter.doFilter(OncePerRequestFilter.java:116)
	at org.springframework.security.web.FilterChainProxy$VirtualFilterChain.doFilter(FilterChainProxy.java:374)
	at org.springframework.security.web.context.SecurityContextHolderFilter.doFilter(SecurityContextHolderFilter.java:82)
	at org.springframework.security.web.context.SecurityContextHolderFilter.doFilter(SecurityContextHolderFilter.java:69)
	at org.springframework.security.web.FilterChainProxy$VirtualFilterChain.doFilter(FilterChainProxy.java:374)
	at org.springframework.security.web.context.request.async.WebAsyncManagerIntegrationFilter.doFilterInternal(WebAsyncManagerIntegrationFilter.java:62)
	at org.springframework.web.filter.OncePerRequestFilter.doFilter(OncePerRequestFilter.java:116)
	at org.springframework.security.web.FilterChainProxy$VirtualFilterChain.doFilter(FilterChainProxy.java:374)
	at org.springframework.security.web.session.DisableEncodeUrlFilter.doFilterInternal(DisableEncodeUrlFilter.java:42)
	at org.springframework.web.filter.OncePerRequestFilter.doFilter(OncePerRequestFilter.java:116)
	at org.springframework.security.web.FilterChainProxy$VirtualFilterChain.doFilter(FilterChainProxy.java:374)
	at org.springframework.security.web.FilterChainProxy.doFilterInternal(FilterChainProxy.java:233)
	at org.springframework.security.web.FilterChainProxy.doFilter(FilterChainProxy.java:191)
	at java.base/jdk.internal.reflect.DirectMethodHandleAccessor.invoke(DirectMethodHandleAccessor.java:104)
	at java.base/java.lang.reflect.Method.invoke(Method.java:565)
	at org.springframework.aop.support.AopUtils.invokeJoinpointUsingReflection(AopUtils.java:360)
	at org.springframework.aop.framework.ReflectiveMethodInvocation.invokeJoinpoint(ReflectiveMethodInvocation.java:196)
	at org.springframework.aop.framework.ReflectiveMethodInvocation.proceed(ReflectiveMethodInvocation.java:163)
	at org.springframework.aop.aspectj.MethodInvocationProceedingJoinPoint.proceed(MethodInvocationProceedingJoinPoint.java:89)
	at sh.user.supportershighuserbackend.configuration.AopConfig.handleRequestRejectedException(AopConfig.java:19)
	at java.base/jdk.internal.reflect.DirectMethodHandleAccessor.invoke(DirectMethodHandleAccessor.java:104)
	at java.base/java.lang.reflect.Method.invoke(Method.java:565)
	at org.springframework.aop.aspectj.AbstractAspectJAdvice.invokeAdviceMethodWithGivenArgs(AbstractAspectJAdvice.java:649)
	at org.springframework.aop.aspectj.AbstractAspectJAdvice.invokeAdviceMethod(AbstractAspectJAdvice.java:631)
	at org.springframework.aop.aspectj.AspectJAroundAdvice.invoke(AspectJAroundAdvice.java:71)
	at org.springframework.aop.framework.ReflectiveMethodInvocation.proceed(ReflectiveMethodInvocation.java:184)
	at org.springframework.aop.interceptor.ExposeInvocationInterceptor.invoke(ExposeInvocationInterceptor.java:97)
	at org.springframework.aop.framework.ReflectiveMethodInvocation.proceed(ReflectiveMethodInvocation.java:184)
	at org.springframework.aop.framework.CglibAopProxy$DynamicAdvisedInterceptor.intercept(CglibAopProxy.java:728)
	at org.springframework.security.web.FilterChainProxy$$SpringCGLIB$$0.doFilter(<generated>)
	at org.springframework.web.filter.CompositeFilter$VirtualFilterChain.doFilter(CompositeFilter.java:113)
	at org.springframework.web.filter.ServletRequestPathFilter.doFilter(ServletRequestPathFilter.java:52)
	at org.springframework.web.filter.CompositeFilter$VirtualFilterChain.doFilter(CompositeFilter.java:113)
	at org.springframework.web.filter.CompositeFilter.doFilter(CompositeFilter.java:74)
	at org.springframework.security.config.annotation.web.configuration.WebSecurityConfiguration$CompositeFilterChainProxy.doFilter(WebSecurityConfiguration.java:319)
	at java.base/jdk.internal.reflect.DirectMethodHandleAccessor.invoke(DirectMethodHandleAccessor.java:104)
	at java.base/java.lang.reflect.Method.invoke(Method.java:565)
	at org.springframework.aop.support.AopUtils.invokeJoinpointUsingReflection(AopUtils.java:360)
	at org.springframework.aop.framework.ReflectiveMethodInvocation.invokeJoinpoint(ReflectiveMethodInvocation.java:196)
	at org.springframework.aop.framework.ReflectiveMethodInvocation.proceed(ReflectiveMethodInvocation.java:163)
	at org.springframework.aop.aspectj.MethodInvocationProceedingJoinPoint.proceed(MethodInvocationProceedingJoinPoint.java:89)
	at sh.user.supportershighuserbackend.configuration.AopConfig.handleRequestRejectedException(AopConfig.java:19)
	at java.base/jdk.internal.reflect.DirectMethodHandleAccessor.invoke(DirectMethodHandleAccessor.java:104)
	at java.base/java.lang.reflect.Method.invoke(Method.java:565)
	at org.springframework.aop.aspectj.AbstractAspectJAdvice.invokeAdviceMethodWithGivenArgs(AbstractAspectJAdvice.java:649)
	at org.springframework.aop.aspectj.AbstractAspectJAdvice.invokeAdviceMethod(AbstractAspectJAdvice.java:631)
	at org.springframework.aop.aspectj.AspectJAroundAdvice.invoke(AspectJAroundAdvice.java:71)
	at org.springframework.aop.framework.ReflectiveMethodInvocation.proceed(ReflectiveMethodInvocation.java:184)
	at org.springframework.aop.interceptor.ExposeInvocationInterceptor.invoke(ExposeInvocationInterceptor.java:97)
	at org.springframework.aop.framework.ReflectiveMethodInvocation.proceed(ReflectiveMethodInvocation.java:184)
	at org.springframework.aop.framework.CglibAopProxy$DynamicAdvisedInterceptor.intercept(CglibAopProxy.java:728)
	at org.springframework.security.config.annotation.web.configuration.WebSecurityConfiguration$CompositeFilterChainProxy$$SpringCGLIB$$0.doFilter(<generated>)
	at org.springframework.web.filter.CompositeFilter$VirtualFilterChain.doFilter(CompositeFilter.java:113)
	at org.springframework.web.servlet.handler.HandlerMappingIntrospector.lambda$createCacheFilter$4(HandlerMappingIntrospector.java:267)
	at org.springframework.web.filter.CompositeFilter$VirtualFilterChain.doFilter(CompositeFilter.java:113)
	at org.springframework.web.filter.CompositeFilter.doFilter(CompositeFilter.java:74)
	at org.springframework.security.config.annotation.web.configuration.WebMvcSecurityConfiguration$CompositeFilterChainProxy.doFilter(WebMvcSecurityConfiguration.java:240)
	at java.base/jdk.internal.reflect.DirectMethodHandleAccessor.invoke(DirectMethodHandleAccessor.java:104)
	at java.base/java.lang.reflect.Method.invoke(Method.java:565)
	at org.springframework.aop.support.AopUtils.invokeJoinpointUsingReflection(AopUtils.java:360)
	at org.springframework.aop.framework.ReflectiveMethodInvocation.invokeJoinpoint(ReflectiveMethodInvocation.java:196)
	at org.springframework.aop.framework.ReflectiveMethodInvocation.proceed(ReflectiveMethodInvocation.java:163)
	at org.springframework.aop.aspectj.MethodInvocationProceedingJoinPoint.proceed(MethodInvocationProceedingJoinPoint.java:89)
	at sh.user.supportershighuserbackend.configuration.AopConfig.handleRequestRejectedException(AopConfig.java:19)
	at java.base/jdk.internal.reflect.DirectMethodHandleAccessor.invoke(DirectMethodHandleAccessor.java:104)
	at java.base/java.lang.reflect.Method.invoke(Method.java:565)
	at org.springframework.aop.aspectj.AbstractAspectJAdvice.invokeAdviceMethodWithGivenArgs(AbstractAspectJAdvice.java:649)
	at org.springframework.aop.aspectj.AbstractAspectJAdvice.invokeAdviceMethod(AbstractAspectJAdvice.java:631)
	at org.springframework.aop.aspectj.AspectJAroundAdvice.invoke(AspectJAroundAdvice.java:71)
	at org.springframework.aop.framework.ReflectiveMethodInvocation.proceed(ReflectiveMethodInvocation.java:184)
	at org.springframework.aop.interceptor.ExposeInvocationInterceptor.invoke(ExposeInvocationInterceptor.java:97)
	at org.springframework.aop.framework.ReflectiveMethodInvocation.proceed(ReflectiveMethodInvocation.java:184)
	at org.springframework.aop.framework.CglibAopProxy$DynamicAdvisedInterceptor.intercept(CglibAopProxy.java:728)
	at org.springframework.security.config.annotation.web.configuration.WebMvcSecurityConfiguration$CompositeFilterChainProxy$$SpringCGLIB$$0.doFilter(<generated>)
	at org.springframework.web.filter.DelegatingFilterProxy.invokeDelegate(DelegatingFilterProxy.java:362)
	at org.springframework.web.filter.DelegatingFilterProxy.doFilter(DelegatingFilterProxy.java:278)
	at org.apache.catalina.core.ApplicationFilterChain.internalDoFilter(ApplicationFilterChain.java:164)
	at org.apache.catalina.core.ApplicationFilterChain.doFilter(ApplicationFilterChain.java:140)
	at org.springframework.web.filter.RequestContextFilter.doFilterInternal(RequestContextFilter.java:100)
	at org.springframework.web.filter.OncePerRequestFilter.doFilter(OncePerRequestFilter.java:116)
	at org.apache.catalina.core.ApplicationFilterChain.internalDoFilter(ApplicationFilterChain.java:164)
	at org.apache.catalina.core.ApplicationFilterChain.doFilter(ApplicationFilterChain.java:140)
	at org.springframework.web.filter.FormContentFilter.doFilterInternal(FormContentFilter.java:93)
	at org.springframework.web.filter.OncePerRequestFilter.doFilter(OncePerRequestFilter.java:116)
	at org.apache.catalina.core.ApplicationFilterChain.internalDoFilter(ApplicationFilterChain.java:164)
	at org.apache.catalina.core.ApplicationFilterChain.doFilter(ApplicationFilterChain.java:140)
	at org.springframework.web.filter.CharacterEncodingFilter.doFilterInternal(CharacterEncodingFilter.java:201)
	at org.springframework.web.filter.OncePerRequestFilter.doFilter(OncePerRequestFilter.java:116)
	at org.apache.catalina.core.ApplicationFilterChain.internalDoFilter(ApplicationFilterChain.java:164)
	at org.apache.catalina.core.ApplicationFilterChain.doFilter(ApplicationFilterChain.java:140)
	at org.apache.catalina.core.StandardWrapperValve.invoke(StandardWrapperValve.java:167)
	at org.apache.catalina.core.StandardContextValve.invoke(StandardContextValve.java:90)
	at org.apache.catalina.authenticator.AuthenticatorBase.invoke(AuthenticatorBase.java:483)
	at org.apache.catalina.core.StandardHostValve.invoke(StandardHostValve.java:116)
	at org.apache.catalina.valves.ErrorReportValve.invoke(ErrorReportValve.java:93)
	at org.apache.catalina.core.StandardEngineValve.invoke(StandardEngineValve.java:74)
	at org.apache.catalina.connector.CoyoteAdapter.service(CoyoteAdapter.java:344)
	at org.apache.coyote.http11.Http11Processor.service(Http11Processor.java:398)
	at org.apache.coyote.AbstractProcessorLight.process(AbstractProcessorLight.java:63)
	at org.apache.coyote.AbstractProtocol$ConnectionHandler.process(AbstractProtocol.java:903)
	at org.apache.tomcat.util.net.NioEndpoint$SocketProcessor.doRun(NioEndpoint.java:1769)
	at org.apache.tomcat.util.net.SocketProcessorBase.run(SocketProcessorBase.java:52)
	at org.apache.tomcat.util.threads.ThreadPoolExecutor.runWorker(ThreadPoolExecutor.java:1189)
	at org.apache.tomcat.util.threads.ThreadPoolExecutor$Worker.run(ThreadPoolExecutor.java:658)
	at org.apache.tomcat.util.threads.TaskThread$WrappingRunnable.run(TaskThread.java:63)
	at java.base/java.lang.Thread.run(Thread.java:1447)
02:16:59.009 INFO  [http-nio-8093-exec-5] [MethodCallMonitorAspect.java-methodCallLog-21] [AOP] 호출 함수 확인
02:16:59.009 INFO  [http-nio-8093-exec-5] [MethodCallMonitorAspect.java-methodCallLog-24] 함수 : getPreRegistrationCount, 파라미터 : []
02:16:59.009 INFO  [http-nio-8093-exec-5] [TimeMonitorAspect.java-logTime-20] [AOP] 함수 실행 시간 로깅
02:16:59.009 INFO  [http-nio-8093-exec-5] [MemberController.java-getPreRegistrationCount-142] [Member] 사전 등록한 유저수 조회
02:16:59.009 INFO  [http-nio-8093-exec-5] [MemberService.java-getPreRegistrationCount-442] 사전 등록한 유저수 조회 service
02:16:59.011 INFO  [http-nio-8093-exec-5] [TimeMonitorAspect.java-logTime-32] ResponseEntity sh.user.supportershighuserbackend.member.controller.MemberController.getPreRegistrationCount() 실행 시간 : 2 ms
02:16:59.011 INFO  [http-nio-8093-exec-5] [MethodCallMonitorAspect.java-methodCallLog-32] getPreRegistrationCount 함수 정상 반환 데이터 : public class org.springframework.http.ResponseEntity<T>
02:27:46.641 INFO  [http-nio-8093-exec-6] [MethodCallMonitorAspect.java-methodCallLog-21] [AOP] 호출 함수 확인
02:27:46.641 INFO  [http-nio-8093-exec-6] [MethodCallMonitorAspect.java-methodCallLog-24] 함수 : authorizeEmail, 파라미터 : null
02:27:46.641 INFO  [http-nio-8093-exec-6] [TimeMonitorAspect.java-logTime-20] [AOP] 함수 실행 시간 로깅
02:27:46.641 INFO  [http-nio-8093-exec-6] [MemberController.java-authorizeEmail-53] [Member] 이메일 인증
02:27:46.642 INFO  [http-nio-8093-exec-6] [MemberService.java-authorizeEmail-234] 이메일 인증 service
02:27:51.214 INFO  [http-nio-8093-exec-6] [TimeMonitorAspect.java-logTime-32] ResponseEntity sh.user.supportershighuserbackend.member.controller.MemberController.authorizeEmail(HttpServletRequest,AuthorizeEmailRequestDto) 실행 시간 : 4573 ms
02:27:51.214 INFO  [http-nio-8093-exec-6] [MethodCallMonitorAspect.java-methodCallLog-32] authorizeEmail 함수 정상 반환 데이터 : public class org.springframework.http.ResponseEntity<T>
02:34:43.322 INFO  [http-nio-8093-exec-2] [JwtTokenProvider.java-validateToken-134] validateToken 함수 진입 : 토큰 Provider 에서 검증할 토큰을 가지고 왔는지 확인
02:34:43.322 INFO  [http-nio-8093-exec-2] [JwtTokenProvider.java-validateToken-137] Checking JWT Token
02:34:43.326 INFO  [http-nio-8093-exec-2] [JwtTokenProvider.java-validateToken-144] Expired JWT Token
io.jsonwebtoken.ExpiredJwtException: JWT expired at 2025-09-22T16:23:56Z. Current time: 2025-10-08T17:34:43Z, a difference of 1386647326 milliseconds.  Allowed clock skew: 0 milliseconds.
	at io.jsonwebtoken.impl.DefaultJwtParser.parse(DefaultJwtParser.java:427)
	at io.jsonwebtoken.impl.DefaultJwtParser.parse(DefaultJwtParser.java:529)
	at io.jsonwebtoken.impl.DefaultJwtParser.parseClaimsJws(DefaultJwtParser.java:589)
	at io.jsonwebtoken.impl.ImmutableJwtParser.parseClaimsJws(ImmutableJwtParser.java:173)
	at sh.user.supportershighuserbackend.jwt.service.JwtTokenProvider.validateToken(JwtTokenProvider.java:138)
	at sh.user.supportershighuserbackend.jwt.service.JwtAuthenticationFilter.doFilter(JwtAuthenticationFilter.java:28)
	at org.springframework.security.web.FilterChainProxy$VirtualFilterChain.doFilter(FilterChainProxy.java:374)
	at org.springframework.security.web.authentication.logout.LogoutFilter.doFilter(LogoutFilter.java:107)
	at org.springframework.security.web.authentication.logout.LogoutFilter.doFilter(LogoutFilter.java:93)
	at org.springframework.security.web.FilterChainProxy$VirtualFilterChain.doFilter(FilterChainProxy.java:374)
	at org.springframework.web.filter.CorsFilter.doFilterInternal(CorsFilter.java:91)
	at org.springframework.web.filter.OncePerRequestFilter.doFilter(OncePerRequestFilter.java:116)
	at org.springframework.security.web.FilterChainProxy$VirtualFilterChain.doFilter(FilterChainProxy.java:374)
	at org.springframework.security.web.header.HeaderWriterFilter.doHeadersAfter(HeaderWriterFilter.java:90)
	at org.springframework.security.web.header.HeaderWriterFilter.doFilterInternal(HeaderWriterFilter.java:75)
	at org.springframework.web.filter.OncePerRequestFilter.doFilter(OncePerRequestFilter.java:116)
	at org.springframework.security.web.FilterChainProxy$VirtualFilterChain.doFilter(FilterChainProxy.java:374)
	at org.springframework.security.web.context.SecurityContextHolderFilter.doFilter(SecurityContextHolderFilter.java:82)
	at org.springframework.security.web.context.SecurityContextHolderFilter.doFilter(SecurityContextHolderFilter.java:69)
	at org.springframework.security.web.FilterChainProxy$VirtualFilterChain.doFilter(FilterChainProxy.java:374)
	at org.springframework.security.web.context.request.async.WebAsyncManagerIntegrationFilter.doFilterInternal(WebAsyncManagerIntegrationFilter.java:62)
	at org.springframework.web.filter.OncePerRequestFilter.doFilter(OncePerRequestFilter.java:116)
	at org.springframework.security.web.FilterChainProxy$VirtualFilterChain.doFilter(FilterChainProxy.java:374)
	at org.springframework.security.web.session.DisableEncodeUrlFilter.doFilterInternal(DisableEncodeUrlFilter.java:42)
	at org.springframework.web.filter.OncePerRequestFilter.doFilter(OncePerRequestFilter.java:116)
	at org.springframework.security.web.FilterChainProxy$VirtualFilterChain.doFilter(FilterChainProxy.java:374)
	at org.springframework.security.web.FilterChainProxy.doFilterInternal(FilterChainProxy.java:233)
	at org.springframework.security.web.FilterChainProxy.doFilter(FilterChainProxy.java:191)
	at java.base/jdk.internal.reflect.DirectMethodHandleAccessor.invoke(DirectMethodHandleAccessor.java:104)
	at java.base/java.lang.reflect.Method.invoke(Method.java:565)
	at org.springframework.aop.support.AopUtils.invokeJoinpointUsingReflection(AopUtils.java:360)
	at org.springframework.aop.framework.ReflectiveMethodInvocation.invokeJoinpoint(ReflectiveMethodInvocation.java:196)
	at org.springframework.aop.framework.ReflectiveMethodInvocation.proceed(ReflectiveMethodInvocation.java:163)
	at org.springframework.aop.aspectj.MethodInvocationProceedingJoinPoint.proceed(MethodInvocationProceedingJoinPoint.java:89)
	at sh.user.supportershighuserbackend.configuration.AopConfig.handleRequestRejectedException(AopConfig.java:19)
	at java.base/jdk.internal.reflect.DirectMethodHandleAccessor.invoke(DirectMethodHandleAccessor.java:104)
	at java.base/java.lang.reflect.Method.invoke(Method.java:565)
	at org.springframework.aop.aspectj.AbstractAspectJAdvice.invokeAdviceMethodWithGivenArgs(AbstractAspectJAdvice.java:649)
	at org.springframework.aop.aspectj.AbstractAspectJAdvice.invokeAdviceMethod(AbstractAspectJAdvice.java:631)
	at org.springframework.aop.aspectj.AspectJAroundAdvice.invoke(AspectJAroundAdvice.java:71)
	at org.springframework.aop.framework.ReflectiveMethodInvocation.proceed(ReflectiveMethodInvocation.java:184)
	at org.springframework.aop.interceptor.ExposeInvocationInterceptor.invoke(ExposeInvocationInterceptor.java:97)
	at org.springframework.aop.framework.ReflectiveMethodInvocation.proceed(ReflectiveMethodInvocation.java:184)
	at org.springframework.aop.framework.CglibAopProxy$DynamicAdvisedInterceptor.intercept(CglibAopProxy.java:728)
	at org.springframework.security.web.FilterChainProxy$$SpringCGLIB$$0.doFilter(<generated>)
	at org.springframework.web.filter.CompositeFilter$VirtualFilterChain.doFilter(CompositeFilter.java:113)
	at org.springframework.web.filter.ServletRequestPathFilter.doFilter(ServletRequestPathFilter.java:52)
	at org.springframework.web.filter.CompositeFilter$VirtualFilterChain.doFilter(CompositeFilter.java:113)
	at org.springframework.web.filter.CompositeFilter.doFilter(CompositeFilter.java:74)
	at org.springframework.security.config.annotation.web.configuration.WebSecurityConfiguration$CompositeFilterChainProxy.doFilter(WebSecurityConfiguration.java:319)
	at java.base/jdk.internal.reflect.DirectMethodHandleAccessor.invoke(DirectMethodHandleAccessor.java:104)
	at java.base/java.lang.reflect.Method.invoke(Method.java:565)
	at org.springframework.aop.support.AopUtils.invokeJoinpointUsingReflection(AopUtils.java:360)
	at org.springframework.aop.framework.ReflectiveMethodInvocation.invokeJoinpoint(ReflectiveMethodInvocation.java:196)
	at org.springframework.aop.framework.ReflectiveMethodInvocation.proceed(ReflectiveMethodInvocation.java:163)
	at org.springframework.aop.aspectj.MethodInvocationProceedingJoinPoint.proceed(MethodInvocationProceedingJoinPoint.java:89)
	at sh.user.supportershighuserbackend.configuration.AopConfig.handleRequestRejectedException(AopConfig.java:19)
	at java.base/jdk.internal.reflect.DirectMethodHandleAccessor.invoke(DirectMethodHandleAccessor.java:104)
	at java.base/java.lang.reflect.Method.invoke(Method.java:565)
	at org.springframework.aop.aspectj.AbstractAspectJAdvice.invokeAdviceMethodWithGivenArgs(AbstractAspectJAdvice.java:649)
	at org.springframework.aop.aspectj.AbstractAspectJAdvice.invokeAdviceMethod(AbstractAspectJAdvice.java:631)
	at org.springframework.aop.aspectj.AspectJAroundAdvice.invoke(AspectJAroundAdvice.java:71)
	at org.springframework.aop.framework.ReflectiveMethodInvocation.proceed(ReflectiveMethodInvocation.java:184)
	at org.springframework.aop.interceptor.ExposeInvocationInterceptor.invoke(ExposeInvocationInterceptor.java:97)
	at org.springframework.aop.framework.ReflectiveMethodInvocation.proceed(ReflectiveMethodInvocation.java:184)
	at org.springframework.aop.framework.CglibAopProxy$DynamicAdvisedInterceptor.intercept(CglibAopProxy.java:728)
	at org.springframework.security.config.annotation.web.configuration.WebSecurityConfiguration$CompositeFilterChainProxy$$SpringCGLIB$$0.doFilter(<generated>)
	at org.springframework.web.filter.CompositeFilter$VirtualFilterChain.doFilter(CompositeFilter.java:113)
	at org.springframework.web.servlet.handler.HandlerMappingIntrospector.lambda$createCacheFilter$4(HandlerMappingIntrospector.java:267)
	at org.springframework.web.filter.CompositeFilter$VirtualFilterChain.doFilter(CompositeFilter.java:113)
	at org.springframework.web.filter.CompositeFilter.doFilter(CompositeFilter.java:74)
	at org.springframework.security.config.annotation.web.configuration.WebMvcSecurityConfiguration$CompositeFilterChainProxy.doFilter(WebMvcSecurityConfiguration.java:240)
	at java.base/jdk.internal.reflect.DirectMethodHandleAccessor.invoke(DirectMethodHandleAccessor.java:104)
	at java.base/java.lang.reflect.Method.invoke(Method.java:565)
	at org.springframework.aop.support.AopUtils.invokeJoinpointUsingReflection(AopUtils.java:360)
	at org.springframework.aop.framework.ReflectiveMethodInvocation.invokeJoinpoint(ReflectiveMethodInvocation.java:196)
	at org.springframework.aop.framework.ReflectiveMethodInvocation.proceed(ReflectiveMethodInvocation.java:163)
	at org.springframework.aop.aspectj.MethodInvocationProceedingJoinPoint.proceed(MethodInvocationProceedingJoinPoint.java:89)
	at sh.user.supportershighuserbackend.configuration.AopConfig.handleRequestRejectedException(AopConfig.java:19)
	at java.base/jdk.internal.reflect.DirectMethodHandleAccessor.invoke(DirectMethodHandleAccessor.java:104)
	at java.base/java.lang.reflect.Method.invoke(Method.java:565)
	at org.springframework.aop.aspectj.AbstractAspectJAdvice.invokeAdviceMethodWithGivenArgs(AbstractAspectJAdvice.java:649)
	at org.springframework.aop.aspectj.AbstractAspectJAdvice.invokeAdviceMethod(AbstractAspectJAdvice.java:631)
	at org.springframework.aop.aspectj.AspectJAroundAdvice.invoke(AspectJAroundAdvice.java:71)
	at org.springframework.aop.framework.ReflectiveMethodInvocation.proceed(ReflectiveMethodInvocation.java:184)
	at org.springframework.aop.interceptor.ExposeInvocationInterceptor.invoke(ExposeInvocationInterceptor.java:97)
	at org.springframework.aop.framework.ReflectiveMethodInvocation.proceed(ReflectiveMethodInvocation.java:184)
	at org.springframework.aop.framework.CglibAopProxy$DynamicAdvisedInterceptor.intercept(CglibAopProxy.java:728)
	at org.springframework.security.config.annotation.web.configuration.WebMvcSecurityConfiguration$CompositeFilterChainProxy$$SpringCGLIB$$0.doFilter(<generated>)
	at org.springframework.web.filter.DelegatingFilterProxy.invokeDelegate(DelegatingFilterProxy.java:362)
	at org.springframework.web.filter.DelegatingFilterProxy.doFilter(DelegatingFilterProxy.java:278)
	at org.apache.catalina.core.ApplicationFilterChain.internalDoFilter(ApplicationFilterChain.java:164)
	at org.apache.catalina.core.ApplicationFilterChain.doFilter(ApplicationFilterChain.java:140)
	at org.springframework.web.filter.RequestContextFilter.doFilterInternal(RequestContextFilter.java:100)
	at org.springframework.web.filter.OncePerRequestFilter.doFilter(OncePerRequestFilter.java:116)
	at org.apache.catalina.core.ApplicationFilterChain.internalDoFilter(ApplicationFilterChain.java:164)
	at org.apache.catalina.core.ApplicationFilterChain.doFilter(ApplicationFilterChain.java:140)
	at org.springframework.web.filter.FormContentFilter.doFilterInternal(FormContentFilter.java:93)
	at org.springframework.web.filter.OncePerRequestFilter.doFilter(OncePerRequestFilter.java:116)
	at org.apache.catalina.core.ApplicationFilterChain.internalDoFilter(ApplicationFilterChain.java:164)
	at org.apache.catalina.core.ApplicationFilterChain.doFilter(ApplicationFilterChain.java:140)
	at org.springframework.web.filter.CharacterEncodingFilter.doFilterInternal(CharacterEncodingFilter.java:201)
	at org.springframework.web.filter.OncePerRequestFilter.doFilter(OncePerRequestFilter.java:116)
	at org.apache.catalina.core.ApplicationFilterChain.internalDoFilter(ApplicationFilterChain.java:164)
	at org.apache.catalina.core.ApplicationFilterChain.doFilter(ApplicationFilterChain.java:140)
	at org.apache.catalina.core.StandardWrapperValve.invoke(StandardWrapperValve.java:167)
	at org.apache.catalina.core.StandardContextValve.invoke(StandardContextValve.java:90)
	at org.apache.catalina.authenticator.AuthenticatorBase.invoke(AuthenticatorBase.java:483)
	at org.apache.catalina.core.StandardHostValve.invoke(StandardHostValve.java:116)
	at org.apache.catalina.valves.ErrorReportValve.invoke(ErrorReportValve.java:93)
	at org.apache.catalina.core.StandardEngineValve.invoke(StandardEngineValve.java:74)
	at org.apache.catalina.connector.CoyoteAdapter.service(CoyoteAdapter.java:344)
	at org.apache.coyote.http11.Http11Processor.service(Http11Processor.java:398)
	at org.apache.coyote.AbstractProcessorLight.process(AbstractProcessorLight.java:63)
	at org.apache.coyote.AbstractProtocol$ConnectionHandler.process(AbstractProtocol.java:903)
	at org.apache.tomcat.util.net.NioEndpoint$SocketProcessor.doRun(NioEndpoint.java:1769)
	at org.apache.tomcat.util.net.SocketProcessorBase.run(SocketProcessorBase.java:52)
	at org.apache.tomcat.util.threads.ThreadPoolExecutor.runWorker(ThreadPoolExecutor.java:1189)
	at org.apache.tomcat.util.threads.ThreadPoolExecutor$Worker.run(ThreadPoolExecutor.java:658)
	at org.apache.tomcat.util.threads.TaskThread$WrappingRunnable.run(TaskThread.java:63)
	at java.base/java.lang.Thread.run(Thread.java:1447)
02:34:43.328 INFO  [http-nio-8093-exec-2] [MethodCallMonitorAspect.java-methodCallLog-21] [AOP] 호출 함수 확인
02:34:43.328 INFO  [http-nio-8093-exec-2] [MethodCallMonitorAspect.java-methodCallLog-24] 함수 : getPreRegistrationCount, 파라미터 : []
02:34:43.328 INFO  [http-nio-8093-exec-2] [TimeMonitorAspect.java-logTime-20] [AOP] 함수 실행 시간 로깅
02:34:43.328 INFO  [http-nio-8093-exec-2] [MemberController.java-getPreRegistrationCount-142] [Member] 사전 등록한 유저수 조회
02:34:43.329 INFO  [http-nio-8093-exec-2] [MemberService.java-getPreRegistrationCount-442] 사전 등록한 유저수 조회 service
02:34:43.332 INFO  [http-nio-8093-exec-2] [TimeMonitorAspect.java-logTime-32] ResponseEntity sh.user.supportershighuserbackend.member.controller.MemberController.getPreRegistrationCount() 실행 시간 : 4 ms
02:34:43.332 INFO  [http-nio-8093-exec-2] [MethodCallMonitorAspect.java-methodCallLog-32] getPreRegistrationCount 함수 정상 반환 데이터 : public class org.springframework.http.ResponseEntity<T>
02:34:43.457 INFO  [http-nio-8093-exec-1] [JwtTokenProvider.java-validateToken-134] validateToken 함수 진입 : 토큰 Provider 에서 검증할 토큰을 가지고 왔는지 확인
02:34:43.457 INFO  [http-nio-8093-exec-1] [JwtTokenProvider.java-validateToken-137] Checking JWT Token
02:34:43.458 INFO  [http-nio-8093-exec-1] [JwtTokenProvider.java-validateToken-144] Expired JWT Token
io.jsonwebtoken.ExpiredJwtException: JWT expired at 2025-09-22T16:23:56Z. Current time: 2025-10-08T17:34:43Z, a difference of 1386647458 milliseconds.  Allowed clock skew: 0 milliseconds.
	at io.jsonwebtoken.impl.DefaultJwtParser.parse(DefaultJwtParser.java:427)
	at io.jsonwebtoken.impl.DefaultJwtParser.parse(DefaultJwtParser.java:529)
	at io.jsonwebtoken.impl.DefaultJwtParser.parseClaimsJws(DefaultJwtParser.java:589)
	at io.jsonwebtoken.impl.ImmutableJwtParser.parseClaimsJws(ImmutableJwtParser.java:173)
	at sh.user.supportershighuserbackend.jwt.service.JwtTokenProvider.validateToken(JwtTokenProvider.java:138)
	at sh.user.supportershighuserbackend.jwt.service.JwtAuthenticationFilter.doFilter(JwtAuthenticationFilter.java:28)
	at org.springframework.security.web.FilterChainProxy$VirtualFilterChain.doFilter(FilterChainProxy.java:374)
	at org.springframework.security.web.authentication.logout.LogoutFilter.doFilter(LogoutFilter.java:107)
	at org.springframework.security.web.authentication.logout.LogoutFilter.doFilter(LogoutFilter.java:93)
	at org.springframework.security.web.FilterChainProxy$VirtualFilterChain.doFilter(FilterChainProxy.java:374)
	at org.springframework.web.filter.CorsFilter.doFilterInternal(CorsFilter.java:91)
	at org.springframework.web.filter.OncePerRequestFilter.doFilter(OncePerRequestFilter.java:116)
	at org.springframework.security.web.FilterChainProxy$VirtualFilterChain.doFilter(FilterChainProxy.java:374)
	at org.springframework.security.web.header.HeaderWriterFilter.doHeadersAfter(HeaderWriterFilter.java:90)
	at org.springframework.security.web.header.HeaderWriterFilter.doFilterInternal(HeaderWriterFilter.java:75)
	at org.springframework.web.filter.OncePerRequestFilter.doFilter(OncePerRequestFilter.java:116)
	at org.springframework.security.web.FilterChainProxy$VirtualFilterChain.doFilter(FilterChainProxy.java:374)
	at org.springframework.security.web.context.SecurityContextHolderFilter.doFilter(SecurityContextHolderFilter.java:82)
	at org.springframework.security.web.context.SecurityContextHolderFilter.doFilter(SecurityContextHolderFilter.java:69)
	at org.springframework.security.web.FilterChainProxy$VirtualFilterChain.doFilter(FilterChainProxy.java:374)
	at org.springframework.security.web.context.request.async.WebAsyncManagerIntegrationFilter.doFilterInternal(WebAsyncManagerIntegrationFilter.java:62)
	at org.springframework.web.filter.OncePerRequestFilter.doFilter(OncePerRequestFilter.java:116)
	at org.springframework.security.web.FilterChainProxy$VirtualFilterChain.doFilter(FilterChainProxy.java:374)
	at org.springframework.security.web.session.DisableEncodeUrlFilter.doFilterInternal(DisableEncodeUrlFilter.java:42)
	at org.springframework.web.filter.OncePerRequestFilter.doFilter(OncePerRequestFilter.java:116)
	at org.springframework.security.web.FilterChainProxy$VirtualFilterChain.doFilter(FilterChainProxy.java:374)
	at org.springframework.security.web.FilterChainProxy.doFilterInternal(FilterChainProxy.java:233)
	at org.springframework.security.web.FilterChainProxy.doFilter(FilterChainProxy.java:191)
	at java.base/jdk.internal.reflect.DirectMethodHandleAccessor.invoke(DirectMethodHandleAccessor.java:104)
	at java.base/java.lang.reflect.Method.invoke(Method.java:565)
	at org.springframework.aop.support.AopUtils.invokeJoinpointUsingReflection(AopUtils.java:360)
	at org.springframework.aop.framework.ReflectiveMethodInvocation.invokeJoinpoint(ReflectiveMethodInvocation.java:196)
	at org.springframework.aop.framework.ReflectiveMethodInvocation.proceed(ReflectiveMethodInvocation.java:163)
	at org.springframework.aop.aspectj.MethodInvocationProceedingJoinPoint.proceed(MethodInvocationProceedingJoinPoint.java:89)
	at sh.user.supportershighuserbackend.configuration.AopConfig.handleRequestRejectedException(AopConfig.java:19)
	at java.base/jdk.internal.reflect.DirectMethodHandleAccessor.invoke(DirectMethodHandleAccessor.java:104)
	at java.base/java.lang.reflect.Method.invoke(Method.java:565)
	at org.springframework.aop.aspectj.AbstractAspectJAdvice.invokeAdviceMethodWithGivenArgs(AbstractAspectJAdvice.java:649)
	at org.springframework.aop.aspectj.AbstractAspectJAdvice.invokeAdviceMethod(AbstractAspectJAdvice.java:631)
	at org.springframework.aop.aspectj.AspectJAroundAdvice.invoke(AspectJAroundAdvice.java:71)
	at org.springframework.aop.framework.ReflectiveMethodInvocation.proceed(ReflectiveMethodInvocation.java:184)
	at org.springframework.aop.interceptor.ExposeInvocationInterceptor.invoke(ExposeInvocationInterceptor.java:97)
	at org.springframework.aop.framework.ReflectiveMethodInvocation.proceed(ReflectiveMethodInvocation.java:184)
	at org.springframework.aop.framework.CglibAopProxy$DynamicAdvisedInterceptor.intercept(CglibAopProxy.java:728)
	at org.springframework.security.web.FilterChainProxy$$SpringCGLIB$$0.doFilter(<generated>)
	at org.springframework.web.filter.CompositeFilter$VirtualFilterChain.doFilter(CompositeFilter.java:113)
	at org.springframework.web.filter.ServletRequestPathFilter.doFilter(ServletRequestPathFilter.java:52)
	at org.springframework.web.filter.CompositeFilter$VirtualFilterChain.doFilter(CompositeFilter.java:113)
	at org.springframework.web.filter.CompositeFilter.doFilter(CompositeFilter.java:74)
	at org.springframework.security.config.annotation.web.configuration.WebSecurityConfiguration$CompositeFilterChainProxy.doFilter(WebSecurityConfiguration.java:319)
	at java.base/jdk.internal.reflect.DirectMethodHandleAccessor.invoke(DirectMethodHandleAccessor.java:104)
	at java.base/java.lang.reflect.Method.invoke(Method.java:565)
	at org.springframework.aop.support.AopUtils.invokeJoinpointUsingReflection(AopUtils.java:360)
	at org.springframework.aop.framework.ReflectiveMethodInvocation.invokeJoinpoint(ReflectiveMethodInvocation.java:196)
	at org.springframework.aop.framework.ReflectiveMethodInvocation.proceed(ReflectiveMethodInvocation.java:163)
	at org.springframework.aop.aspectj.MethodInvocationProceedingJoinPoint.proceed(MethodInvocationProceedingJoinPoint.java:89)
	at sh.user.supportershighuserbackend.configuration.AopConfig.handleRequestRejectedException(AopConfig.java:19)
	at java.base/jdk.internal.reflect.DirectMethodHandleAccessor.invoke(DirectMethodHandleAccessor.java:104)
	at java.base/java.lang.reflect.Method.invoke(Method.java:565)
	at org.springframework.aop.aspectj.AbstractAspectJAdvice.invokeAdviceMethodWithGivenArgs(AbstractAspectJAdvice.java:649)
	at org.springframework.aop.aspectj.AbstractAspectJAdvice.invokeAdviceMethod(AbstractAspectJAdvice.java:631)
	at org.springframework.aop.aspectj.AspectJAroundAdvice.invoke(AspectJAroundAdvice.java:71)
	at org.springframework.aop.framework.ReflectiveMethodInvocation.proceed(ReflectiveMethodInvocation.java:184)
	at org.springframework.aop.interceptor.ExposeInvocationInterceptor.invoke(ExposeInvocationInterceptor.java:97)
	at org.springframework.aop.framework.ReflectiveMethodInvocation.proceed(ReflectiveMethodInvocation.java:184)
	at org.springframework.aop.framework.CglibAopProxy$DynamicAdvisedInterceptor.intercept(CglibAopProxy.java:728)
	at org.springframework.security.config.annotation.web.configuration.WebSecurityConfiguration$CompositeFilterChainProxy$$SpringCGLIB$$0.doFilter(<generated>)
	at org.springframework.web.filter.CompositeFilter$VirtualFilterChain.doFilter(CompositeFilter.java:113)
	at org.springframework.web.servlet.handler.HandlerMappingIntrospector.lambda$createCacheFilter$4(HandlerMappingIntrospector.java:267)
	at org.springframework.web.filter.CompositeFilter$VirtualFilterChain.doFilter(CompositeFilter.java:113)
	at org.springframework.web.filter.CompositeFilter.doFilter(CompositeFilter.java:74)
	at org.springframework.security.config.annotation.web.configuration.WebMvcSecurityConfiguration$CompositeFilterChainProxy.doFilter(WebMvcSecurityConfiguration.java:240)
	at java.base/jdk.internal.reflect.DirectMethodHandleAccessor.invoke(DirectMethodHandleAccessor.java:104)
	at java.base/java.lang.reflect.Method.invoke(Method.java:565)
	at org.springframework.aop.support.AopUtils.invokeJoinpointUsingReflection(AopUtils.java:360)
	at org.springframework.aop.framework.ReflectiveMethodInvocation.invokeJoinpoint(ReflectiveMethodInvocation.java:196)
	at org.springframework.aop.framework.ReflectiveMethodInvocation.proceed(ReflectiveMethodInvocation.java:163)
	at org.springframework.aop.aspectj.MethodInvocationProceedingJoinPoint.proceed(MethodInvocationProceedingJoinPoint.java:89)
	at sh.user.supportershighuserbackend.configuration.AopConfig.handleRequestRejectedException(AopConfig.java:19)
	at java.base/jdk.internal.reflect.DirectMethodHandleAccessor.invoke(DirectMethodHandleAccessor.java:104)
	at java.base/java.lang.reflect.Method.invoke(Method.java:565)
	at org.springframework.aop.aspectj.AbstractAspectJAdvice.invokeAdviceMethodWithGivenArgs(AbstractAspectJAdvice.java:649)
	at org.springframework.aop.aspectj.AbstractAspectJAdvice.invokeAdviceMethod(AbstractAspectJAdvice.java:631)
	at org.springframework.aop.aspectj.AspectJAroundAdvice.invoke(AspectJAroundAdvice.java:71)
	at org.springframework.aop.framework.ReflectiveMethodInvocation.proceed(ReflectiveMethodInvocation.java:184)
	at org.springframework.aop.interceptor.ExposeInvocationInterceptor.invoke(ExposeInvocationInterceptor.java:97)
	at org.springframework.aop.framework.ReflectiveMethodInvocation.proceed(ReflectiveMethodInvocation.java:184)
	at org.springframework.aop.framework.CglibAopProxy$DynamicAdvisedInterceptor.intercept(CglibAopProxy.java:728)
	at org.springframework.security.config.annotation.web.configuration.WebMvcSecurityConfiguration$CompositeFilterChainProxy$$SpringCGLIB$$0.doFilter(<generated>)
	at org.springframework.web.filter.DelegatingFilterProxy.invokeDelegate(DelegatingFilterProxy.java:362)
	at org.springframework.web.filter.DelegatingFilterProxy.doFilter(DelegatingFilterProxy.java:278)
	at org.apache.catalina.core.ApplicationFilterChain.internalDoFilter(ApplicationFilterChain.java:164)
	at org.apache.catalina.core.ApplicationFilterChain.doFilter(ApplicationFilterChain.java:140)
	at org.springframework.web.filter.RequestContextFilter.doFilterInternal(RequestContextFilter.java:100)
	at org.springframework.web.filter.OncePerRequestFilter.doFilter(OncePerRequestFilter.java:116)
	at org.apache.catalina.core.ApplicationFilterChain.internalDoFilter(ApplicationFilterChain.java:164)
	at org.apache.catalina.core.ApplicationFilterChain.doFilter(ApplicationFilterChain.java:140)
	at org.springframework.web.filter.FormContentFilter.doFilterInternal(FormContentFilter.java:93)
	at org.springframework.web.filter.OncePerRequestFilter.doFilter(OncePerRequestFilter.java:116)
	at org.apache.catalina.core.ApplicationFilterChain.internalDoFilter(ApplicationFilterChain.java:164)
	at org.apache.catalina.core.ApplicationFilterChain.doFilter(ApplicationFilterChain.java:140)
	at org.springframework.web.filter.CharacterEncodingFilter.doFilterInternal(CharacterEncodingFilter.java:201)
	at org.springframework.web.filter.OncePerRequestFilter.doFilter(OncePerRequestFilter.java:116)
	at org.apache.catalina.core.ApplicationFilterChain.internalDoFilter(ApplicationFilterChain.java:164)
	at org.apache.catalina.core.ApplicationFilterChain.doFilter(ApplicationFilterChain.java:140)
	at org.apache.catalina.core.StandardWrapperValve.invoke(StandardWrapperValve.java:167)
	at org.apache.catalina.core.StandardContextValve.invoke(StandardContextValve.java:90)
	at org.apache.catalina.authenticator.AuthenticatorBase.invoke(AuthenticatorBase.java:483)
	at org.apache.catalina.core.StandardHostValve.invoke(StandardHostValve.java:116)
	at org.apache.catalina.valves.ErrorReportValve.invoke(ErrorReportValve.java:93)
	at org.apache.catalina.core.StandardEngineValve.invoke(StandardEngineValve.java:74)
	at org.apache.catalina.connector.CoyoteAdapter.service(CoyoteAdapter.java:344)
	at org.apache.coyote.http11.Http11Processor.service(Http11Processor.java:398)
	at org.apache.coyote.AbstractProcessorLight.process(AbstractProcessorLight.java:63)
	at org.apache.coyote.AbstractProtocol$ConnectionHandler.process(AbstractProtocol.java:903)
	at org.apache.tomcat.util.net.NioEndpoint$SocketProcessor.doRun(NioEndpoint.java:1769)
	at org.apache.tomcat.util.net.SocketProcessorBase.run(SocketProcessorBase.java:52)
	at org.apache.tomcat.util.threads.ThreadPoolExecutor.runWorker(ThreadPoolExecutor.java:1189)
	at org.apache.tomcat.util.threads.ThreadPoolExecutor$Worker.run(ThreadPoolExecutor.java:658)
	at org.apache.tomcat.util.threads.TaskThread$WrappingRunnable.run(TaskThread.java:63)
	at java.base/java.lang.Thread.run(Thread.java:1447)
02:34:43.459 INFO  [http-nio-8093-exec-1] [MethodCallMonitorAspect.java-methodCallLog-21] [AOP] 호출 함수 확인
02:34:43.459 INFO  [http-nio-8093-exec-1] [MethodCallMonitorAspect.java-methodCallLog-24] 함수 : getPreRegistrationCount, 파라미터 : []
02:34:43.459 INFO  [http-nio-8093-exec-1] [TimeMonitorAspect.java-logTime-20] [AOP] 함수 실행 시간 로깅
02:34:43.459 INFO  [http-nio-8093-exec-1] [MemberController.java-getPreRegistrationCount-142] [Member] 사전 등록한 유저수 조회
02:34:43.459 INFO  [http-nio-8093-exec-1] [MemberService.java-getPreRegistrationCount-442] 사전 등록한 유저수 조회 service
02:34:43.461 INFO  [http-nio-8093-exec-1] [TimeMonitorAspect.java-logTime-32] ResponseEntity sh.user.supportershighuserbackend.member.controller.MemberController.getPreRegistrationCount() 실행 시간 : 2 ms
02:34:43.461 INFO  [http-nio-8093-exec-1] [MethodCallMonitorAspect.java-methodCallLog-32] getPreRegistrationCount 함수 정상 반환 데이터 : public class org.springframework.http.ResponseEntity<T>
02:49:08.515 INFO  [http-nio-8093-exec-5] [MethodCallMonitorAspect.java-methodCallLog-21] [AOP] 호출 함수 확인
02:49:08.515 INFO  [http-nio-8093-exec-5] [MethodCallMonitorAspect.java-methodCallLog-24] 함수 : authorizeEmail, 파라미터 : null
02:49:08.515 INFO  [http-nio-8093-exec-5] [TimeMonitorAspect.java-logTime-20] [AOP] 함수 실행 시간 로깅
02:49:08.515 INFO  [http-nio-8093-exec-5] [MemberController.java-authorizeEmail-53] [Member] 이메일 인증
02:49:08.515 INFO  [http-nio-8093-exec-5] [MemberService.java-authorizeEmail-234] 이메일 인증 service
02:49:12.041 INFO  [http-nio-8093-exec-5] [TimeMonitorAspect.java-logTime-32] ResponseEntity sh.user.supportershighuserbackend.member.controller.MemberController.authorizeEmail(HttpServletRequest,AuthorizeEmailRequestDto) 실행 시간 : 3526 ms
02:49:12.042 INFO  [http-nio-8093-exec-5] [MethodCallMonitorAspect.java-methodCallLog-32] authorizeEmail 함수 정상 반환 데이터 : public class org.springframework.http.ResponseEntity<T>
02:57:08.059 INFO  [http-nio-8093-exec-6] [MethodCallMonitorAspect.java-methodCallLog-21] [AOP] 호출 함수 확인
02:57:08.060 INFO  [http-nio-8093-exec-6] [MethodCallMonitorAspect.java-methodCallLog-24] 함수 : authorizeEmail, 파라미터 : null
02:57:08.060 INFO  [http-nio-8093-exec-6] [TimeMonitorAspect.java-logTime-20] [AOP] 함수 실행 시간 로깅
02:57:08.060 INFO  [http-nio-8093-exec-6] [MemberController.java-authorizeEmail-53] [Member] 이메일 인증
02:57:08.060 INFO  [http-nio-8093-exec-6] [MemberService.java-authorizeEmail-234] 이메일 인증 service
02:57:11.843 INFO  [http-nio-8093-exec-6] [TimeMonitorAspect.java-logTime-32] ResponseEntity sh.user.supportershighuserbackend.member.controller.MemberController.authorizeEmail(HttpServletRequest,AuthorizeEmailRequestDto) 실행 시간 : 3783 ms
02:57:11.843 INFO  [http-nio-8093-exec-6] [MethodCallMonitorAspect.java-methodCallLog-32] authorizeEmail 함수 정상 반환 데이터 : public class org.springframework.http.ResponseEntity<T>
03:00:15.879 INFO  [http-nio-8093-exec-2] [JwtTokenProvider.java-validateToken-134] validateToken 함수 진입 : 토큰 Provider 에서 검증할 토큰을 가지고 왔는지 확인
03:00:15.880 INFO  [http-nio-8093-exec-2] [JwtTokenProvider.java-validateToken-137] Checking JWT Token
03:00:15.881 INFO  [http-nio-8093-exec-2] [JwtTokenProvider.java-validateToken-144] Expired JWT Token
io.jsonwebtoken.ExpiredJwtException: JWT expired at 2025-09-22T16:23:56Z. Current time: 2025-10-08T18:00:15Z, a difference of 1388179881 milliseconds.  Allowed clock skew: 0 milliseconds.
	at io.jsonwebtoken.impl.DefaultJwtParser.parse(DefaultJwtParser.java:427)
	at io.jsonwebtoken.impl.DefaultJwtParser.parse(DefaultJwtParser.java:529)
	at io.jsonwebtoken.impl.DefaultJwtParser.parseClaimsJws(DefaultJwtParser.java:589)
	at io.jsonwebtoken.impl.ImmutableJwtParser.parseClaimsJws(ImmutableJwtParser.java:173)
	at sh.user.supportershighuserbackend.jwt.service.JwtTokenProvider.validateToken(JwtTokenProvider.java:138)
	at sh.user.supportershighuserbackend.jwt.service.JwtAuthenticationFilter.doFilter(JwtAuthenticationFilter.java:28)
	at org.springframework.security.web.FilterChainProxy$VirtualFilterChain.doFilter(FilterChainProxy.java:374)
	at org.springframework.security.web.authentication.logout.LogoutFilter.doFilter(LogoutFilter.java:107)
	at org.springframework.security.web.authentication.logout.LogoutFilter.doFilter(LogoutFilter.java:93)
	at org.springframework.security.web.FilterChainProxy$VirtualFilterChain.doFilter(FilterChainProxy.java:374)
	at org.springframework.web.filter.CorsFilter.doFilterInternal(CorsFilter.java:91)
	at org.springframework.web.filter.OncePerRequestFilter.doFilter(OncePerRequestFilter.java:116)
	at org.springframework.security.web.FilterChainProxy$VirtualFilterChain.doFilter(FilterChainProxy.java:374)
	at org.springframework.security.web.header.HeaderWriterFilter.doHeadersAfter(HeaderWriterFilter.java:90)
	at org.springframework.security.web.header.HeaderWriterFilter.doFilterInternal(HeaderWriterFilter.java:75)
	at org.springframework.web.filter.OncePerRequestFilter.doFilter(OncePerRequestFilter.java:116)
	at org.springframework.security.web.FilterChainProxy$VirtualFilterChain.doFilter(FilterChainProxy.java:374)
	at org.springframework.security.web.context.SecurityContextHolderFilter.doFilter(SecurityContextHolderFilter.java:82)
	at org.springframework.security.web.context.SecurityContextHolderFilter.doFilter(SecurityContextHolderFilter.java:69)
	at org.springframework.security.web.FilterChainProxy$VirtualFilterChain.doFilter(FilterChainProxy.java:374)
	at org.springframework.security.web.context.request.async.WebAsyncManagerIntegrationFilter.doFilterInternal(WebAsyncManagerIntegrationFilter.java:62)
	at org.springframework.web.filter.OncePerRequestFilter.doFilter(OncePerRequestFilter.java:116)
	at org.springframework.security.web.FilterChainProxy$VirtualFilterChain.doFilter(FilterChainProxy.java:374)
	at org.springframework.security.web.session.DisableEncodeUrlFilter.doFilterInternal(DisableEncodeUrlFilter.java:42)
	at org.springframework.web.filter.OncePerRequestFilter.doFilter(OncePerRequestFilter.java:116)
	at org.springframework.security.web.FilterChainProxy$VirtualFilterChain.doFilter(FilterChainProxy.java:374)
	at org.springframework.security.web.FilterChainProxy.doFilterInternal(FilterChainProxy.java:233)
	at org.springframework.security.web.FilterChainProxy.doFilter(FilterChainProxy.java:191)
	at java.base/jdk.internal.reflect.DirectMethodHandleAccessor.invoke(DirectMethodHandleAccessor.java:104)
	at java.base/java.lang.reflect.Method.invoke(Method.java:565)
	at org.springframework.aop.support.AopUtils.invokeJoinpointUsingReflection(AopUtils.java:360)
	at org.springframework.aop.framework.ReflectiveMethodInvocation.invokeJoinpoint(ReflectiveMethodInvocation.java:196)
	at org.springframework.aop.framework.ReflectiveMethodInvocation.proceed(ReflectiveMethodInvocation.java:163)
	at org.springframework.aop.aspectj.MethodInvocationProceedingJoinPoint.proceed(MethodInvocationProceedingJoinPoint.java:89)
	at sh.user.supportershighuserbackend.configuration.AopConfig.handleRequestRejectedException(AopConfig.java:19)
	at java.base/jdk.internal.reflect.DirectMethodHandleAccessor.invoke(DirectMethodHandleAccessor.java:104)
	at java.base/java.lang.reflect.Method.invoke(Method.java:565)
	at org.springframework.aop.aspectj.AbstractAspectJAdvice.invokeAdviceMethodWithGivenArgs(AbstractAspectJAdvice.java:649)
	at org.springframework.aop.aspectj.AbstractAspectJAdvice.invokeAdviceMethod(AbstractAspectJAdvice.java:631)
	at org.springframework.aop.aspectj.AspectJAroundAdvice.invoke(AspectJAroundAdvice.java:71)
	at org.springframework.aop.framework.ReflectiveMethodInvocation.proceed(ReflectiveMethodInvocation.java:184)
	at org.springframework.aop.interceptor.ExposeInvocationInterceptor.invoke(ExposeInvocationInterceptor.java:97)
	at org.springframework.aop.framework.ReflectiveMethodInvocation.proceed(ReflectiveMethodInvocation.java:184)
	at org.springframework.aop.framework.CglibAopProxy$DynamicAdvisedInterceptor.intercept(CglibAopProxy.java:728)
	at org.springframework.security.web.FilterChainProxy$$SpringCGLIB$$0.doFilter(<generated>)
	at org.springframework.web.filter.CompositeFilter$VirtualFilterChain.doFilter(CompositeFilter.java:113)
	at org.springframework.web.filter.ServletRequestPathFilter.doFilter(ServletRequestPathFilter.java:52)
	at org.springframework.web.filter.CompositeFilter$VirtualFilterChain.doFilter(CompositeFilter.java:113)
	at org.springframework.web.filter.CompositeFilter.doFilter(CompositeFilter.java:74)
	at org.springframework.security.config.annotation.web.configuration.WebSecurityConfiguration$CompositeFilterChainProxy.doFilter(WebSecurityConfiguration.java:319)
	at java.base/jdk.internal.reflect.DirectMethodHandleAccessor.invoke(DirectMethodHandleAccessor.java:104)
	at java.base/java.lang.reflect.Method.invoke(Method.java:565)
	at org.springframework.aop.support.AopUtils.invokeJoinpointUsingReflection(AopUtils.java:360)
	at org.springframework.aop.framework.ReflectiveMethodInvocation.invokeJoinpoint(ReflectiveMethodInvocation.java:196)
	at org.springframework.aop.framework.ReflectiveMethodInvocation.proceed(ReflectiveMethodInvocation.java:163)
	at org.springframework.aop.aspectj.MethodInvocationProceedingJoinPoint.proceed(MethodInvocationProceedingJoinPoint.java:89)
	at sh.user.supportershighuserbackend.configuration.AopConfig.handleRequestRejectedException(AopConfig.java:19)
	at java.base/jdk.internal.reflect.DirectMethodHandleAccessor.invoke(DirectMethodHandleAccessor.java:104)
	at java.base/java.lang.reflect.Method.invoke(Method.java:565)
	at org.springframework.aop.aspectj.AbstractAspectJAdvice.invokeAdviceMethodWithGivenArgs(AbstractAspectJAdvice.java:649)
	at org.springframework.aop.aspectj.AbstractAspectJAdvice.invokeAdviceMethod(AbstractAspectJAdvice.java:631)
	at org.springframework.aop.aspectj.AspectJAroundAdvice.invoke(AspectJAroundAdvice.java:71)
	at org.springframework.aop.framework.ReflectiveMethodInvocation.proceed(ReflectiveMethodInvocation.java:184)
	at org.springframework.aop.interceptor.ExposeInvocationInterceptor.invoke(ExposeInvocationInterceptor.java:97)
	at org.springframework.aop.framework.ReflectiveMethodInvocation.proceed(ReflectiveMethodInvocation.java:184)
	at org.springframework.aop.framework.CglibAopProxy$DynamicAdvisedInterceptor.intercept(CglibAopProxy.java:728)
	at org.springframework.security.config.annotation.web.configuration.WebSecurityConfiguration$CompositeFilterChainProxy$$SpringCGLIB$$0.doFilter(<generated>)
	at org.springframework.web.filter.CompositeFilter$VirtualFilterChain.doFilter(CompositeFilter.java:113)
	at org.springframework.web.servlet.handler.HandlerMappingIntrospector.lambda$createCacheFilter$4(HandlerMappingIntrospector.java:267)
	at org.springframework.web.filter.CompositeFilter$VirtualFilterChain.doFilter(CompositeFilter.java:113)
	at org.springframework.web.filter.CompositeFilter.doFilter(CompositeFilter.java:74)
	at org.springframework.security.config.annotation.web.configuration.WebMvcSecurityConfiguration$CompositeFilterChainProxy.doFilter(WebMvcSecurityConfiguration.java:240)
	at java.base/jdk.internal.reflect.DirectMethodHandleAccessor.invoke(DirectMethodHandleAccessor.java:104)
	at java.base/java.lang.reflect.Method.invoke(Method.java:565)
	at org.springframework.aop.support.AopUtils.invokeJoinpointUsingReflection(AopUtils.java:360)
	at org.springframework.aop.framework.ReflectiveMethodInvocation.invokeJoinpoint(ReflectiveMethodInvocation.java:196)
	at org.springframework.aop.framework.ReflectiveMethodInvocation.proceed(ReflectiveMethodInvocation.java:163)
	at org.springframework.aop.aspectj.MethodInvocationProceedingJoinPoint.proceed(MethodInvocationProceedingJoinPoint.java:89)
	at sh.user.supportershighuserbackend.configuration.AopConfig.handleRequestRejectedException(AopConfig.java:19)
	at java.base/jdk.internal.reflect.DirectMethodHandleAccessor.invoke(DirectMethodHandleAccessor.java:104)
	at java.base/java.lang.reflect.Method.invoke(Method.java:565)
	at org.springframework.aop.aspectj.AbstractAspectJAdvice.invokeAdviceMethodWithGivenArgs(AbstractAspectJAdvice.java:649)
	at org.springframework.aop.aspectj.AbstractAspectJAdvice.invokeAdviceMethod(AbstractAspectJAdvice.java:631)
	at org.springframework.aop.aspectj.AspectJAroundAdvice.invoke(AspectJAroundAdvice.java:71)
	at org.springframework.aop.framework.ReflectiveMethodInvocation.proceed(ReflectiveMethodInvocation.java:184)
	at org.springframework.aop.interceptor.ExposeInvocationInterceptor.invoke(ExposeInvocationInterceptor.java:97)
	at org.springframework.aop.framework.ReflectiveMethodInvocation.proceed(ReflectiveMethodInvocation.java:184)
	at org.springframework.aop.framework.CglibAopProxy$DynamicAdvisedInterceptor.intercept(CglibAopProxy.java:728)
	at org.springframework.security.config.annotation.web.configuration.WebMvcSecurityConfiguration$CompositeFilterChainProxy$$SpringCGLIB$$0.doFilter(<generated>)
	at org.springframework.web.filter.DelegatingFilterProxy.invokeDelegate(DelegatingFilterProxy.java:362)
	at org.springframework.web.filter.DelegatingFilterProxy.doFilter(DelegatingFilterProxy.java:278)
	at org.apache.catalina.core.ApplicationFilterChain.internalDoFilter(ApplicationFilterChain.java:164)
	at org.apache.catalina.core.ApplicationFilterChain.doFilter(ApplicationFilterChain.java:140)
	at org.springframework.web.filter.RequestContextFilter.doFilterInternal(RequestContextFilter.java:100)
	at org.springframework.web.filter.OncePerRequestFilter.doFilter(OncePerRequestFilter.java:116)
	at org.apache.catalina.core.ApplicationFilterChain.internalDoFilter(ApplicationFilterChain.java:164)
	at org.apache.catalina.core.ApplicationFilterChain.doFilter(ApplicationFilterChain.java:140)
	at org.springframework.web.filter.FormContentFilter.doFilterInternal(FormContentFilter.java:93)
	at org.springframework.web.filter.OncePerRequestFilter.doFilter(OncePerRequestFilter.java:116)
	at org.apache.catalina.core.ApplicationFilterChain.internalDoFilter(ApplicationFilterChain.java:164)
	at org.apache.catalina.core.ApplicationFilterChain.doFilter(ApplicationFilterChain.java:140)
	at org.springframework.web.filter.CharacterEncodingFilter.doFilterInternal(CharacterEncodingFilter.java:201)
	at org.springframework.web.filter.OncePerRequestFilter.doFilter(OncePerRequestFilter.java:116)
	at org.apache.catalina.core.ApplicationFilterChain.internalDoFilter(ApplicationFilterChain.java:164)
	at org.apache.catalina.core.ApplicationFilterChain.doFilter(ApplicationFilterChain.java:140)
	at org.apache.catalina.core.StandardWrapperValve.invoke(StandardWrapperValve.java:167)
	at org.apache.catalina.core.StandardContextValve.invoke(StandardContextValve.java:90)
	at org.apache.catalina.authenticator.AuthenticatorBase.invoke(AuthenticatorBase.java:483)
	at org.apache.catalina.core.StandardHostValve.invoke(StandardHostValve.java:116)
	at org.apache.catalina.valves.ErrorReportValve.invoke(ErrorReportValve.java:93)
	at org.apache.catalina.core.StandardEngineValve.invoke(StandardEngineValve.java:74)
	at org.apache.catalina.connector.CoyoteAdapter.service(CoyoteAdapter.java:344)
	at org.apache.coyote.http11.Http11Processor.service(Http11Processor.java:398)
	at org.apache.coyote.AbstractProcessorLight.process(AbstractProcessorLight.java:63)
	at org.apache.coyote.AbstractProtocol$ConnectionHandler.process(AbstractProtocol.java:903)
	at org.apache.tomcat.util.net.NioEndpoint$SocketProcessor.doRun(NioEndpoint.java:1769)
	at org.apache.tomcat.util.net.SocketProcessorBase.run(SocketProcessorBase.java:52)
	at org.apache.tomcat.util.threads.ThreadPoolExecutor.runWorker(ThreadPoolExecutor.java:1189)
	at org.apache.tomcat.util.threads.ThreadPoolExecutor$Worker.run(ThreadPoolExecutor.java:658)
	at org.apache.tomcat.util.threads.TaskThread$WrappingRunnable.run(TaskThread.java:63)
	at java.base/java.lang.Thread.run(Thread.java:1447)
03:00:15.883 INFO  [http-nio-8093-exec-2] [JwtTokenProvider.java-validateToken-134] validateToken 함수 진입 : 토큰 Provider 에서 검증할 토큰을 가지고 왔는지 확인
03:00:15.883 INFO  [http-nio-8093-exec-2] [JwtTokenProvider.java-validateToken-137] Checking JWT Token
03:00:15.884 INFO  [http-nio-8093-exec-2] [JwtTokenProvider.java-validateToken-144] Expired JWT Token
io.jsonwebtoken.ExpiredJwtException: JWT expired at 2025-09-22T16:23:56Z. Current time: 2025-10-08T18:00:15Z, a difference of 1388179884 milliseconds.  Allowed clock skew: 0 milliseconds.
	at io.jsonwebtoken.impl.DefaultJwtParser.parse(DefaultJwtParser.java:427)
	at io.jsonwebtoken.impl.DefaultJwtParser.parse(DefaultJwtParser.java:529)
	at io.jsonwebtoken.impl.DefaultJwtParser.parseClaimsJws(DefaultJwtParser.java:589)
	at io.jsonwebtoken.impl.ImmutableJwtParser.parseClaimsJws(ImmutableJwtParser.java:173)
	at sh.user.supportershighuserbackend.jwt.service.JwtTokenProvider.validateToken(JwtTokenProvider.java:138)
	at sh.user.supportershighuserbackend.jwt.service.JwtAuthenticationFilter.doFilter(JwtAuthenticationFilter.java:28)
	at org.springframework.security.web.FilterChainProxy$VirtualFilterChain.doFilter(FilterChainProxy.java:374)
	at org.springframework.security.web.authentication.logout.LogoutFilter.doFilter(LogoutFilter.java:107)
	at org.springframework.security.web.authentication.logout.LogoutFilter.doFilter(LogoutFilter.java:93)
	at org.springframework.security.web.FilterChainProxy$VirtualFilterChain.doFilter(FilterChainProxy.java:374)
	at org.springframework.web.filter.OncePerRequestFilter.doFilter(OncePerRequestFilter.java:101)
	at org.springframework.security.web.FilterChainProxy$VirtualFilterChain.doFilter(FilterChainProxy.java:374)
	at org.springframework.web.filter.OncePerRequestFilter.doFilter(OncePerRequestFilter.java:101)
	at org.springframework.security.web.FilterChainProxy$VirtualFilterChain.doFilter(FilterChainProxy.java:374)
	at org.springframework.security.web.context.SecurityContextHolderFilter.doFilter(SecurityContextHolderFilter.java:82)
	at org.springframework.security.web.context.SecurityContextHolderFilter.doFilter(SecurityContextHolderFilter.java:69)
	at org.springframework.security.web.FilterChainProxy$VirtualFilterChain.doFilter(FilterChainProxy.java:374)
	at org.springframework.web.filter.OncePerRequestFilter.doFilter(OncePerRequestFilter.java:101)
	at org.springframework.security.web.FilterChainProxy$VirtualFilterChain.doFilter(FilterChainProxy.java:374)
	at org.springframework.web.filter.OncePerRequestFilter.doFilter(OncePerRequestFilter.java:101)
	at org.springframework.security.web.FilterChainProxy$VirtualFilterChain.doFilter(FilterChainProxy.java:374)
	at org.springframework.security.web.FilterChainProxy.doFilterInternal(FilterChainProxy.java:233)
	at org.springframework.security.web.FilterChainProxy.doFilter(FilterChainProxy.java:191)
	at java.base/jdk.internal.reflect.DirectMethodHandleAccessor.invoke(DirectMethodHandleAccessor.java:104)
	at java.base/java.lang.reflect.Method.invoke(Method.java:565)
	at org.springframework.aop.support.AopUtils.invokeJoinpointUsingReflection(AopUtils.java:360)
	at org.springframework.aop.framework.ReflectiveMethodInvocation.invokeJoinpoint(ReflectiveMethodInvocation.java:196)
	at org.springframework.aop.framework.ReflectiveMethodInvocation.proceed(ReflectiveMethodInvocation.java:163)
	at org.springframework.aop.aspectj.MethodInvocationProceedingJoinPoint.proceed(MethodInvocationProceedingJoinPoint.java:89)
	at sh.user.supportershighuserbackend.configuration.AopConfig.handleRequestRejectedException(AopConfig.java:19)
	at java.base/jdk.internal.reflect.DirectMethodHandleAccessor.invoke(DirectMethodHandleAccessor.java:104)
	at java.base/java.lang.reflect.Method.invoke(Method.java:565)
	at org.springframework.aop.aspectj.AbstractAspectJAdvice.invokeAdviceMethodWithGivenArgs(AbstractAspectJAdvice.java:649)
	at org.springframework.aop.aspectj.AbstractAspectJAdvice.invokeAdviceMethod(AbstractAspectJAdvice.java:631)
	at org.springframework.aop.aspectj.AspectJAroundAdvice.invoke(AspectJAroundAdvice.java:71)
	at org.springframework.aop.framework.ReflectiveMethodInvocation.proceed(ReflectiveMethodInvocation.java:184)
	at org.springframework.aop.interceptor.ExposeInvocationInterceptor.invoke(ExposeInvocationInterceptor.java:97)
	at org.springframework.aop.framework.ReflectiveMethodInvocation.proceed(ReflectiveMethodInvocation.java:184)
	at org.springframework.aop.framework.CglibAopProxy$DynamicAdvisedInterceptor.intercept(CglibAopProxy.java:728)
	at org.springframework.security.web.FilterChainProxy$$SpringCGLIB$$0.doFilter(<generated>)
	at org.springframework.web.filter.CompositeFilter$VirtualFilterChain.doFilter(CompositeFilter.java:113)
	at org.springframework.web.filter.ServletRequestPathFilter.doFilter(ServletRequestPathFilter.java:52)
	at org.springframework.web.filter.CompositeFilter$VirtualFilterChain.doFilter(CompositeFilter.java:113)
	at org.springframework.web.filter.CompositeFilter.doFilter(CompositeFilter.java:74)
	at org.springframework.security.config.annotation.web.configuration.WebSecurityConfiguration$CompositeFilterChainProxy.doFilter(WebSecurityConfiguration.java:319)
	at java.base/jdk.internal.reflect.DirectMethodHandleAccessor.invoke(DirectMethodHandleAccessor.java:104)
	at java.base/java.lang.reflect.Method.invoke(Method.java:565)
	at org.springframework.aop.support.AopUtils.invokeJoinpointUsingReflection(AopUtils.java:360)
	at org.springframework.aop.framework.ReflectiveMethodInvocation.invokeJoinpoint(ReflectiveMethodInvocation.java:196)
	at org.springframework.aop.framework.ReflectiveMethodInvocation.proceed(ReflectiveMethodInvocation.java:163)
	at org.springframework.aop.aspectj.MethodInvocationProceedingJoinPoint.proceed(MethodInvocationProceedingJoinPoint.java:89)
	at sh.user.supportershighuserbackend.configuration.AopConfig.handleRequestRejectedException(AopConfig.java:19)
	at java.base/jdk.internal.reflect.DirectMethodHandleAccessor.invoke(DirectMethodHandleAccessor.java:104)
	at java.base/java.lang.reflect.Method.invoke(Method.java:565)
	at org.springframework.aop.aspectj.AbstractAspectJAdvice.invokeAdviceMethodWithGivenArgs(AbstractAspectJAdvice.java:649)
	at org.springframework.aop.aspectj.AbstractAspectJAdvice.invokeAdviceMethod(AbstractAspectJAdvice.java:631)
	at org.springframework.aop.aspectj.AspectJAroundAdvice.invoke(AspectJAroundAdvice.java:71)
	at org.springframework.aop.framework.ReflectiveMethodInvocation.proceed(ReflectiveMethodInvocation.java:184)
	at org.springframework.aop.interceptor.ExposeInvocationInterceptor.invoke(ExposeInvocationInterceptor.java:97)
	at org.springframework.aop.framework.ReflectiveMethodInvocation.proceed(ReflectiveMethodInvocation.java:184)
	at org.springframework.aop.framework.CglibAopProxy$DynamicAdvisedInterceptor.intercept(CglibAopProxy.java:728)
	at org.springframework.security.config.annotation.web.configuration.WebSecurityConfiguration$CompositeFilterChainProxy$$SpringCGLIB$$0.doFilter(<generated>)
	at org.springframework.web.filter.CompositeFilter$VirtualFilterChain.doFilter(CompositeFilter.java:113)
	at org.springframework.web.servlet.handler.HandlerMappingIntrospector.lambda$createCacheFilter$4(HandlerMappingIntrospector.java:267)
	at org.springframework.web.filter.CompositeFilter$VirtualFilterChain.doFilter(CompositeFilter.java:113)
	at org.springframework.web.filter.CompositeFilter.doFilter(CompositeFilter.java:74)
	at org.springframework.security.config.annotation.web.configuration.WebMvcSecurityConfiguration$CompositeFilterChainProxy.doFilter(WebMvcSecurityConfiguration.java:240)
	at java.base/jdk.internal.reflect.DirectMethodHandleAccessor.invoke(DirectMethodHandleAccessor.java:104)
	at java.base/java.lang.reflect.Method.invoke(Method.java:565)
	at org.springframework.aop.support.AopUtils.invokeJoinpointUsingReflection(AopUtils.java:360)
	at org.springframework.aop.framework.ReflectiveMethodInvocation.invokeJoinpoint(ReflectiveMethodInvocation.java:196)
	at org.springframework.aop.framework.ReflectiveMethodInvocation.proceed(ReflectiveMethodInvocation.java:163)
	at org.springframework.aop.aspectj.MethodInvocationProceedingJoinPoint.proceed(MethodInvocationProceedingJoinPoint.java:89)
	at sh.user.supportershighuserbackend.configuration.AopConfig.handleRequestRejectedException(AopConfig.java:19)
	at java.base/jdk.internal.reflect.DirectMethodHandleAccessor.invoke(DirectMethodHandleAccessor.java:104)
	at java.base/java.lang.reflect.Method.invoke(Method.java:565)
	at org.springframework.aop.aspectj.AbstractAspectJAdvice.invokeAdviceMethodWithGivenArgs(AbstractAspectJAdvice.java:649)
	at org.springframework.aop.aspectj.AbstractAspectJAdvice.invokeAdviceMethod(AbstractAspectJAdvice.java:631)
	at org.springframework.aop.aspectj.AspectJAroundAdvice.invoke(AspectJAroundAdvice.java:71)
	at org.springframework.aop.framework.ReflectiveMethodInvocation.proceed(ReflectiveMethodInvocation.java:184)
	at org.springframework.aop.interceptor.ExposeInvocationInterceptor.invoke(ExposeInvocationInterceptor.java:97)
	at org.springframework.aop.framework.ReflectiveMethodInvocation.proceed(ReflectiveMethodInvocation.java:184)
	at org.springframework.aop.framework.CglibAopProxy$DynamicAdvisedInterceptor.intercept(CglibAopProxy.java:728)
	at org.springframework.security.config.annotation.web.configuration.WebMvcSecurityConfiguration$CompositeFilterChainProxy$$SpringCGLIB$$0.doFilter(<generated>)
	at org.springframework.web.filter.DelegatingFilterProxy.invokeDelegate(DelegatingFilterProxy.java:362)
	at org.springframework.web.filter.DelegatingFilterProxy.doFilter(DelegatingFilterProxy.java:278)
	at org.apache.catalina.core.ApplicationFilterChain.internalDoFilter(ApplicationFilterChain.java:164)
	at org.apache.catalina.core.ApplicationFilterChain.doFilter(ApplicationFilterChain.java:140)
	at org.springframework.web.filter.RequestContextFilter.doFilterInternal(RequestContextFilter.java:100)
	at org.springframework.web.filter.OncePerRequestFilter.doFilter(OncePerRequestFilter.java:116)
	at org.apache.catalina.core.ApplicationFilterChain.internalDoFilter(ApplicationFilterChain.java:164)
	at org.apache.catalina.core.ApplicationFilterChain.doFilter(ApplicationFilterChain.java:140)
	at org.springframework.web.filter.OncePerRequestFilter.doFilter(OncePerRequestFilter.java:101)
	at org.apache.catalina.core.ApplicationFilterChain.internalDoFilter(ApplicationFilterChain.java:164)
	at org.apache.catalina.core.ApplicationFilterChain.doFilter(ApplicationFilterChain.java:140)
	at org.springframework.web.filter.OncePerRequestFilter.doFilter(OncePerRequestFilter.java:101)
	at org.apache.catalina.core.ApplicationFilterChain.internalDoFilter(ApplicationFilterChain.java:164)
	at org.apache.catalina.core.ApplicationFilterChain.doFilter(ApplicationFilterChain.java:140)
	at org.apache.catalina.core.ApplicationDispatcher.invoke(ApplicationDispatcher.java:612)
	at org.apache.catalina.core.ApplicationDispatcher.processRequest(ApplicationDispatcher.java:396)
	at org.apache.catalina.core.ApplicationDispatcher.doForward(ApplicationDispatcher.java:323)
	at org.apache.catalina.core.ApplicationDispatcher.forward(ApplicationDispatcher.java:268)
	at org.apache.catalina.core.StandardHostValve.custom(StandardHostValve.java:377)
	at org.apache.catalina.core.StandardHostValve.status(StandardHostValve.java:209)
	at org.apache.catalina.core.StandardHostValve.invoke(StandardHostValve.java:152)
	at org.apache.catalina.valves.ErrorReportValve.invoke(ErrorReportValve.java:93)
	at org.apache.catalina.core.StandardEngineValve.invoke(StandardEngineValve.java:74)
	at org.apache.catalina.connector.CoyoteAdapter.service(CoyoteAdapter.java:344)
	at org.apache.coyote.http11.Http11Processor.service(Http11Processor.java:398)
	at org.apache.coyote.AbstractProcessorLight.process(AbstractProcessorLight.java:63)
	at org.apache.coyote.AbstractProtocol$ConnectionHandler.process(AbstractProtocol.java:903)
	at org.apache.tomcat.util.net.NioEndpoint$SocketProcessor.doRun(NioEndpoint.java:1769)
	at org.apache.tomcat.util.net.SocketProcessorBase.run(SocketProcessorBase.java:52)
	at org.apache.tomcat.util.threads.ThreadPoolExecutor.runWorker(ThreadPoolExecutor.java:1189)
	at org.apache.tomcat.util.threads.ThreadPoolExecutor$Worker.run(ThreadPoolExecutor.java:658)
	at org.apache.tomcat.util.threads.TaskThread$WrappingRunnable.run(TaskThread.java:63)
	at java.base/java.lang.Thread.run(Thread.java:1447)
03:07:49.622 INFO  [SpringApplicationShutdownHook] [CloseEventListener.java-onApplicationEvent-15] CloseEventListener!!
03:07:49.625 INFO  [SpringApplicationShutdownHook] [GracefulShutdown.java-shutDownGracefully-54] Commencing graceful shutdown. Waiting for active requests to complete
03:07:49.630 INFO  [tomcat-shutdown] [GracefulShutdown.java-doShutdown-76] Graceful shutdown complete
03:07:49.649 INFO  [SpringApplicationShutdownHook] [AbstractEntityManagerFactoryBean.java-destroy-660] Closing JPA EntityManagerFactory for persistence unit 'default'
03:07:49.652 INFO  [SpringApplicationShutdownHook] [HikariDataSource.java-close-349] HikariPool-1 - Shutdown initiated...
03:07:49.653 INFO  [SpringApplicationShutdownHook] [HikariDataSource.java-close-351] HikariPool-1 - Shutdown completed.
03:07:55.108 INFO  [background-preinit] [Version.java-<clinit>-21] HV000001: Hibernate Validator 8.0.2.Final
03:07:55.132 INFO  [restartedMain] [StartupInfoLogger.java-logStarting-53] Starting SupportershighUserBackendApplication using Java 24.0.1 with PID 27012 (E:\Development\BackEnd\fillo-user-backend\out\production\classes started by user in E:\Development\BackEnd\fillo-user-backend)
03:07:55.133 INFO  [restartedMain] [SpringApplication.java-logStartupProfileInfo-652] No active profile set, falling back to 1 default profile: "default"
03:07:55.167 INFO  [restartedMain] [DeferredLog.java-logTo-252] Devtools property defaults active! Set 'spring.devtools.add-properties' to 'false' to disable
03:07:55.167 INFO  [restartedMain] [DeferredLog.java-logTo-252] For additional web related logging consider setting the 'logging.level.web' property to 'DEBUG'
03:07:55.632 INFO  [restartedMain] [RepositoryConfigurationDelegate.java-multipleStoresDetected-294] Multiple Spring Data modules found, entering strict repository configuration mode
03:07:55.633 INFO  [restartedMain] [RepositoryConfigurationDelegate.java-registerRepositoriesIn-145] Bootstrapping Spring Data JDBC repositories in DEFAULT mode.
03:07:55.661 INFO  [restartedMain] [RepositoryConfigurationExtensionSupport.java-isStrictRepositoryCandidate-327] Spring Data JDBC - Could not safely identify store assignment for repository candidate interface sh.user.supportershighuserbackend.jwt.repository.JwtTokenRepository; If you want this repository to be a JDBC repository, consider annotating your entities with one of these annotations: org.springframework.data.relational.core.mapping.Table.
03:07:55.713 INFO  [restartedMain] [RepositoryConfigurationExtensionSupport.java-isStrictRepositoryCandidate-327] Spring Data JDBC - Could not safely identify store assignment for repository candidate interface sh.user.supportershighuserbackend.media.repository.MediaRepository; If you want this repository to be a JDBC repository, consider annotating your entities with one of these annotations: org.springframework.data.relational.core.mapping.Table.
03:07:55.728 INFO  [restartedMain] [RepositoryConfigurationDelegate.java-registerRepositoriesIn-213] Finished Spring Data repository scanning in 91 ms. Found 3 JDBC repository interfaces.
03:07:55.734 INFO  [restartedMain] [RepositoryConfigurationDelegate.java-multipleStoresDetected-294] Multiple Spring Data modules found, entering strict repository configuration mode
03:07:55.734 INFO  [restartedMain] [RepositoryConfigurationDelegate.java-registerRepositoriesIn-145] Bootstrapping Spring Data JPA repositories in DEFAULT mode.
03:07:55.748 INFO  [restartedMain] [DefaultListableBeanFactory.java-logBeanDefinitionOverriding-1334] Overriding bean definition for bean 'leagueRepository' with a different definition: replacing [Root bean: class=org.springframework.data.jdbc.repository.support.JdbcRepositoryFactoryBean; scope=; abstract=false; lazyInit=false; autowireMode=0; dependencyCheck=0; autowireCandidate=true; primary=false; fallback=false; factoryBeanName=null; factoryMethodName=null; initMethodNames=null; destroyMethodNames=null; defined in sh.user.supportershighuserbackend.league.repository.LeagueRepository defined in @EnableJdbcRepositories declared on JdbcRepositoriesRegistrar.EnableJdbcRepositoriesConfiguration] with [Root bean: class=org.springframework.data.jpa.repository.support.JpaRepositoryFactoryBean; scope=; abstract=false; lazyInit=false; autowireMode=0; dependencyCheck=0; autowireCandidate=true; primary=false; fallback=false; factoryBeanName=null; factoryMethodName=null; initMethodNames=null; destroyMethodNames=null; defined in sh.user.supportershighuserbackend.league.repository.LeagueRepository defined in @EnableJpaRepositories declared on JpaRepositoriesRegistrar.EnableJpaRepositoriesConfiguration]
03:07:55.749 INFO  [restartedMain] [DefaultListableBeanFactory.java-logBeanDefinitionOverriding-1334] Overriding bean definition for bean 'memberRepository' with a different definition: replacing [Root bean: class=org.springframework.data.jdbc.repository.support.JdbcRepositoryFactoryBean; scope=; abstract=false; lazyInit=false; autowireMode=0; dependencyCheck=0; autowireCandidate=true; primary=false; fallback=false; factoryBeanName=null; factoryMethodName=null; initMethodNames=null; destroyMethodNames=null; defined in sh.user.supportershighuserbackend.member.repository.MemberRepository defined in @EnableJdbcRepositories declared on JdbcRepositoriesRegistrar.EnableJdbcRepositoriesConfiguration] with [Root bean: class=org.springframework.data.jpa.repository.support.JpaRepositoryFactoryBean; scope=; abstract=false; lazyInit=false; autowireMode=0; dependencyCheck=0; autowireCandidate=true; primary=false; fallback=false; factoryBeanName=null; factoryMethodName=null; initMethodNames=null; destroyMethodNames=null; defined in sh.user.supportershighuserbackend.member.repository.MemberRepository defined in @EnableJpaRepositories declared on JpaRepositoriesRegistrar.EnableJpaRepositoriesConfiguration]
03:07:55.749 INFO  [restartedMain] [DefaultListableBeanFactory.java-logBeanDefinitionOverriding-1334] Overriding bean definition for bean 'teamRepository' with a different definition: replacing [Root bean: class=org.springframework.data.jdbc.repository.support.JdbcRepositoryFactoryBean; scope=; abstract=false; lazyInit=false; autowireMode=0; dependencyCheck=0; autowireCandidate=true; primary=false; fallback=false; factoryBeanName=null; factoryMethodName=null; initMethodNames=null; destroyMethodNames=null; defined in sh.user.supportershighuserbackend.team.repository.TeamRepository defined in @EnableJdbcRepositories declared on JdbcRepositoriesRegistrar.EnableJdbcRepositoriesConfiguration] with [Root bean: class=org.springframework.data.jpa.repository.support.JpaRepositoryFactoryBean; scope=; abstract=false; lazyInit=false; autowireMode=0; dependencyCheck=0; autowireCandidate=true; primary=false; fallback=false; factoryBeanName=null; factoryMethodName=null; initMethodNames=null; destroyMethodNames=null; defined in sh.user.supportershighuserbackend.team.repository.TeamRepository defined in @EnableJpaRepositories declared on JpaRepositoriesRegistrar.EnableJpaRepositoriesConfiguration]
03:07:55.750 INFO  [restartedMain] [RepositoryConfigurationDelegate.java-registerRepositoriesIn-213] Finished Spring Data repository scanning in 13 ms. Found 5 JPA repository interfaces.
03:07:56.184 INFO  [restartedMain] [TomcatWebServer.java-initialize-111] Tomcat initialized with port 8093 (http)
03:07:56.191 INFO  [restartedMain] [DirectJDKLog.java-log-168] Initializing ProtocolHandler ["http-nio-8093"]
03:07:56.192 INFO  [restartedMain] [DirectJDKLog.java-log-168] Starting service [Tomcat]
03:07:56.192 INFO  [restartedMain] [DirectJDKLog.java-log-168] Starting Servlet engine: [Apache Tomcat/10.1.43]
03:07:56.225 INFO  [restartedMain] [DirectJDKLog.java-log-168] Initializing Spring embedded WebApplicationContext
03:07:56.225 INFO  [restartedMain] [ServletWebServerApplicationContext.java-prepareWebApplicationContext-301] Root WebApplicationContext: initialization completed in 1058 ms
03:07:56.330 INFO  [restartedMain] [LogHelper.java-logPersistenceUnitInformation-31] HHH000204: Processing PersistenceUnitInfo [name: default]
03:07:56.360 INFO  [restartedMain] [Version.java-logVersion-44] HHH000412: Hibernate ORM core version 6.6.22.Final
03:07:56.380 INFO  [restartedMain] [RegionFactoryInitiator.java-initiateService-50] HHH000026: Second-level cache disabled
03:07:56.555 INFO  [restartedMain] [SpringPersistenceUnitInfo.java-addTransformer-87] No LoadTimeWeaver setup: ignoring JPA class transformer
03:07:56.572 WARN  [restartedMain] [HikariConfig.java-validateNumerics-1109] HikariPool-1 - keepaliveTime is greater than or equal to maxLifetime, disabling it.
03:07:56.572 INFO  [restartedMain] [HikariDataSource.java-getConnection-109] HikariPool-1 - Starting...
03:07:56.776 INFO  [restartedMain] [HikariPool.java-checkFailFast-580] HikariPool-1 - Added connection com.mysql.cj.jdbc.ConnectionImpl@2ecd5e19
03:07:56.777 INFO  [restartedMain] [HikariDataSource.java-getConnection-122] HikariPool-1 - Start completed.
03:07:56.812 INFO  [restartedMain] [JdbcEnvironmentInitiator.java-logConnectionInfo-163] HHH10001005: Database info:
	Database JDBC URL [Connecting through datasource 'HikariDataSource (HikariPool-1)']
	Database driver: undefined/unknown
	Database version: 8.0.34
	Autocommit mode: undefined/unknown
	Isolation level: undefined/unknown
	Minimum pool size: undefined/unknown
	Maximum pool size: undefined/unknown
03:07:56.816 DEBUG [restartedMain] [DdlTypeRegistry.java-addDescriptor-64] addDescriptor(12, org.hibernate.type.descriptor.sql.internal.CapacityDependentDdlType@7dfcd249) replaced previous registration(org.hibernate.type.descriptor.sql.internal.CapacityDependentDdlType@7a34b919)
03:07:56.816 DEBUG [restartedMain] [DdlTypeRegistry.java-addDescriptor-64] addDescriptor(-9, org.hibernate.type.descriptor.sql.internal.CapacityDependentDdlType@2539deb9) replaced previous registration(org.hibernate.type.descriptor.sql.internal.CapacityDependentDdlType@50db9943)
03:07:56.816 DEBUG [restartedMain] [DdlTypeRegistry.java-addDescriptor-64] addDescriptor(-3, org.hibernate.type.descriptor.sql.internal.CapacityDependentDdlType@4bae778b) replaced previous registration(org.hibernate.type.descriptor.sql.internal.CapacityDependentDdlType@148de396)
03:07:56.816 DEBUG [restartedMain] [DdlTypeRegistry.java-addDescriptor-64] addDescriptor(4003, org.hibernate.type.descriptor.sql.internal.DdlTypeImpl@7f2a3ba8) replaced previous registration(org.hibernate.type.descriptor.sql.internal.DdlTypeImpl@7337a48f)
03:07:56.816 DEBUG [restartedMain] [DdlTypeRegistry.java-addDescriptor-64] addDescriptor(4001, org.hibernate.type.descriptor.sql.internal.DdlTypeImpl@4b9d974d) replaced previous registration(org.hibernate.type.descriptor.sql.internal.DdlTypeImpl@30774cfb)
03:07:56.816 DEBUG [restartedMain] [DdlTypeRegistry.java-addDescriptor-64] addDescriptor(4002, org.hibernate.type.descriptor.sql.internal.DdlTypeImpl@1eaed626) replaced previous registration(org.hibernate.type.descriptor.sql.internal.DdlTypeImpl@50730aa0)
03:07:56.817 DEBUG [restartedMain] [DdlTypeRegistry.java-addDescriptor-64] addDescriptor(2004, org.hibernate.type.descriptor.sql.internal.CapacityDependentDdlType@7773d81c) replaced previous registration(org.hibernate.type.descriptor.sql.internal.DdlTypeImpl@7d69529d)
03:07:56.817 DEBUG [restartedMain] [DdlTypeRegistry.java-addDescriptor-64] addDescriptor(2005, org.hibernate.type.descriptor.sql.internal.CapacityDependentDdlType@159ea4f0) replaced previous registration(org.hibernate.type.descriptor.sql.internal.DdlTypeImpl@5d709ae9)
03:07:56.817 DEBUG [restartedMain] [DdlTypeRegistry.java-addDescriptor-64] addDescriptor(2011, org.hibernate.type.descriptor.sql.internal.CapacityDependentDdlType@342a1a63) replaced previous registration(org.hibernate.type.descriptor.sql.internal.DdlTypeImpl@3e04bc1)
03:07:57.380 INFO  [restartedMain] [JtaPlatformInitiator.java-initiateService-59] HHH000489: No JTA platform available (set 'hibernate.transaction.jta.platform' to enable JTA platform integration)
03:07:57.582 INFO  [restartedMain] [AbstractEntityManagerFactoryBean.java-buildNativeEntityManagerFactory-447] Initialized JPA EntityManagerFactory for persistence unit 'default'
03:07:57.916 WARN  [restartedMain] [JpaBaseConfiguration.java-openEntityManagerInViewInterceptor-258] spring.jpa.open-in-view is enabled by default. Therefore, database queries may be performed during view rendering. Explicitly configure spring.jpa.open-in-view to disable this warning
03:07:58.099 INFO  [restartedMain] [InitializeUserDetailsBeanManagerConfigurer.java-configure-110] Global AuthenticationManager configured with UserDetailsService bean with name userDetailsServiceImpl
03:07:58.137 INFO  [restartedMain] [SecurityConfig.java-securityFilterChain-38] [ LOCAL ] Security Active
03:07:58.179 WARN  [restartedMain] [CglibAopProxy.java-doValidateClass-296] Unable to proxy interface-implementing method [public final void org.springframework.web.filter.GenericFilterBean.init(jakarta.servlet.FilterConfig) throws jakarta.servlet.ServletException] because it is marked as final, consider using interface-based JDK proxies instead.
03:07:58.188 WARN  [restartedMain] [CglibAopProxy.java-doValidateClass-296] Unable to proxy interface-implementing method [public final void org.springframework.web.filter.GenericFilterBean.init(jakarta.servlet.FilterConfig) throws jakarta.servlet.ServletException] because it is marked as final, consider using interface-based JDK proxies instead.
03:07:58.192 WARN  [restartedMain] [CglibAopProxy.java-doValidateClass-296] Unable to proxy interface-implementing method [public final void org.springframework.web.filter.GenericFilterBean.init(jakarta.servlet.FilterConfig) throws jakarta.servlet.ServletException] because it is marked as final, consider using interface-based JDK proxies instead.
03:07:58.372 INFO  [restartedMain] [OptionalLiveReloadServer.java-startServer-59] LiveReload server is running on port 35729
03:07:58.508 INFO  [restartedMain] [DirectJDKLog.java-log-168] Starting ProtocolHandler ["http-nio-8093"]
03:07:58.520 INFO  [restartedMain] [TomcatWebServer.java-start-243] Tomcat started on port 8093 (http) with context path '/'
03:07:58.524 INFO  [restartedMain] [StartupInfoLogger.java-logStarted-59] Started SupportershighUserBackendApplication in 3.725 seconds (process running for 4.153)
03:07:58.526 INFO  [restartedMain] [StartEventListener.java-onApplicationEvent-17] ApplicationReadyEvent: batch.issueCoupon=OFF
03:11:42.990 INFO  [http-nio-8093-exec-1] [DirectJDKLog.java-log-168] Initializing Spring DispatcherServlet 'dispatcherServlet'
03:11:42.990 INFO  [http-nio-8093-exec-1] [FrameworkServlet.java-initServletBean-532] Initializing Servlet 'dispatcherServlet'
03:11:42.991 INFO  [http-nio-8093-exec-1] [FrameworkServlet.java-initServletBean-554] Completed initialization in 1 ms
03:11:43.105 INFO  [http-nio-8093-exec-2] [MethodCallMonitorAspect.java-methodCallLog-21] [AOP] 호출 함수 확인
03:11:43.106 INFO  [http-nio-8093-exec-2] [MethodCallMonitorAspect.java-methodCallLog-24] 함수 : authorizeEmail, 파라미터 : null
03:11:43.106 INFO  [http-nio-8093-exec-2] [TimeMonitorAspect.java-logTime-20] [AOP] 함수 실행 시간 로깅
03:11:43.106 INFO  [http-nio-8093-exec-2] [MemberController.java-authorizeEmail-53] [Member] 이메일 인증
03:11:43.107 INFO  [http-nio-8093-exec-2] [MemberService.java-authorizeEmail-236] 이메일 인증 service
03:11:46.651 INFO  [http-nio-8093-exec-2] [TimeMonitorAspect.java-logTime-32] ResponseEntity sh.user.supportershighuserbackend.member.controller.MemberController.authorizeEmail(HttpServletRequest,AuthorizeEmailRequestDto) 실행 시간 : 3545 ms
03:11:46.652 INFO  [http-nio-8093-exec-2] [MethodCallMonitorAspect.java-methodCallLog-32] authorizeEmail 함수 정상 반환 데이터 : public class org.springframework.http.ResponseEntity<T>
03:12:12.901 INFO  [http-nio-8093-exec-4] [JwtTokenProvider.java-validateToken-134] validateToken 함수 진입 : 토큰 Provider 에서 검증할 토큰을 가지고 왔는지 확인
03:12:12.903 INFO  [http-nio-8093-exec-4] [JwtTokenProvider.java-validateToken-137] Checking JWT Token
03:12:12.927 INFO  [http-nio-8093-exec-4] [JwtTokenProvider.java-validateToken-144] Expired JWT Token
io.jsonwebtoken.ExpiredJwtException: JWT expired at 2025-09-22T16:23:56Z. Current time: 2025-10-08T18:12:12Z, a difference of 1388896927 milliseconds.  Allowed clock skew: 0 milliseconds.
	at io.jsonwebtoken.impl.DefaultJwtParser.parse(DefaultJwtParser.java:427)
	at io.jsonwebtoken.impl.DefaultJwtParser.parse(DefaultJwtParser.java:529)
	at io.jsonwebtoken.impl.DefaultJwtParser.parseClaimsJws(DefaultJwtParser.java:589)
	at io.jsonwebtoken.impl.ImmutableJwtParser.parseClaimsJws(ImmutableJwtParser.java:173)
	at sh.user.supportershighuserbackend.jwt.service.JwtTokenProvider.validateToken(JwtTokenProvider.java:138)
	at sh.user.supportershighuserbackend.jwt.service.JwtAuthenticationFilter.doFilter(JwtAuthenticationFilter.java:28)
	at org.springframework.security.web.FilterChainProxy$VirtualFilterChain.doFilter(FilterChainProxy.java:374)
	at org.springframework.security.web.authentication.logout.LogoutFilter.doFilter(LogoutFilter.java:107)
	at org.springframework.security.web.authentication.logout.LogoutFilter.doFilter(LogoutFilter.java:93)
	at org.springframework.security.web.FilterChainProxy$VirtualFilterChain.doFilter(FilterChainProxy.java:374)
	at org.springframework.web.filter.CorsFilter.doFilterInternal(CorsFilter.java:91)
	at org.springframework.web.filter.OncePerRequestFilter.doFilter(OncePerRequestFilter.java:116)
	at org.springframework.security.web.FilterChainProxy$VirtualFilterChain.doFilter(FilterChainProxy.java:374)
	at org.springframework.security.web.header.HeaderWriterFilter.doHeadersAfter(HeaderWriterFilter.java:90)
	at org.springframework.security.web.header.HeaderWriterFilter.doFilterInternal(HeaderWriterFilter.java:75)
	at org.springframework.web.filter.OncePerRequestFilter.doFilter(OncePerRequestFilter.java:116)
	at org.springframework.security.web.FilterChainProxy$VirtualFilterChain.doFilter(FilterChainProxy.java:374)
	at org.springframework.security.web.context.SecurityContextHolderFilter.doFilter(SecurityContextHolderFilter.java:82)
	at org.springframework.security.web.context.SecurityContextHolderFilter.doFilter(SecurityContextHolderFilter.java:69)
	at org.springframework.security.web.FilterChainProxy$VirtualFilterChain.doFilter(FilterChainProxy.java:374)
	at org.springframework.security.web.context.request.async.WebAsyncManagerIntegrationFilter.doFilterInternal(WebAsyncManagerIntegrationFilter.java:62)
	at org.springframework.web.filter.OncePerRequestFilter.doFilter(OncePerRequestFilter.java:116)
	at org.springframework.security.web.FilterChainProxy$VirtualFilterChain.doFilter(FilterChainProxy.java:374)
	at org.springframework.security.web.session.DisableEncodeUrlFilter.doFilterInternal(DisableEncodeUrlFilter.java:42)
	at org.springframework.web.filter.OncePerRequestFilter.doFilter(OncePerRequestFilter.java:116)
	at org.springframework.security.web.FilterChainProxy$VirtualFilterChain.doFilter(FilterChainProxy.java:374)
	at org.springframework.security.web.FilterChainProxy.doFilterInternal(FilterChainProxy.java:233)
	at org.springframework.security.web.FilterChainProxy.doFilter(FilterChainProxy.java:191)
	at java.base/jdk.internal.reflect.DirectMethodHandleAccessor.invoke(DirectMethodHandleAccessor.java:104)
	at java.base/java.lang.reflect.Method.invoke(Method.java:565)
	at org.springframework.aop.support.AopUtils.invokeJoinpointUsingReflection(AopUtils.java:360)
	at org.springframework.aop.framework.ReflectiveMethodInvocation.invokeJoinpoint(ReflectiveMethodInvocation.java:196)
	at org.springframework.aop.framework.ReflectiveMethodInvocation.proceed(ReflectiveMethodInvocation.java:163)
	at org.springframework.aop.aspectj.MethodInvocationProceedingJoinPoint.proceed(MethodInvocationProceedingJoinPoint.java:89)
	at sh.user.supportershighuserbackend.configuration.AopConfig.handleRequestRejectedException(AopConfig.java:19)
	at java.base/jdk.internal.reflect.DirectMethodHandleAccessor.invoke(DirectMethodHandleAccessor.java:104)
	at java.base/java.lang.reflect.Method.invoke(Method.java:565)
	at org.springframework.aop.aspectj.AbstractAspectJAdvice.invokeAdviceMethodWithGivenArgs(AbstractAspectJAdvice.java:649)
	at org.springframework.aop.aspectj.AbstractAspectJAdvice.invokeAdviceMethod(AbstractAspectJAdvice.java:631)
	at org.springframework.aop.aspectj.AspectJAroundAdvice.invoke(AspectJAroundAdvice.java:71)
	at org.springframework.aop.framework.ReflectiveMethodInvocation.proceed(ReflectiveMethodInvocation.java:184)
	at org.springframework.aop.interceptor.ExposeInvocationInterceptor.invoke(ExposeInvocationInterceptor.java:97)
	at org.springframework.aop.framework.ReflectiveMethodInvocation.proceed(ReflectiveMethodInvocation.java:184)
	at org.springframework.aop.framework.CglibAopProxy$DynamicAdvisedInterceptor.intercept(CglibAopProxy.java:728)
	at org.springframework.security.web.FilterChainProxy$$SpringCGLIB$$0.doFilter(<generated>)
	at org.springframework.web.filter.CompositeFilter$VirtualFilterChain.doFilter(CompositeFilter.java:113)
	at org.springframework.web.filter.ServletRequestPathFilter.doFilter(ServletRequestPathFilter.java:52)
	at org.springframework.web.filter.CompositeFilter$VirtualFilterChain.doFilter(CompositeFilter.java:113)
	at org.springframework.web.filter.CompositeFilter.doFilter(CompositeFilter.java:74)
	at org.springframework.security.config.annotation.web.configuration.WebSecurityConfiguration$CompositeFilterChainProxy.doFilter(WebSecurityConfiguration.java:319)
	at java.base/jdk.internal.reflect.DirectMethodHandleAccessor.invoke(DirectMethodHandleAccessor.java:104)
	at java.base/java.lang.reflect.Method.invoke(Method.java:565)
	at org.springframework.aop.support.AopUtils.invokeJoinpointUsingReflection(AopUtils.java:360)
	at org.springframework.aop.framework.ReflectiveMethodInvocation.invokeJoinpoint(ReflectiveMethodInvocation.java:196)
	at org.springframework.aop.framework.ReflectiveMethodInvocation.proceed(ReflectiveMethodInvocation.java:163)
	at org.springframework.aop.aspectj.MethodInvocationProceedingJoinPoint.proceed(MethodInvocationProceedingJoinPoint.java:89)
	at sh.user.supportershighuserbackend.configuration.AopConfig.handleRequestRejectedException(AopConfig.java:19)
	at java.base/jdk.internal.reflect.DirectMethodHandleAccessor.invoke(DirectMethodHandleAccessor.java:104)
	at java.base/java.lang.reflect.Method.invoke(Method.java:565)
	at org.springframework.aop.aspectj.AbstractAspectJAdvice.invokeAdviceMethodWithGivenArgs(AbstractAspectJAdvice.java:649)
	at org.springframework.aop.aspectj.AbstractAspectJAdvice.invokeAdviceMethod(AbstractAspectJAdvice.java:631)
	at org.springframework.aop.aspectj.AspectJAroundAdvice.invoke(AspectJAroundAdvice.java:71)
	at org.springframework.aop.framework.ReflectiveMethodInvocation.proceed(ReflectiveMethodInvocation.java:184)
	at org.springframework.aop.interceptor.ExposeInvocationInterceptor.invoke(ExposeInvocationInterceptor.java:97)
	at org.springframework.aop.framework.ReflectiveMethodInvocation.proceed(ReflectiveMethodInvocation.java:184)
	at org.springframework.aop.framework.CglibAopProxy$DynamicAdvisedInterceptor.intercept(CglibAopProxy.java:728)
	at org.springframework.security.config.annotation.web.configuration.WebSecurityConfiguration$CompositeFilterChainProxy$$SpringCGLIB$$0.doFilter(<generated>)
	at org.springframework.web.filter.CompositeFilter$VirtualFilterChain.doFilter(CompositeFilter.java:113)
	at org.springframework.web.servlet.handler.HandlerMappingIntrospector.lambda$createCacheFilter$4(HandlerMappingIntrospector.java:267)
	at org.springframework.web.filter.CompositeFilter$VirtualFilterChain.doFilter(CompositeFilter.java:113)
	at org.springframework.web.filter.CompositeFilter.doFilter(CompositeFilter.java:74)
	at org.springframework.security.config.annotation.web.configuration.WebMvcSecurityConfiguration$CompositeFilterChainProxy.doFilter(WebMvcSecurityConfiguration.java:240)
	at java.base/jdk.internal.reflect.DirectMethodHandleAccessor.invoke(DirectMethodHandleAccessor.java:104)
	at java.base/java.lang.reflect.Method.invoke(Method.java:565)
	at org.springframework.aop.support.AopUtils.invokeJoinpointUsingReflection(AopUtils.java:360)
	at org.springframework.aop.framework.ReflectiveMethodInvocation.invokeJoinpoint(ReflectiveMethodInvocation.java:196)
	at org.springframework.aop.framework.ReflectiveMethodInvocation.proceed(ReflectiveMethodInvocation.java:163)
	at org.springframework.aop.aspectj.MethodInvocationProceedingJoinPoint.proceed(MethodInvocationProceedingJoinPoint.java:89)
	at sh.user.supportershighuserbackend.configuration.AopConfig.handleRequestRejectedException(AopConfig.java:19)
	at java.base/jdk.internal.reflect.DirectMethodHandleAccessor.invoke(DirectMethodHandleAccessor.java:104)
	at java.base/java.lang.reflect.Method.invoke(Method.java:565)
	at org.springframework.aop.aspectj.AbstractAspectJAdvice.invokeAdviceMethodWithGivenArgs(AbstractAspectJAdvice.java:649)
	at org.springframework.aop.aspectj.AbstractAspectJAdvice.invokeAdviceMethod(AbstractAspectJAdvice.java:631)
	at org.springframework.aop.aspectj.AspectJAroundAdvice.invoke(AspectJAroundAdvice.java:71)
	at org.springframework.aop.framework.ReflectiveMethodInvocation.proceed(ReflectiveMethodInvocation.java:184)
	at org.springframework.aop.interceptor.ExposeInvocationInterceptor.invoke(ExposeInvocationInterceptor.java:97)
	at org.springframework.aop.framework.ReflectiveMethodInvocation.proceed(ReflectiveMethodInvocation.java:184)
	at org.springframework.aop.framework.CglibAopProxy$DynamicAdvisedInterceptor.intercept(CglibAopProxy.java:728)
	at org.springframework.security.config.annotation.web.configuration.WebMvcSecurityConfiguration$CompositeFilterChainProxy$$SpringCGLIB$$0.doFilter(<generated>)
	at org.springframework.web.filter.DelegatingFilterProxy.invokeDelegate(DelegatingFilterProxy.java:362)
	at org.springframework.web.filter.DelegatingFilterProxy.doFilter(DelegatingFilterProxy.java:278)
	at org.apache.catalina.core.ApplicationFilterChain.internalDoFilter(ApplicationFilterChain.java:164)
	at org.apache.catalina.core.ApplicationFilterChain.doFilter(ApplicationFilterChain.java:140)
	at org.springframework.web.filter.RequestContextFilter.doFilterInternal(RequestContextFilter.java:100)
	at org.springframework.web.filter.OncePerRequestFilter.doFilter(OncePerRequestFilter.java:116)
	at org.apache.catalina.core.ApplicationFilterChain.internalDoFilter(ApplicationFilterChain.java:164)
	at org.apache.catalina.core.ApplicationFilterChain.doFilter(ApplicationFilterChain.java:140)
	at org.springframework.web.filter.FormContentFilter.doFilterInternal(FormContentFilter.java:93)
	at org.springframework.web.filter.OncePerRequestFilter.doFilter(OncePerRequestFilter.java:116)
	at org.apache.catalina.core.ApplicationFilterChain.internalDoFilter(ApplicationFilterChain.java:164)
	at org.apache.catalina.core.ApplicationFilterChain.doFilter(ApplicationFilterChain.java:140)
	at org.springframework.web.filter.CharacterEncodingFilter.doFilterInternal(CharacterEncodingFilter.java:201)
	at org.springframework.web.filter.OncePerRequestFilter.doFilter(OncePerRequestFilter.java:116)
	at org.apache.catalina.core.ApplicationFilterChain.internalDoFilter(ApplicationFilterChain.java:164)
	at org.apache.catalina.core.ApplicationFilterChain.doFilter(ApplicationFilterChain.java:140)
	at org.apache.catalina.core.StandardWrapperValve.invoke(StandardWrapperValve.java:167)
	at org.apache.catalina.core.StandardContextValve.invoke(StandardContextValve.java:90)
	at org.apache.catalina.authenticator.AuthenticatorBase.invoke(AuthenticatorBase.java:483)
	at org.apache.catalina.core.StandardHostValve.invoke(StandardHostValve.java:116)
	at org.apache.catalina.valves.ErrorReportValve.invoke(ErrorReportValve.java:93)
	at org.apache.catalina.core.StandardEngineValve.invoke(StandardEngineValve.java:74)
	at org.apache.catalina.connector.CoyoteAdapter.service(CoyoteAdapter.java:344)
	at org.apache.coyote.http11.Http11Processor.service(Http11Processor.java:398)
	at org.apache.coyote.AbstractProcessorLight.process(AbstractProcessorLight.java:63)
	at org.apache.coyote.AbstractProtocol$ConnectionHandler.process(AbstractProtocol.java:903)
	at org.apache.tomcat.util.net.NioEndpoint$SocketProcessor.doRun(NioEndpoint.java:1769)
	at org.apache.tomcat.util.net.SocketProcessorBase.run(SocketProcessorBase.java:52)
	at org.apache.tomcat.util.threads.ThreadPoolExecutor.runWorker(ThreadPoolExecutor.java:1189)
	at org.apache.tomcat.util.threads.ThreadPoolExecutor$Worker.run(ThreadPoolExecutor.java:658)
	at org.apache.tomcat.util.threads.TaskThread$WrappingRunnable.run(TaskThread.java:63)
	at java.base/java.lang.Thread.run(Thread.java:1447)
03:12:12.956 WARN  [http-nio-8093-exec-4] [AbstractHandlerExceptionResolver.java-logException-254] Resolved [org.springframework.web.HttpMediaTypeNotSupportedException: Content-Type 'multipart/form-data;boundary=----WebKitFormBoundaryMvsWad2dMD1odWIV;charset=UTF-8' is not supported]
03:12:12.961 INFO  [http-nio-8093-exec-4] [JwtTokenProvider.java-validateToken-134] validateToken 함수 진입 : 토큰 Provider 에서 검증할 토큰을 가지고 왔는지 확인
03:12:12.962 INFO  [http-nio-8093-exec-4] [JwtTokenProvider.java-validateToken-137] Checking JWT Token
03:12:12.963 INFO  [http-nio-8093-exec-4] [JwtTokenProvider.java-validateToken-144] Expired JWT Token
io.jsonwebtoken.ExpiredJwtException: JWT expired at 2025-09-22T16:23:56Z. Current time: 2025-10-08T18:12:12Z, a difference of 1388896963 milliseconds.  Allowed clock skew: 0 milliseconds.
	at io.jsonwebtoken.impl.DefaultJwtParser.parse(DefaultJwtParser.java:427)
	at io.jsonwebtoken.impl.DefaultJwtParser.parse(DefaultJwtParser.java:529)
	at io.jsonwebtoken.impl.DefaultJwtParser.parseClaimsJws(DefaultJwtParser.java:589)
	at io.jsonwebtoken.impl.ImmutableJwtParser.parseClaimsJws(ImmutableJwtParser.java:173)
	at sh.user.supportershighuserbackend.jwt.service.JwtTokenProvider.validateToken(JwtTokenProvider.java:138)
	at sh.user.supportershighuserbackend.jwt.service.JwtAuthenticationFilter.doFilter(JwtAuthenticationFilter.java:28)
	at org.springframework.security.web.FilterChainProxy$VirtualFilterChain.doFilter(FilterChainProxy.java:374)
	at org.springframework.security.web.authentication.logout.LogoutFilter.doFilter(LogoutFilter.java:107)
	at org.springframework.security.web.authentication.logout.LogoutFilter.doFilter(LogoutFilter.java:93)
	at org.springframework.security.web.FilterChainProxy$VirtualFilterChain.doFilter(FilterChainProxy.java:374)
	at org.springframework.web.filter.OncePerRequestFilter.doFilter(OncePerRequestFilter.java:101)
	at org.springframework.security.web.FilterChainProxy$VirtualFilterChain.doFilter(FilterChainProxy.java:374)
	at org.springframework.web.filter.OncePerRequestFilter.doFilter(OncePerRequestFilter.java:101)
	at org.springframework.security.web.FilterChainProxy$VirtualFilterChain.doFilter(FilterChainProxy.java:374)
	at org.springframework.security.web.context.SecurityContextHolderFilter.doFilter(SecurityContextHolderFilter.java:82)
	at org.springframework.security.web.context.SecurityContextHolderFilter.doFilter(SecurityContextHolderFilter.java:69)
	at org.springframework.security.web.FilterChainProxy$VirtualFilterChain.doFilter(FilterChainProxy.java:374)
	at org.springframework.web.filter.OncePerRequestFilter.doFilter(OncePerRequestFilter.java:101)
	at org.springframework.security.web.FilterChainProxy$VirtualFilterChain.doFilter(FilterChainProxy.java:374)
	at org.springframework.web.filter.OncePerRequestFilter.doFilter(OncePerRequestFilter.java:101)
	at org.springframework.security.web.FilterChainProxy$VirtualFilterChain.doFilter(FilterChainProxy.java:374)
	at org.springframework.security.web.FilterChainProxy.doFilterInternal(FilterChainProxy.java:233)
	at org.springframework.security.web.FilterChainProxy.doFilter(FilterChainProxy.java:191)
	at java.base/jdk.internal.reflect.DirectMethodHandleAccessor.invoke(DirectMethodHandleAccessor.java:104)
	at java.base/java.lang.reflect.Method.invoke(Method.java:565)
	at org.springframework.aop.support.AopUtils.invokeJoinpointUsingReflection(AopUtils.java:360)
	at org.springframework.aop.framework.ReflectiveMethodInvocation.invokeJoinpoint(ReflectiveMethodInvocation.java:196)
	at org.springframework.aop.framework.ReflectiveMethodInvocation.proceed(ReflectiveMethodInvocation.java:163)
	at org.springframework.aop.aspectj.MethodInvocationProceedingJoinPoint.proceed(MethodInvocationProceedingJoinPoint.java:89)
	at sh.user.supportershighuserbackend.configuration.AopConfig.handleRequestRejectedException(AopConfig.java:19)
	at java.base/jdk.internal.reflect.DirectMethodHandleAccessor.invoke(DirectMethodHandleAccessor.java:104)
	at java.base/java.lang.reflect.Method.invoke(Method.java:565)
	at org.springframework.aop.aspectj.AbstractAspectJAdvice.invokeAdviceMethodWithGivenArgs(AbstractAspectJAdvice.java:649)
	at org.springframework.aop.aspectj.AbstractAspectJAdvice.invokeAdviceMethod(AbstractAspectJAdvice.java:631)
	at org.springframework.aop.aspectj.AspectJAroundAdvice.invoke(AspectJAroundAdvice.java:71)
	at org.springframework.aop.framework.ReflectiveMethodInvocation.proceed(ReflectiveMethodInvocation.java:184)
	at org.springframework.aop.interceptor.ExposeInvocationInterceptor.invoke(ExposeInvocationInterceptor.java:97)
	at org.springframework.aop.framework.ReflectiveMethodInvocation.proceed(ReflectiveMethodInvocation.java:184)
	at org.springframework.aop.framework.CglibAopProxy$DynamicAdvisedInterceptor.intercept(CglibAopProxy.java:728)
	at org.springframework.security.web.FilterChainProxy$$SpringCGLIB$$0.doFilter(<generated>)
	at org.springframework.web.filter.CompositeFilter$VirtualFilterChain.doFilter(CompositeFilter.java:113)
	at org.springframework.web.filter.ServletRequestPathFilter.doFilter(ServletRequestPathFilter.java:52)
	at org.springframework.web.filter.CompositeFilter$VirtualFilterChain.doFilter(CompositeFilter.java:113)
	at org.springframework.web.filter.CompositeFilter.doFilter(CompositeFilter.java:74)
	at org.springframework.security.config.annotation.web.configuration.WebSecurityConfiguration$CompositeFilterChainProxy.doFilter(WebSecurityConfiguration.java:319)
	at java.base/jdk.internal.reflect.DirectMethodHandleAccessor.invoke(DirectMethodHandleAccessor.java:104)
	at java.base/java.lang.reflect.Method.invoke(Method.java:565)
	at org.springframework.aop.support.AopUtils.invokeJoinpointUsingReflection(AopUtils.java:360)
	at org.springframework.aop.framework.ReflectiveMethodInvocation.invokeJoinpoint(ReflectiveMethodInvocation.java:196)
	at org.springframework.aop.framework.ReflectiveMethodInvocation.proceed(ReflectiveMethodInvocation.java:163)
	at org.springframework.aop.aspectj.MethodInvocationProceedingJoinPoint.proceed(MethodInvocationProceedingJoinPoint.java:89)
	at sh.user.supportershighuserbackend.configuration.AopConfig.handleRequestRejectedException(AopConfig.java:19)
	at java.base/jdk.internal.reflect.DirectMethodHandleAccessor.invoke(DirectMethodHandleAccessor.java:104)
	at java.base/java.lang.reflect.Method.invoke(Method.java:565)
	at org.springframework.aop.aspectj.AbstractAspectJAdvice.invokeAdviceMethodWithGivenArgs(AbstractAspectJAdvice.java:649)
	at org.springframework.aop.aspectj.AbstractAspectJAdvice.invokeAdviceMethod(AbstractAspectJAdvice.java:631)
	at org.springframework.aop.aspectj.AspectJAroundAdvice.invoke(AspectJAroundAdvice.java:71)
	at org.springframework.aop.framework.ReflectiveMethodInvocation.proceed(ReflectiveMethodInvocation.java:184)
	at org.springframework.aop.interceptor.ExposeInvocationInterceptor.invoke(ExposeInvocationInterceptor.java:97)
	at org.springframework.aop.framework.ReflectiveMethodInvocation.proceed(ReflectiveMethodInvocation.java:184)
	at org.springframework.aop.framework.CglibAopProxy$DynamicAdvisedInterceptor.intercept(CglibAopProxy.java:728)
	at org.springframework.security.config.annotation.web.configuration.WebSecurityConfiguration$CompositeFilterChainProxy$$SpringCGLIB$$0.doFilter(<generated>)
	at org.springframework.web.filter.CompositeFilter$VirtualFilterChain.doFilter(CompositeFilter.java:113)
	at org.springframework.web.servlet.handler.HandlerMappingIntrospector.lambda$createCacheFilter$4(HandlerMappingIntrospector.java:267)
	at org.springframework.web.filter.CompositeFilter$VirtualFilterChain.doFilter(CompositeFilter.java:113)
	at org.springframework.web.filter.CompositeFilter.doFilter(CompositeFilter.java:74)
	at org.springframework.security.config.annotation.web.configuration.WebMvcSecurityConfiguration$CompositeFilterChainProxy.doFilter(WebMvcSecurityConfiguration.java:240)
	at java.base/jdk.internal.reflect.DirectMethodHandleAccessor.invoke(DirectMethodHandleAccessor.java:104)
	at java.base/java.lang.reflect.Method.invoke(Method.java:565)
	at org.springframework.aop.support.AopUtils.invokeJoinpointUsingReflection(AopUtils.java:360)
	at org.springframework.aop.framework.ReflectiveMethodInvocation.invokeJoinpoint(ReflectiveMethodInvocation.java:196)
	at org.springframework.aop.framework.ReflectiveMethodInvocation.proceed(ReflectiveMethodInvocation.java:163)
	at org.springframework.aop.aspectj.MethodInvocationProceedingJoinPoint.proceed(MethodInvocationProceedingJoinPoint.java:89)
	at sh.user.supportershighuserbackend.configuration.AopConfig.handleRequestRejectedException(AopConfig.java:19)
	at java.base/jdk.internal.reflect.DirectMethodHandleAccessor.invoke(DirectMethodHandleAccessor.java:104)
	at java.base/java.lang.reflect.Method.invoke(Method.java:565)
	at org.springframework.aop.aspectj.AbstractAspectJAdvice.invokeAdviceMethodWithGivenArgs(AbstractAspectJAdvice.java:649)
	at org.springframework.aop.aspectj.AbstractAspectJAdvice.invokeAdviceMethod(AbstractAspectJAdvice.java:631)
	at org.springframework.aop.aspectj.AspectJAroundAdvice.invoke(AspectJAroundAdvice.java:71)
	at org.springframework.aop.framework.ReflectiveMethodInvocation.proceed(ReflectiveMethodInvocation.java:184)
	at org.springframework.aop.interceptor.ExposeInvocationInterceptor.invoke(ExposeInvocationInterceptor.java:97)
	at org.springframework.aop.framework.ReflectiveMethodInvocation.proceed(ReflectiveMethodInvocation.java:184)
	at org.springframework.aop.framework.CglibAopProxy$DynamicAdvisedInterceptor.intercept(CglibAopProxy.java:728)
	at org.springframework.security.config.annotation.web.configuration.WebMvcSecurityConfiguration$CompositeFilterChainProxy$$SpringCGLIB$$0.doFilter(<generated>)
	at org.springframework.web.filter.DelegatingFilterProxy.invokeDelegate(DelegatingFilterProxy.java:362)
	at org.springframework.web.filter.DelegatingFilterProxy.doFilter(DelegatingFilterProxy.java:278)
	at org.apache.catalina.core.ApplicationFilterChain.internalDoFilter(ApplicationFilterChain.java:164)
	at org.apache.catalina.core.ApplicationFilterChain.doFilter(ApplicationFilterChain.java:140)
	at org.springframework.web.filter.RequestContextFilter.doFilterInternal(RequestContextFilter.java:100)
	at org.springframework.web.filter.OncePerRequestFilter.doFilter(OncePerRequestFilter.java:116)
	at org.apache.catalina.core.ApplicationFilterChain.internalDoFilter(ApplicationFilterChain.java:164)
	at org.apache.catalina.core.ApplicationFilterChain.doFilter(ApplicationFilterChain.java:140)
	at org.springframework.web.filter.OncePerRequestFilter.doFilter(OncePerRequestFilter.java:101)
	at org.apache.catalina.core.ApplicationFilterChain.internalDoFilter(ApplicationFilterChain.java:164)
	at org.apache.catalina.core.ApplicationFilterChain.doFilter(ApplicationFilterChain.java:140)
	at org.springframework.web.filter.OncePerRequestFilter.doFilter(OncePerRequestFilter.java:101)
	at org.apache.catalina.core.ApplicationFilterChain.internalDoFilter(ApplicationFilterChain.java:164)
	at org.apache.catalina.core.ApplicationFilterChain.doFilter(ApplicationFilterChain.java:140)
	at org.apache.catalina.core.ApplicationDispatcher.invoke(ApplicationDispatcher.java:612)
	at org.apache.catalina.core.ApplicationDispatcher.processRequest(ApplicationDispatcher.java:396)
	at org.apache.catalina.core.ApplicationDispatcher.doForward(ApplicationDispatcher.java:323)
	at org.apache.catalina.core.ApplicationDispatcher.forward(ApplicationDispatcher.java:268)
	at org.apache.catalina.core.StandardHostValve.custom(StandardHostValve.java:377)
	at org.apache.catalina.core.StandardHostValve.status(StandardHostValve.java:209)
	at org.apache.catalina.core.StandardHostValve.invoke(StandardHostValve.java:152)
	at org.apache.catalina.valves.ErrorReportValve.invoke(ErrorReportValve.java:93)
	at org.apache.catalina.core.StandardEngineValve.invoke(StandardEngineValve.java:74)
	at org.apache.catalina.connector.CoyoteAdapter.service(CoyoteAdapter.java:344)
	at org.apache.coyote.http11.Http11Processor.service(Http11Processor.java:398)
	at org.apache.coyote.AbstractProcessorLight.process(AbstractProcessorLight.java:63)
	at org.apache.coyote.AbstractProtocol$ConnectionHandler.process(AbstractProtocol.java:903)
	at org.apache.tomcat.util.net.NioEndpoint$SocketProcessor.doRun(NioEndpoint.java:1769)
	at org.apache.tomcat.util.net.SocketProcessorBase.run(SocketProcessorBase.java:52)
	at org.apache.tomcat.util.threads.ThreadPoolExecutor.runWorker(ThreadPoolExecutor.java:1189)
	at org.apache.tomcat.util.threads.ThreadPoolExecutor$Worker.run(ThreadPoolExecutor.java:658)
	at org.apache.tomcat.util.threads.TaskThread$WrappingRunnable.run(TaskThread.java:63)
	at java.base/java.lang.Thread.run(Thread.java:1447)
03:13:59.801 INFO  [SpringApplicationShutdownHook] [CloseEventListener.java-onApplicationEvent-15] CloseEventListener!!
03:13:59.803 INFO  [SpringApplicationShutdownHook] [GracefulShutdown.java-shutDownGracefully-54] Commencing graceful shutdown. Waiting for active requests to complete
03:13:59.807 INFO  [tomcat-shutdown] [GracefulShutdown.java-doShutdown-76] Graceful shutdown complete
03:13:59.823 INFO  [SpringApplicationShutdownHook] [AbstractEntityManagerFactoryBean.java-destroy-660] Closing JPA EntityManagerFactory for persistence unit 'default'
03:13:59.825 INFO  [SpringApplicationShutdownHook] [HikariDataSource.java-close-349] HikariPool-1 - Shutdown initiated...
03:13:59.828 INFO  [SpringApplicationShutdownHook] [HikariDataSource.java-close-351] HikariPool-1 - Shutdown completed.
03:14:05.718 INFO  [background-preinit] [Version.java-<clinit>-21] HV000001: Hibernate Validator 8.0.2.Final
03:14:05.741 INFO  [restartedMain] [StartupInfoLogger.java-logStarting-53] Starting SupportershighUserBackendApplication using Java 24.0.1 with PID 29384 (E:\Development\BackEnd\fillo-user-backend\out\production\classes started by user in E:\Development\BackEnd\fillo-user-backend)
03:14:05.742 INFO  [restartedMain] [SpringApplication.java-logStartupProfileInfo-652] No active profile set, falling back to 1 default profile: "default"
03:14:05.767 INFO  [restartedMain] [DeferredLog.java-logTo-252] Devtools property defaults active! Set 'spring.devtools.add-properties' to 'false' to disable
03:14:05.768 INFO  [restartedMain] [DeferredLog.java-logTo-252] For additional web related logging consider setting the 'logging.level.web' property to 'DEBUG'
03:14:06.213 INFO  [restartedMain] [RepositoryConfigurationDelegate.java-multipleStoresDetected-294] Multiple Spring Data modules found, entering strict repository configuration mode
03:14:06.214 INFO  [restartedMain] [RepositoryConfigurationDelegate.java-registerRepositoriesIn-145] Bootstrapping Spring Data JDBC repositories in DEFAULT mode.
03:14:06.240 INFO  [restartedMain] [RepositoryConfigurationExtensionSupport.java-isStrictRepositoryCandidate-327] Spring Data JDBC - Could not safely identify store assignment for repository candidate interface sh.user.supportershighuserbackend.jwt.repository.JwtTokenRepository; If you want this repository to be a JDBC repository, consider annotating your entities with one of these annotations: org.springframework.data.relational.core.mapping.Table.
03:14:06.293 INFO  [restartedMain] [RepositoryConfigurationExtensionSupport.java-isStrictRepositoryCandidate-327] Spring Data JDBC - Could not safely identify store assignment for repository candidate interface sh.user.supportershighuserbackend.media.repository.MediaRepository; If you want this repository to be a JDBC repository, consider annotating your entities with one of these annotations: org.springframework.data.relational.core.mapping.Table.
03:14:06.307 INFO  [restartedMain] [RepositoryConfigurationDelegate.java-registerRepositoriesIn-213] Finished Spring Data repository scanning in 90 ms. Found 3 JDBC repository interfaces.
03:14:06.314 INFO  [restartedMain] [RepositoryConfigurationDelegate.java-multipleStoresDetected-294] Multiple Spring Data modules found, entering strict repository configuration mode
03:14:06.314 INFO  [restartedMain] [RepositoryConfigurationDelegate.java-registerRepositoriesIn-145] Bootstrapping Spring Data JPA repositories in DEFAULT mode.
03:14:06.330 INFO  [restartedMain] [DefaultListableBeanFactory.java-logBeanDefinitionOverriding-1334] Overriding bean definition for bean 'leagueRepository' with a different definition: replacing [Root bean: class=org.springframework.data.jdbc.repository.support.JdbcRepositoryFactoryBean; scope=; abstract=false; lazyInit=false; autowireMode=0; dependencyCheck=0; autowireCandidate=true; primary=false; fallback=false; factoryBeanName=null; factoryMethodName=null; initMethodNames=null; destroyMethodNames=null; defined in sh.user.supportershighuserbackend.league.repository.LeagueRepository defined in @EnableJdbcRepositories declared on JdbcRepositoriesRegistrar.EnableJdbcRepositoriesConfiguration] with [Root bean: class=org.springframework.data.jpa.repository.support.JpaRepositoryFactoryBean; scope=; abstract=false; lazyInit=false; autowireMode=0; dependencyCheck=0; autowireCandidate=true; primary=false; fallback=false; factoryBeanName=null; factoryMethodName=null; initMethodNames=null; destroyMethodNames=null; defined in sh.user.supportershighuserbackend.league.repository.LeagueRepository defined in @EnableJpaRepositories declared on JpaRepositoriesRegistrar.EnableJpaRepositoriesConfiguration]
03:14:06.330 INFO  [restartedMain] [DefaultListableBeanFactory.java-logBeanDefinitionOverriding-1334] Overriding bean definition for bean 'memberRepository' with a different definition: replacing [Root bean: class=org.springframework.data.jdbc.repository.support.JdbcRepositoryFactoryBean; scope=; abstract=false; lazyInit=false; autowireMode=0; dependencyCheck=0; autowireCandidate=true; primary=false; fallback=false; factoryBeanName=null; factoryMethodName=null; initMethodNames=null; destroyMethodNames=null; defined in sh.user.supportershighuserbackend.member.repository.MemberRepository defined in @EnableJdbcRepositories declared on JdbcRepositoriesRegistrar.EnableJdbcRepositoriesConfiguration] with [Root bean: class=org.springframework.data.jpa.repository.support.JpaRepositoryFactoryBean; scope=; abstract=false; lazyInit=false; autowireMode=0; dependencyCheck=0; autowireCandidate=true; primary=false; fallback=false; factoryBeanName=null; factoryMethodName=null; initMethodNames=null; destroyMethodNames=null; defined in sh.user.supportershighuserbackend.member.repository.MemberRepository defined in @EnableJpaRepositories declared on JpaRepositoriesRegistrar.EnableJpaRepositoriesConfiguration]
03:14:06.331 INFO  [restartedMain] [DefaultListableBeanFactory.java-logBeanDefinitionOverriding-1334] Overriding bean definition for bean 'teamRepository' with a different definition: replacing [Root bean: class=org.springframework.data.jdbc.repository.support.JdbcRepositoryFactoryBean; scope=; abstract=false; lazyInit=false; autowireMode=0; dependencyCheck=0; autowireCandidate=true; primary=false; fallback=false; factoryBeanName=null; factoryMethodName=null; initMethodNames=null; destroyMethodNames=null; defined in sh.user.supportershighuserbackend.team.repository.TeamRepository defined in @EnableJdbcRepositories declared on JdbcRepositoriesRegistrar.EnableJdbcRepositoriesConfiguration] with [Root bean: class=org.springframework.data.jpa.repository.support.JpaRepositoryFactoryBean; scope=; abstract=false; lazyInit=false; autowireMode=0; dependencyCheck=0; autowireCandidate=true; primary=false; fallback=false; factoryBeanName=null; factoryMethodName=null; initMethodNames=null; destroyMethodNames=null; defined in sh.user.supportershighuserbackend.team.repository.TeamRepository defined in @EnableJpaRepositories declared on JpaRepositoriesRegistrar.EnableJpaRepositoriesConfiguration]
03:14:06.331 INFO  [restartedMain] [RepositoryConfigurationDelegate.java-registerRepositoriesIn-213] Finished Spring Data repository scanning in 14 ms. Found 5 JPA repository interfaces.
03:14:06.783 INFO  [restartedMain] [TomcatWebServer.java-initialize-111] Tomcat initialized with port 8093 (http)
03:14:06.790 INFO  [restartedMain] [DirectJDKLog.java-log-168] Initializing ProtocolHandler ["http-nio-8093"]
03:14:06.791 INFO  [restartedMain] [DirectJDKLog.java-log-168] Starting service [Tomcat]
03:14:06.791 INFO  [restartedMain] [DirectJDKLog.java-log-168] Starting Servlet engine: [Apache Tomcat/10.1.43]
03:14:06.823 INFO  [restartedMain] [DirectJDKLog.java-log-168] Initializing Spring embedded WebApplicationContext
03:14:06.823 INFO  [restartedMain] [ServletWebServerApplicationContext.java-prepareWebApplicationContext-301] Root WebApplicationContext: initialization completed in 1055 ms
03:14:06.944 INFO  [restartedMain] [LogHelper.java-logPersistenceUnitInformation-31] HHH000204: Processing PersistenceUnitInfo [name: default]
03:14:06.974 INFO  [restartedMain] [Version.java-logVersion-44] HHH000412: Hibernate ORM core version 6.6.22.Final
03:14:06.995 INFO  [restartedMain] [RegionFactoryInitiator.java-initiateService-50] HHH000026: Second-level cache disabled
03:14:07.197 INFO  [restartedMain] [SpringPersistenceUnitInfo.java-addTransformer-87] No LoadTimeWeaver setup: ignoring JPA class transformer
03:14:07.218 WARN  [restartedMain] [HikariConfig.java-validateNumerics-1109] HikariPool-1 - keepaliveTime is greater than or equal to maxLifetime, disabling it.
03:14:07.218 INFO  [restartedMain] [HikariDataSource.java-getConnection-109] HikariPool-1 - Starting...
03:14:07.430 INFO  [restartedMain] [HikariPool.java-checkFailFast-580] HikariPool-1 - Added connection com.mysql.cj.jdbc.ConnectionImpl@71caa2d8
03:14:07.431 INFO  [restartedMain] [HikariDataSource.java-getConnection-122] HikariPool-1 - Start completed.
03:14:07.469 INFO  [restartedMain] [JdbcEnvironmentInitiator.java-logConnectionInfo-163] HHH10001005: Database info:
	Database JDBC URL [Connecting through datasource 'HikariDataSource (HikariPool-1)']
	Database driver: undefined/unknown
	Database version: 8.0.34
	Autocommit mode: undefined/unknown
	Isolation level: undefined/unknown
	Minimum pool size: undefined/unknown
	Maximum pool size: undefined/unknown
03:14:07.474 DEBUG [restartedMain] [DdlTypeRegistry.java-addDescriptor-64] addDescriptor(12, org.hibernate.type.descriptor.sql.internal.CapacityDependentDdlType@62322d9b) replaced previous registration(org.hibernate.type.descriptor.sql.internal.CapacityDependentDdlType@5f44c25e)
03:14:07.474 DEBUG [restartedMain] [DdlTypeRegistry.java-addDescriptor-64] addDescriptor(-9, org.hibernate.type.descriptor.sql.internal.CapacityDependentDdlType@2dc8c81f) replaced previous registration(org.hibernate.type.descriptor.sql.internal.CapacityDependentDdlType@49141903)
03:14:07.474 DEBUG [restartedMain] [DdlTypeRegistry.java-addDescriptor-64] addDescriptor(-3, org.hibernate.type.descriptor.sql.internal.CapacityDependentDdlType@3ab9bb4f) replaced previous registration(org.hibernate.type.descriptor.sql.internal.CapacityDependentDdlType@4316c874)
03:14:07.474 DEBUG [restartedMain] [DdlTypeRegistry.java-addDescriptor-64] addDescriptor(4003, org.hibernate.type.descriptor.sql.internal.DdlTypeImpl@28757839) replaced previous registration(org.hibernate.type.descriptor.sql.internal.DdlTypeImpl@4140b035)
03:14:07.474 DEBUG [restartedMain] [DdlTypeRegistry.java-addDescriptor-64] addDescriptor(4001, org.hibernate.type.descriptor.sql.internal.DdlTypeImpl@36541891) replaced previous registration(org.hibernate.type.descriptor.sql.internal.DdlTypeImpl@43f42347)
03:14:07.474 DEBUG [restartedMain] [DdlTypeRegistry.java-addDescriptor-64] addDescriptor(4002, org.hibernate.type.descriptor.sql.internal.DdlTypeImpl@40433fb0) replaced previous registration(org.hibernate.type.descriptor.sql.internal.DdlTypeImpl@4c6fe95)
03:14:07.474 DEBUG [restartedMain] [DdlTypeRegistry.java-addDescriptor-64] addDescriptor(2004, org.hibernate.type.descriptor.sql.internal.CapacityDependentDdlType@12c0ee0c) replaced previous registration(org.hibernate.type.descriptor.sql.internal.DdlTypeImpl@704c1908)
03:14:07.474 DEBUG [restartedMain] [DdlTypeRegistry.java-addDescriptor-64] addDescriptor(2005, org.hibernate.type.descriptor.sql.internal.CapacityDependentDdlType@292b160e) replaced previous registration(org.hibernate.type.descriptor.sql.internal.DdlTypeImpl@1aaa67e8)
03:14:07.474 DEBUG [restartedMain] [DdlTypeRegistry.java-addDescriptor-64] addDescriptor(2011, org.hibernate.type.descriptor.sql.internal.CapacityDependentDdlType@f0f5a3f) replaced previous registration(org.hibernate.type.descriptor.sql.internal.DdlTypeImpl@1f9b868f)
03:14:08.006 INFO  [restartedMain] [JtaPlatformInitiator.java-initiateService-59] HHH000489: No JTA platform available (set 'hibernate.transaction.jta.platform' to enable JTA platform integration)
03:14:08.184 INFO  [restartedMain] [AbstractEntityManagerFactoryBean.java-buildNativeEntityManagerFactory-447] Initialized JPA EntityManagerFactory for persistence unit 'default'
03:14:08.481 WARN  [restartedMain] [JpaBaseConfiguration.java-openEntityManagerInViewInterceptor-258] spring.jpa.open-in-view is enabled by default. Therefore, database queries may be performed during view rendering. Explicitly configure spring.jpa.open-in-view to disable this warning
03:14:08.619 INFO  [restartedMain] [InitializeUserDetailsBeanManagerConfigurer.java-configure-110] Global AuthenticationManager configured with UserDetailsService bean with name userDetailsServiceImpl
03:14:08.650 INFO  [restartedMain] [SecurityConfig.java-securityFilterChain-38] [ LOCAL ] Security Active
03:14:08.685 WARN  [restartedMain] [CglibAopProxy.java-doValidateClass-296] Unable to proxy interface-implementing method [public final void org.springframework.web.filter.GenericFilterBean.init(jakarta.servlet.FilterConfig) throws jakarta.servlet.ServletException] because it is marked as final, consider using interface-based JDK proxies instead.
03:14:08.694 WARN  [restartedMain] [CglibAopProxy.java-doValidateClass-296] Unable to proxy interface-implementing method [public final void org.springframework.web.filter.GenericFilterBean.init(jakarta.servlet.FilterConfig) throws jakarta.servlet.ServletException] because it is marked as final, consider using interface-based JDK proxies instead.
03:14:08.699 WARN  [restartedMain] [CglibAopProxy.java-doValidateClass-296] Unable to proxy interface-implementing method [public final void org.springframework.web.filter.GenericFilterBean.init(jakarta.servlet.FilterConfig) throws jakarta.servlet.ServletException] because it is marked as final, consider using interface-based JDK proxies instead.
03:14:08.912 INFO  [restartedMain] [OptionalLiveReloadServer.java-startServer-59] LiveReload server is running on port 35729
03:14:09.059 INFO  [restartedMain] [DirectJDKLog.java-log-168] Starting ProtocolHandler ["http-nio-8093"]
03:14:09.071 INFO  [restartedMain] [TomcatWebServer.java-start-243] Tomcat started on port 8093 (http) with context path '/'
03:14:09.075 INFO  [restartedMain] [StartupInfoLogger.java-logStarted-59] Started SupportershighUserBackendApplication in 3.631 seconds (process running for 4.073)
03:14:09.077 INFO  [restartedMain] [StartEventListener.java-onApplicationEvent-17] ApplicationReadyEvent: batch.issueCoupon=OFF
03:14:17.320 INFO  [http-nio-8093-exec-1] [DirectJDKLog.java-log-168] Initializing Spring DispatcherServlet 'dispatcherServlet'
03:14:17.320 INFO  [http-nio-8093-exec-1] [FrameworkServlet.java-initServletBean-532] Initializing Servlet 'dispatcherServlet'
03:14:17.320 INFO  [http-nio-8093-exec-1] [FrameworkServlet.java-initServletBean-554] Completed initialization in 0 ms
03:14:17.350 INFO  [http-nio-8093-exec-2] [JwtTokenProvider.java-validateToken-134] validateToken 함수 진입 : 토큰 Provider 에서 검증할 토큰을 가지고 왔는지 확인
03:14:17.350 INFO  [http-nio-8093-exec-2] [JwtTokenProvider.java-validateToken-137] Checking JWT Token
03:14:17.383 INFO  [http-nio-8093-exec-2] [JwtTokenProvider.java-validateToken-144] Expired JWT Token
io.jsonwebtoken.ExpiredJwtException: JWT expired at 2025-09-22T16:23:56Z. Current time: 2025-10-08T18:14:17Z, a difference of 1389021382 milliseconds.  Allowed clock skew: 0 milliseconds.
	at io.jsonwebtoken.impl.DefaultJwtParser.parse(DefaultJwtParser.java:427)
	at io.jsonwebtoken.impl.DefaultJwtParser.parse(DefaultJwtParser.java:529)
	at io.jsonwebtoken.impl.DefaultJwtParser.parseClaimsJws(DefaultJwtParser.java:589)
	at io.jsonwebtoken.impl.ImmutableJwtParser.parseClaimsJws(ImmutableJwtParser.java:173)
	at sh.user.supportershighuserbackend.jwt.service.JwtTokenProvider.validateToken(JwtTokenProvider.java:138)
	at sh.user.supportershighuserbackend.jwt.service.JwtAuthenticationFilter.doFilter(JwtAuthenticationFilter.java:28)
	at org.springframework.security.web.FilterChainProxy$VirtualFilterChain.doFilter(FilterChainProxy.java:374)
	at org.springframework.security.web.authentication.logout.LogoutFilter.doFilter(LogoutFilter.java:107)
	at org.springframework.security.web.authentication.logout.LogoutFilter.doFilter(LogoutFilter.java:93)
	at org.springframework.security.web.FilterChainProxy$VirtualFilterChain.doFilter(FilterChainProxy.java:374)
	at org.springframework.web.filter.CorsFilter.doFilterInternal(CorsFilter.java:91)
	at org.springframework.web.filter.OncePerRequestFilter.doFilter(OncePerRequestFilter.java:116)
	at org.springframework.security.web.FilterChainProxy$VirtualFilterChain.doFilter(FilterChainProxy.java:374)
	at org.springframework.security.web.header.HeaderWriterFilter.doHeadersAfter(HeaderWriterFilter.java:90)
	at org.springframework.security.web.header.HeaderWriterFilter.doFilterInternal(HeaderWriterFilter.java:75)
	at org.springframework.web.filter.OncePerRequestFilter.doFilter(OncePerRequestFilter.java:116)
	at org.springframework.security.web.FilterChainProxy$VirtualFilterChain.doFilter(FilterChainProxy.java:374)
	at org.springframework.security.web.context.SecurityContextHolderFilter.doFilter(SecurityContextHolderFilter.java:82)
	at org.springframework.security.web.context.SecurityContextHolderFilter.doFilter(SecurityContextHolderFilter.java:69)
	at org.springframework.security.web.FilterChainProxy$VirtualFilterChain.doFilter(FilterChainProxy.java:374)
	at org.springframework.security.web.context.request.async.WebAsyncManagerIntegrationFilter.doFilterInternal(WebAsyncManagerIntegrationFilter.java:62)
	at org.springframework.web.filter.OncePerRequestFilter.doFilter(OncePerRequestFilter.java:116)
	at org.springframework.security.web.FilterChainProxy$VirtualFilterChain.doFilter(FilterChainProxy.java:374)
	at org.springframework.security.web.session.DisableEncodeUrlFilter.doFilterInternal(DisableEncodeUrlFilter.java:42)
	at org.springframework.web.filter.OncePerRequestFilter.doFilter(OncePerRequestFilter.java:116)
	at org.springframework.security.web.FilterChainProxy$VirtualFilterChain.doFilter(FilterChainProxy.java:374)
	at org.springframework.security.web.FilterChainProxy.doFilterInternal(FilterChainProxy.java:233)
	at org.springframework.security.web.FilterChainProxy.doFilter(FilterChainProxy.java:191)
	at java.base/jdk.internal.reflect.DirectMethodHandleAccessor.invoke(DirectMethodHandleAccessor.java:104)
	at java.base/java.lang.reflect.Method.invoke(Method.java:565)
	at org.springframework.aop.support.AopUtils.invokeJoinpointUsingReflection(AopUtils.java:360)
	at org.springframework.aop.framework.ReflectiveMethodInvocation.invokeJoinpoint(ReflectiveMethodInvocation.java:196)
	at org.springframework.aop.framework.ReflectiveMethodInvocation.proceed(ReflectiveMethodInvocation.java:163)
	at org.springframework.aop.aspectj.MethodInvocationProceedingJoinPoint.proceed(MethodInvocationProceedingJoinPoint.java:89)
	at sh.user.supportershighuserbackend.configuration.AopConfig.handleRequestRejectedException(AopConfig.java:19)
	at java.base/jdk.internal.reflect.DirectMethodHandleAccessor.invoke(DirectMethodHandleAccessor.java:104)
	at java.base/java.lang.reflect.Method.invoke(Method.java:565)
	at org.springframework.aop.aspectj.AbstractAspectJAdvice.invokeAdviceMethodWithGivenArgs(AbstractAspectJAdvice.java:649)
	at org.springframework.aop.aspectj.AbstractAspectJAdvice.invokeAdviceMethod(AbstractAspectJAdvice.java:631)
	at org.springframework.aop.aspectj.AspectJAroundAdvice.invoke(AspectJAroundAdvice.java:71)
	at org.springframework.aop.framework.ReflectiveMethodInvocation.proceed(ReflectiveMethodInvocation.java:184)
	at org.springframework.aop.interceptor.ExposeInvocationInterceptor.invoke(ExposeInvocationInterceptor.java:97)
	at org.springframework.aop.framework.ReflectiveMethodInvocation.proceed(ReflectiveMethodInvocation.java:184)
	at org.springframework.aop.framework.CglibAopProxy$DynamicAdvisedInterceptor.intercept(CglibAopProxy.java:728)
	at org.springframework.security.web.FilterChainProxy$$SpringCGLIB$$0.doFilter(<generated>)
	at org.springframework.web.filter.CompositeFilter$VirtualFilterChain.doFilter(CompositeFilter.java:113)
	at org.springframework.web.filter.ServletRequestPathFilter.doFilter(ServletRequestPathFilter.java:52)
	at org.springframework.web.filter.CompositeFilter$VirtualFilterChain.doFilter(CompositeFilter.java:113)
	at org.springframework.web.filter.CompositeFilter.doFilter(CompositeFilter.java:74)
	at org.springframework.security.config.annotation.web.configuration.WebSecurityConfiguration$CompositeFilterChainProxy.doFilter(WebSecurityConfiguration.java:319)
	at java.base/jdk.internal.reflect.DirectMethodHandleAccessor.invoke(DirectMethodHandleAccessor.java:104)
	at java.base/java.lang.reflect.Method.invoke(Method.java:565)
	at org.springframework.aop.support.AopUtils.invokeJoinpointUsingReflection(AopUtils.java:360)
	at org.springframework.aop.framework.ReflectiveMethodInvocation.invokeJoinpoint(ReflectiveMethodInvocation.java:196)
	at org.springframework.aop.framework.ReflectiveMethodInvocation.proceed(ReflectiveMethodInvocation.java:163)
	at org.springframework.aop.aspectj.MethodInvocationProceedingJoinPoint.proceed(MethodInvocationProceedingJoinPoint.java:89)
	at sh.user.supportershighuserbackend.configuration.AopConfig.handleRequestRejectedException(AopConfig.java:19)
	at java.base/jdk.internal.reflect.DirectMethodHandleAccessor.invoke(DirectMethodHandleAccessor.java:104)
	at java.base/java.lang.reflect.Method.invoke(Method.java:565)
	at org.springframework.aop.aspectj.AbstractAspectJAdvice.invokeAdviceMethodWithGivenArgs(AbstractAspectJAdvice.java:649)
	at org.springframework.aop.aspectj.AbstractAspectJAdvice.invokeAdviceMethod(AbstractAspectJAdvice.java:631)
	at org.springframework.aop.aspectj.AspectJAroundAdvice.invoke(AspectJAroundAdvice.java:71)
	at org.springframework.aop.framework.ReflectiveMethodInvocation.proceed(ReflectiveMethodInvocation.java:184)
	at org.springframework.aop.interceptor.ExposeInvocationInterceptor.invoke(ExposeInvocationInterceptor.java:97)
	at org.springframework.aop.framework.ReflectiveMethodInvocation.proceed(ReflectiveMethodInvocation.java:184)
	at org.springframework.aop.framework.CglibAopProxy$DynamicAdvisedInterceptor.intercept(CglibAopProxy.java:728)
	at org.springframework.security.config.annotation.web.configuration.WebSecurityConfiguration$CompositeFilterChainProxy$$SpringCGLIB$$0.doFilter(<generated>)
	at org.springframework.web.filter.CompositeFilter$VirtualFilterChain.doFilter(CompositeFilter.java:113)
	at org.springframework.web.servlet.handler.HandlerMappingIntrospector.lambda$createCacheFilter$4(HandlerMappingIntrospector.java:267)
	at org.springframework.web.filter.CompositeFilter$VirtualFilterChain.doFilter(CompositeFilter.java:113)
	at org.springframework.web.filter.CompositeFilter.doFilter(CompositeFilter.java:74)
	at org.springframework.security.config.annotation.web.configuration.WebMvcSecurityConfiguration$CompositeFilterChainProxy.doFilter(WebMvcSecurityConfiguration.java:240)
	at java.base/jdk.internal.reflect.DirectMethodHandleAccessor.invoke(DirectMethodHandleAccessor.java:104)
	at java.base/java.lang.reflect.Method.invoke(Method.java:565)
	at org.springframework.aop.support.AopUtils.invokeJoinpointUsingReflection(AopUtils.java:360)
	at org.springframework.aop.framework.ReflectiveMethodInvocation.invokeJoinpoint(ReflectiveMethodInvocation.java:196)
	at org.springframework.aop.framework.ReflectiveMethodInvocation.proceed(ReflectiveMethodInvocation.java:163)
	at org.springframework.aop.aspectj.MethodInvocationProceedingJoinPoint.proceed(MethodInvocationProceedingJoinPoint.java:89)
	at sh.user.supportershighuserbackend.configuration.AopConfig.handleRequestRejectedException(AopConfig.java:19)
	at java.base/jdk.internal.reflect.DirectMethodHandleAccessor.invoke(DirectMethodHandleAccessor.java:104)
	at java.base/java.lang.reflect.Method.invoke(Method.java:565)
	at org.springframework.aop.aspectj.AbstractAspectJAdvice.invokeAdviceMethodWithGivenArgs(AbstractAspectJAdvice.java:649)
	at org.springframework.aop.aspectj.AbstractAspectJAdvice.invokeAdviceMethod(AbstractAspectJAdvice.java:631)
	at org.springframework.aop.aspectj.AspectJAroundAdvice.invoke(AspectJAroundAdvice.java:71)
	at org.springframework.aop.framework.ReflectiveMethodInvocation.proceed(ReflectiveMethodInvocation.java:184)
	at org.springframework.aop.interceptor.ExposeInvocationInterceptor.invoke(ExposeInvocationInterceptor.java:97)
	at org.springframework.aop.framework.ReflectiveMethodInvocation.proceed(ReflectiveMethodInvocation.java:184)
	at org.springframework.aop.framework.CglibAopProxy$DynamicAdvisedInterceptor.intercept(CglibAopProxy.java:728)
	at org.springframework.security.config.annotation.web.configuration.WebMvcSecurityConfiguration$CompositeFilterChainProxy$$SpringCGLIB$$0.doFilter(<generated>)
	at org.springframework.web.filter.DelegatingFilterProxy.invokeDelegate(DelegatingFilterProxy.java:362)
	at org.springframework.web.filter.DelegatingFilterProxy.doFilter(DelegatingFilterProxy.java:278)
	at org.apache.catalina.core.ApplicationFilterChain.internalDoFilter(ApplicationFilterChain.java:164)
	at org.apache.catalina.core.ApplicationFilterChain.doFilter(ApplicationFilterChain.java:140)
	at org.springframework.web.filter.RequestContextFilter.doFilterInternal(RequestContextFilter.java:100)
	at org.springframework.web.filter.OncePerRequestFilter.doFilter(OncePerRequestFilter.java:116)
	at org.apache.catalina.core.ApplicationFilterChain.internalDoFilter(ApplicationFilterChain.java:164)
	at org.apache.catalina.core.ApplicationFilterChain.doFilter(ApplicationFilterChain.java:140)
	at org.springframework.web.filter.FormContentFilter.doFilterInternal(FormContentFilter.java:93)
	at org.springframework.web.filter.OncePerRequestFilter.doFilter(OncePerRequestFilter.java:116)
	at org.apache.catalina.core.ApplicationFilterChain.internalDoFilter(ApplicationFilterChain.java:164)
	at org.apache.catalina.core.ApplicationFilterChain.doFilter(ApplicationFilterChain.java:140)
	at org.springframework.web.filter.CharacterEncodingFilter.doFilterInternal(CharacterEncodingFilter.java:201)
	at org.springframework.web.filter.OncePerRequestFilter.doFilter(OncePerRequestFilter.java:116)
	at org.apache.catalina.core.ApplicationFilterChain.internalDoFilter(ApplicationFilterChain.java:164)
	at org.apache.catalina.core.ApplicationFilterChain.doFilter(ApplicationFilterChain.java:140)
	at org.apache.catalina.core.StandardWrapperValve.invoke(StandardWrapperValve.java:167)
	at org.apache.catalina.core.StandardContextValve.invoke(StandardContextValve.java:90)
	at org.apache.catalina.authenticator.AuthenticatorBase.invoke(AuthenticatorBase.java:483)
	at org.apache.catalina.core.StandardHostValve.invoke(StandardHostValve.java:116)
	at org.apache.catalina.valves.ErrorReportValve.invoke(ErrorReportValve.java:93)
	at org.apache.catalina.core.StandardEngineValve.invoke(StandardEngineValve.java:74)
	at org.apache.catalina.connector.CoyoteAdapter.service(CoyoteAdapter.java:344)
	at org.apache.coyote.http11.Http11Processor.service(Http11Processor.java:398)
	at org.apache.coyote.AbstractProcessorLight.process(AbstractProcessorLight.java:63)
	at org.apache.coyote.AbstractProtocol$ConnectionHandler.process(AbstractProtocol.java:903)
	at org.apache.tomcat.util.net.NioEndpoint$SocketProcessor.doRun(NioEndpoint.java:1769)
	at org.apache.tomcat.util.net.SocketProcessorBase.run(SocketProcessorBase.java:52)
	at org.apache.tomcat.util.threads.ThreadPoolExecutor.runWorker(ThreadPoolExecutor.java:1189)
	at org.apache.tomcat.util.threads.ThreadPoolExecutor$Worker.run(ThreadPoolExecutor.java:658)
	at org.apache.tomcat.util.threads.TaskThread$WrappingRunnable.run(TaskThread.java:63)
	at java.base/java.lang.Thread.run(Thread.java:1447)
03:14:17.420 WARN  [http-nio-8093-exec-2] [AbstractHandlerExceptionResolver.java-logException-254] Resolved [org.springframework.web.HttpMediaTypeNotSupportedException: Content-Type 'multipart/form-data;boundary=----WebKitFormBoundaryJHG1iiJxui0Y4wKU;charset=UTF-8' is not supported]
03:14:17.426 INFO  [http-nio-8093-exec-2] [JwtTokenProvider.java-validateToken-134] validateToken 함수 진입 : 토큰 Provider 에서 검증할 토큰을 가지고 왔는지 확인
03:14:17.426 INFO  [http-nio-8093-exec-2] [JwtTokenProvider.java-validateToken-137] Checking JWT Token
03:14:17.427 INFO  [http-nio-8093-exec-2] [JwtTokenProvider.java-validateToken-144] Expired JWT Token
io.jsonwebtoken.ExpiredJwtException: JWT expired at 2025-09-22T16:23:56Z. Current time: 2025-10-08T18:14:17Z, a difference of 1389021427 milliseconds.  Allowed clock skew: 0 milliseconds.
	at io.jsonwebtoken.impl.DefaultJwtParser.parse(DefaultJwtParser.java:427)
	at io.jsonwebtoken.impl.DefaultJwtParser.parse(DefaultJwtParser.java:529)
	at io.jsonwebtoken.impl.DefaultJwtParser.parseClaimsJws(DefaultJwtParser.java:589)
	at io.jsonwebtoken.impl.ImmutableJwtParser.parseClaimsJws(ImmutableJwtParser.java:173)
	at sh.user.supportershighuserbackend.jwt.service.JwtTokenProvider.validateToken(JwtTokenProvider.java:138)
	at sh.user.supportershighuserbackend.jwt.service.JwtAuthenticationFilter.doFilter(JwtAuthenticationFilter.java:28)
	at org.springframework.security.web.FilterChainProxy$VirtualFilterChain.doFilter(FilterChainProxy.java:374)
	at org.springframework.security.web.authentication.logout.LogoutFilter.doFilter(LogoutFilter.java:107)
	at org.springframework.security.web.authentication.logout.LogoutFilter.doFilter(LogoutFilter.java:93)
	at org.springframework.security.web.FilterChainProxy$VirtualFilterChain.doFilter(FilterChainProxy.java:374)
	at org.springframework.web.filter.OncePerRequestFilter.doFilter(OncePerRequestFilter.java:101)
	at org.springframework.security.web.FilterChainProxy$VirtualFilterChain.doFilter(FilterChainProxy.java:374)
	at org.springframework.web.filter.OncePerRequestFilter.doFilter(OncePerRequestFilter.java:101)
	at org.springframework.security.web.FilterChainProxy$VirtualFilterChain.doFilter(FilterChainProxy.java:374)
	at org.springframework.security.web.context.SecurityContextHolderFilter.doFilter(SecurityContextHolderFilter.java:82)
	at org.springframework.security.web.context.SecurityContextHolderFilter.doFilter(SecurityContextHolderFilter.java:69)
	at org.springframework.security.web.FilterChainProxy$VirtualFilterChain.doFilter(FilterChainProxy.java:374)
	at org.springframework.web.filter.OncePerRequestFilter.doFilter(OncePerRequestFilter.java:101)
	at org.springframework.security.web.FilterChainProxy$VirtualFilterChain.doFilter(FilterChainProxy.java:374)
	at org.springframework.web.filter.OncePerRequestFilter.doFilter(OncePerRequestFilter.java:101)
	at org.springframework.security.web.FilterChainProxy$VirtualFilterChain.doFilter(FilterChainProxy.java:374)
	at org.springframework.security.web.FilterChainProxy.doFilterInternal(FilterChainProxy.java:233)
	at org.springframework.security.web.FilterChainProxy.doFilter(FilterChainProxy.java:191)
	at java.base/jdk.internal.reflect.DirectMethodHandleAccessor.invoke(DirectMethodHandleAccessor.java:104)
	at java.base/java.lang.reflect.Method.invoke(Method.java:565)
	at org.springframework.aop.support.AopUtils.invokeJoinpointUsingReflection(AopUtils.java:360)
	at org.springframework.aop.framework.ReflectiveMethodInvocation.invokeJoinpoint(ReflectiveMethodInvocation.java:196)
	at org.springframework.aop.framework.ReflectiveMethodInvocation.proceed(ReflectiveMethodInvocation.java:163)
	at org.springframework.aop.aspectj.MethodInvocationProceedingJoinPoint.proceed(MethodInvocationProceedingJoinPoint.java:89)
	at sh.user.supportershighuserbackend.configuration.AopConfig.handleRequestRejectedException(AopConfig.java:19)
	at java.base/jdk.internal.reflect.DirectMethodHandleAccessor.invoke(DirectMethodHandleAccessor.java:104)
	at java.base/java.lang.reflect.Method.invoke(Method.java:565)
	at org.springframework.aop.aspectj.AbstractAspectJAdvice.invokeAdviceMethodWithGivenArgs(AbstractAspectJAdvice.java:649)
	at org.springframework.aop.aspectj.AbstractAspectJAdvice.invokeAdviceMethod(AbstractAspectJAdvice.java:631)
	at org.springframework.aop.aspectj.AspectJAroundAdvice.invoke(AspectJAroundAdvice.java:71)
	at org.springframework.aop.framework.ReflectiveMethodInvocation.proceed(ReflectiveMethodInvocation.java:184)
	at org.springframework.aop.interceptor.ExposeInvocationInterceptor.invoke(ExposeInvocationInterceptor.java:97)
	at org.springframework.aop.framework.ReflectiveMethodInvocation.proceed(ReflectiveMethodInvocation.java:184)
	at org.springframework.aop.framework.CglibAopProxy$DynamicAdvisedInterceptor.intercept(CglibAopProxy.java:728)
	at org.springframework.security.web.FilterChainProxy$$SpringCGLIB$$0.doFilter(<generated>)
	at org.springframework.web.filter.CompositeFilter$VirtualFilterChain.doFilter(CompositeFilter.java:113)
	at org.springframework.web.filter.ServletRequestPathFilter.doFilter(ServletRequestPathFilter.java:52)
	at org.springframework.web.filter.CompositeFilter$VirtualFilterChain.doFilter(CompositeFilter.java:113)
	at org.springframework.web.filter.CompositeFilter.doFilter(CompositeFilter.java:74)
	at org.springframework.security.config.annotation.web.configuration.WebSecurityConfiguration$CompositeFilterChainProxy.doFilter(WebSecurityConfiguration.java:319)
	at java.base/jdk.internal.reflect.DirectMethodHandleAccessor.invoke(DirectMethodHandleAccessor.java:104)
	at java.base/java.lang.reflect.Method.invoke(Method.java:565)
	at org.springframework.aop.support.AopUtils.invokeJoinpointUsingReflection(AopUtils.java:360)
	at org.springframework.aop.framework.ReflectiveMethodInvocation.invokeJoinpoint(ReflectiveMethodInvocation.java:196)
	at org.springframework.aop.framework.ReflectiveMethodInvocation.proceed(ReflectiveMethodInvocation.java:163)
	at org.springframework.aop.aspectj.MethodInvocationProceedingJoinPoint.proceed(MethodInvocationProceedingJoinPoint.java:89)
	at sh.user.supportershighuserbackend.configuration.AopConfig.handleRequestRejectedException(AopConfig.java:19)
	at java.base/jdk.internal.reflect.DirectMethodHandleAccessor.invoke(DirectMethodHandleAccessor.java:104)
	at java.base/java.lang.reflect.Method.invoke(Method.java:565)
	at org.springframework.aop.aspectj.AbstractAspectJAdvice.invokeAdviceMethodWithGivenArgs(AbstractAspectJAdvice.java:649)
	at org.springframework.aop.aspectj.AbstractAspectJAdvice.invokeAdviceMethod(AbstractAspectJAdvice.java:631)
	at org.springframework.aop.aspectj.AspectJAroundAdvice.invoke(AspectJAroundAdvice.java:71)
	at org.springframework.aop.framework.ReflectiveMethodInvocation.proceed(ReflectiveMethodInvocation.java:184)
	at org.springframework.aop.interceptor.ExposeInvocationInterceptor.invoke(ExposeInvocationInterceptor.java:97)
	at org.springframework.aop.framework.ReflectiveMethodInvocation.proceed(ReflectiveMethodInvocation.java:184)
	at org.springframework.aop.framework.CglibAopProxy$DynamicAdvisedInterceptor.intercept(CglibAopProxy.java:728)
	at org.springframework.security.config.annotation.web.configuration.WebSecurityConfiguration$CompositeFilterChainProxy$$SpringCGLIB$$0.doFilter(<generated>)
	at org.springframework.web.filter.CompositeFilter$VirtualFilterChain.doFilter(CompositeFilter.java:113)
	at org.springframework.web.servlet.handler.HandlerMappingIntrospector.lambda$createCacheFilter$4(HandlerMappingIntrospector.java:267)
	at org.springframework.web.filter.CompositeFilter$VirtualFilterChain.doFilter(CompositeFilter.java:113)
	at org.springframework.web.filter.CompositeFilter.doFilter(CompositeFilter.java:74)
	at org.springframework.security.config.annotation.web.configuration.WebMvcSecurityConfiguration$CompositeFilterChainProxy.doFilter(WebMvcSecurityConfiguration.java:240)
	at java.base/jdk.internal.reflect.DirectMethodHandleAccessor.invoke(DirectMethodHandleAccessor.java:104)
	at java.base/java.lang.reflect.Method.invoke(Method.java:565)
	at org.springframework.aop.support.AopUtils.invokeJoinpointUsingReflection(AopUtils.java:360)
	at org.springframework.aop.framework.ReflectiveMethodInvocation.invokeJoinpoint(ReflectiveMethodInvocation.java:196)
	at org.springframework.aop.framework.ReflectiveMethodInvocation.proceed(ReflectiveMethodInvocation.java:163)
	at org.springframework.aop.aspectj.MethodInvocationProceedingJoinPoint.proceed(MethodInvocationProceedingJoinPoint.java:89)
	at sh.user.supportershighuserbackend.configuration.AopConfig.handleRequestRejectedException(AopConfig.java:19)
	at java.base/jdk.internal.reflect.DirectMethodHandleAccessor.invoke(DirectMethodHandleAccessor.java:104)
	at java.base/java.lang.reflect.Method.invoke(Method.java:565)
	at org.springframework.aop.aspectj.AbstractAspectJAdvice.invokeAdviceMethodWithGivenArgs(AbstractAspectJAdvice.java:649)
	at org.springframework.aop.aspectj.AbstractAspectJAdvice.invokeAdviceMethod(AbstractAspectJAdvice.java:631)
	at org.springframework.aop.aspectj.AspectJAroundAdvice.invoke(AspectJAroundAdvice.java:71)
	at org.springframework.aop.framework.ReflectiveMethodInvocation.proceed(ReflectiveMethodInvocation.java:184)
	at org.springframework.aop.interceptor.ExposeInvocationInterceptor.invoke(ExposeInvocationInterceptor.java:97)
	at org.springframework.aop.framework.ReflectiveMethodInvocation.proceed(ReflectiveMethodInvocation.java:184)
	at org.springframework.aop.framework.CglibAopProxy$DynamicAdvisedInterceptor.intercept(CglibAopProxy.java:728)
	at org.springframework.security.config.annotation.web.configuration.WebMvcSecurityConfiguration$CompositeFilterChainProxy$$SpringCGLIB$$0.doFilter(<generated>)
	at org.springframework.web.filter.DelegatingFilterProxy.invokeDelegate(DelegatingFilterProxy.java:362)
	at org.springframework.web.filter.DelegatingFilterProxy.doFilter(DelegatingFilterProxy.java:278)
	at org.apache.catalina.core.ApplicationFilterChain.internalDoFilter(ApplicationFilterChain.java:164)
	at org.apache.catalina.core.ApplicationFilterChain.doFilter(ApplicationFilterChain.java:140)
	at org.springframework.web.filter.RequestContextFilter.doFilterInternal(RequestContextFilter.java:100)
	at org.springframework.web.filter.OncePerRequestFilter.doFilter(OncePerRequestFilter.java:116)
	at org.apache.catalina.core.ApplicationFilterChain.internalDoFilter(ApplicationFilterChain.java:164)
	at org.apache.catalina.core.ApplicationFilterChain.doFilter(ApplicationFilterChain.java:140)
	at org.springframework.web.filter.OncePerRequestFilter.doFilter(OncePerRequestFilter.java:101)
	at org.apache.catalina.core.ApplicationFilterChain.internalDoFilter(ApplicationFilterChain.java:164)
	at org.apache.catalina.core.ApplicationFilterChain.doFilter(ApplicationFilterChain.java:140)
	at org.springframework.web.filter.OncePerRequestFilter.doFilter(OncePerRequestFilter.java:101)
	at org.apache.catalina.core.ApplicationFilterChain.internalDoFilter(ApplicationFilterChain.java:164)
	at org.apache.catalina.core.ApplicationFilterChain.doFilter(ApplicationFilterChain.java:140)
	at org.apache.catalina.core.ApplicationDispatcher.invoke(ApplicationDispatcher.java:612)
	at org.apache.catalina.core.ApplicationDispatcher.processRequest(ApplicationDispatcher.java:396)
	at org.apache.catalina.core.ApplicationDispatcher.doForward(ApplicationDispatcher.java:323)
	at org.apache.catalina.core.ApplicationDispatcher.forward(ApplicationDispatcher.java:268)
	at org.apache.catalina.core.StandardHostValve.custom(StandardHostValve.java:377)
	at org.apache.catalina.core.StandardHostValve.status(StandardHostValve.java:209)
	at org.apache.catalina.core.StandardHostValve.invoke(StandardHostValve.java:152)
	at org.apache.catalina.valves.ErrorReportValve.invoke(ErrorReportValve.java:93)
	at org.apache.catalina.core.StandardEngineValve.invoke(StandardEngineValve.java:74)
	at org.apache.catalina.connector.CoyoteAdapter.service(CoyoteAdapter.java:344)
	at org.apache.coyote.http11.Http11Processor.service(Http11Processor.java:398)
	at org.apache.coyote.AbstractProcessorLight.process(AbstractProcessorLight.java:63)
	at org.apache.coyote.AbstractProtocol$ConnectionHandler.process(AbstractProtocol.java:903)
	at org.apache.tomcat.util.net.NioEndpoint$SocketProcessor.doRun(NioEndpoint.java:1769)
	at org.apache.tomcat.util.net.SocketProcessorBase.run(SocketProcessorBase.java:52)
	at org.apache.tomcat.util.threads.ThreadPoolExecutor.runWorker(ThreadPoolExecutor.java:1189)
	at org.apache.tomcat.util.threads.ThreadPoolExecutor$Worker.run(ThreadPoolExecutor.java:658)
	at org.apache.tomcat.util.threads.TaskThread$WrappingRunnable.run(TaskThread.java:63)
	at java.base/java.lang.Thread.run(Thread.java:1447)
03:15:12.628 INFO  [http-nio-8093-exec-4] [JwtTokenProvider.java-validateToken-134] validateToken 함수 진입 : 토큰 Provider 에서 검증할 토큰을 가지고 왔는지 확인
03:15:12.629 INFO  [http-nio-8093-exec-4] [JwtTokenProvider.java-validateToken-137] Checking JWT Token
03:15:12.630 INFO  [http-nio-8093-exec-4] [JwtTokenProvider.java-validateToken-144] Expired JWT Token
io.jsonwebtoken.ExpiredJwtException: JWT expired at 2025-09-22T16:23:56Z. Current time: 2025-10-08T18:15:12Z, a difference of 1389076630 milliseconds.  Allowed clock skew: 0 milliseconds.
	at io.jsonwebtoken.impl.DefaultJwtParser.parse(DefaultJwtParser.java:427)
	at io.jsonwebtoken.impl.DefaultJwtParser.parse(DefaultJwtParser.java:529)
	at io.jsonwebtoken.impl.DefaultJwtParser.parseClaimsJws(DefaultJwtParser.java:589)
	at io.jsonwebtoken.impl.ImmutableJwtParser.parseClaimsJws(ImmutableJwtParser.java:173)
	at sh.user.supportershighuserbackend.jwt.service.JwtTokenProvider.validateToken(JwtTokenProvider.java:138)
	at sh.user.supportershighuserbackend.jwt.service.JwtAuthenticationFilter.doFilter(JwtAuthenticationFilter.java:28)
	at org.springframework.security.web.FilterChainProxy$VirtualFilterChain.doFilter(FilterChainProxy.java:374)
	at org.springframework.security.web.authentication.logout.LogoutFilter.doFilter(LogoutFilter.java:107)
	at org.springframework.security.web.authentication.logout.LogoutFilter.doFilter(LogoutFilter.java:93)
	at org.springframework.security.web.FilterChainProxy$VirtualFilterChain.doFilter(FilterChainProxy.java:374)
	at org.springframework.web.filter.CorsFilter.doFilterInternal(CorsFilter.java:91)
	at org.springframework.web.filter.OncePerRequestFilter.doFilter(OncePerRequestFilter.java:116)
	at org.springframework.security.web.FilterChainProxy$VirtualFilterChain.doFilter(FilterChainProxy.java:374)
	at org.springframework.security.web.header.HeaderWriterFilter.doHeadersAfter(HeaderWriterFilter.java:90)
	at org.springframework.security.web.header.HeaderWriterFilter.doFilterInternal(HeaderWriterFilter.java:75)
	at org.springframework.web.filter.OncePerRequestFilter.doFilter(OncePerRequestFilter.java:116)
	at org.springframework.security.web.FilterChainProxy$VirtualFilterChain.doFilter(FilterChainProxy.java:374)
	at org.springframework.security.web.context.SecurityContextHolderFilter.doFilter(SecurityContextHolderFilter.java:82)
	at org.springframework.security.web.context.SecurityContextHolderFilter.doFilter(SecurityContextHolderFilter.java:69)
	at org.springframework.security.web.FilterChainProxy$VirtualFilterChain.doFilter(FilterChainProxy.java:374)
	at org.springframework.security.web.context.request.async.WebAsyncManagerIntegrationFilter.doFilterInternal(WebAsyncManagerIntegrationFilter.java:62)
	at org.springframework.web.filter.OncePerRequestFilter.doFilter(OncePerRequestFilter.java:116)
	at org.springframework.security.web.FilterChainProxy$VirtualFilterChain.doFilter(FilterChainProxy.java:374)
	at org.springframework.security.web.session.DisableEncodeUrlFilter.doFilterInternal(DisableEncodeUrlFilter.java:42)
	at org.springframework.web.filter.OncePerRequestFilter.doFilter(OncePerRequestFilter.java:116)
	at org.springframework.security.web.FilterChainProxy$VirtualFilterChain.doFilter(FilterChainProxy.java:374)
	at org.springframework.security.web.FilterChainProxy.doFilterInternal(FilterChainProxy.java:233)
	at org.springframework.security.web.FilterChainProxy.doFilter(FilterChainProxy.java:191)
	at java.base/jdk.internal.reflect.DirectMethodHandleAccessor.invoke(DirectMethodHandleAccessor.java:104)
	at java.base/java.lang.reflect.Method.invoke(Method.java:565)
	at org.springframework.aop.support.AopUtils.invokeJoinpointUsingReflection(AopUtils.java:360)
	at org.springframework.aop.framework.ReflectiveMethodInvocation.invokeJoinpoint(ReflectiveMethodInvocation.java:196)
	at org.springframework.aop.framework.ReflectiveMethodInvocation.proceed(ReflectiveMethodInvocation.java:163)
	at org.springframework.aop.aspectj.MethodInvocationProceedingJoinPoint.proceed(MethodInvocationProceedingJoinPoint.java:89)
	at sh.user.supportershighuserbackend.configuration.AopConfig.handleRequestRejectedException(AopConfig.java:19)
	at java.base/jdk.internal.reflect.DirectMethodHandleAccessor.invoke(DirectMethodHandleAccessor.java:104)
	at java.base/java.lang.reflect.Method.invoke(Method.java:565)
	at org.springframework.aop.aspectj.AbstractAspectJAdvice.invokeAdviceMethodWithGivenArgs(AbstractAspectJAdvice.java:649)
	at org.springframework.aop.aspectj.AbstractAspectJAdvice.invokeAdviceMethod(AbstractAspectJAdvice.java:631)
	at org.springframework.aop.aspectj.AspectJAroundAdvice.invoke(AspectJAroundAdvice.java:71)
	at org.springframework.aop.framework.ReflectiveMethodInvocation.proceed(ReflectiveMethodInvocation.java:184)
	at org.springframework.aop.interceptor.ExposeInvocationInterceptor.invoke(ExposeInvocationInterceptor.java:97)
	at org.springframework.aop.framework.ReflectiveMethodInvocation.proceed(ReflectiveMethodInvocation.java:184)
	at org.springframework.aop.framework.CglibAopProxy$DynamicAdvisedInterceptor.intercept(CglibAopProxy.java:728)
	at org.springframework.security.web.FilterChainProxy$$SpringCGLIB$$0.doFilter(<generated>)
	at org.springframework.web.filter.CompositeFilter$VirtualFilterChain.doFilter(CompositeFilter.java:113)
	at org.springframework.web.filter.ServletRequestPathFilter.doFilter(ServletRequestPathFilter.java:52)
	at org.springframework.web.filter.CompositeFilter$VirtualFilterChain.doFilter(CompositeFilter.java:113)
	at org.springframework.web.filter.CompositeFilter.doFilter(CompositeFilter.java:74)
	at org.springframework.security.config.annotation.web.configuration.WebSecurityConfiguration$CompositeFilterChainProxy.doFilter(WebSecurityConfiguration.java:319)
	at java.base/jdk.internal.reflect.DirectMethodHandleAccessor.invoke(DirectMethodHandleAccessor.java:104)
	at java.base/java.lang.reflect.Method.invoke(Method.java:565)
	at org.springframework.aop.support.AopUtils.invokeJoinpointUsingReflection(AopUtils.java:360)
	at org.springframework.aop.framework.ReflectiveMethodInvocation.invokeJoinpoint(ReflectiveMethodInvocation.java:196)
	at org.springframework.aop.framework.ReflectiveMethodInvocation.proceed(ReflectiveMethodInvocation.java:163)
	at org.springframework.aop.aspectj.MethodInvocationProceedingJoinPoint.proceed(MethodInvocationProceedingJoinPoint.java:89)
	at sh.user.supportershighuserbackend.configuration.AopConfig.handleRequestRejectedException(AopConfig.java:19)
	at java.base/jdk.internal.reflect.DirectMethodHandleAccessor.invoke(DirectMethodHandleAccessor.java:104)
	at java.base/java.lang.reflect.Method.invoke(Method.java:565)
	at org.springframework.aop.aspectj.AbstractAspectJAdvice.invokeAdviceMethodWithGivenArgs(AbstractAspectJAdvice.java:649)
	at org.springframework.aop.aspectj.AbstractAspectJAdvice.invokeAdviceMethod(AbstractAspectJAdvice.java:631)
	at org.springframework.aop.aspectj.AspectJAroundAdvice.invoke(AspectJAroundAdvice.java:71)
	at org.springframework.aop.framework.ReflectiveMethodInvocation.proceed(ReflectiveMethodInvocation.java:184)
	at org.springframework.aop.interceptor.ExposeInvocationInterceptor.invoke(ExposeInvocationInterceptor.java:97)
	at org.springframework.aop.framework.ReflectiveMethodInvocation.proceed(ReflectiveMethodInvocation.java:184)
	at org.springframework.aop.framework.CglibAopProxy$DynamicAdvisedInterceptor.intercept(CglibAopProxy.java:728)
	at org.springframework.security.config.annotation.web.configuration.WebSecurityConfiguration$CompositeFilterChainProxy$$SpringCGLIB$$0.doFilter(<generated>)
	at org.springframework.web.filter.CompositeFilter$VirtualFilterChain.doFilter(CompositeFilter.java:113)
	at org.springframework.web.servlet.handler.HandlerMappingIntrospector.lambda$createCacheFilter$4(HandlerMappingIntrospector.java:267)
	at org.springframework.web.filter.CompositeFilter$VirtualFilterChain.doFilter(CompositeFilter.java:113)
	at org.springframework.web.filter.CompositeFilter.doFilter(CompositeFilter.java:74)
	at org.springframework.security.config.annotation.web.configuration.WebMvcSecurityConfiguration$CompositeFilterChainProxy.doFilter(WebMvcSecurityConfiguration.java:240)
	at java.base/jdk.internal.reflect.DirectMethodHandleAccessor.invoke(DirectMethodHandleAccessor.java:104)
	at java.base/java.lang.reflect.Method.invoke(Method.java:565)
	at org.springframework.aop.support.AopUtils.invokeJoinpointUsingReflection(AopUtils.java:360)
	at org.springframework.aop.framework.ReflectiveMethodInvocation.invokeJoinpoint(ReflectiveMethodInvocation.java:196)
	at org.springframework.aop.framework.ReflectiveMethodInvocation.proceed(ReflectiveMethodInvocation.java:163)
	at org.springframework.aop.aspectj.MethodInvocationProceedingJoinPoint.proceed(MethodInvocationProceedingJoinPoint.java:89)
	at sh.user.supportershighuserbackend.configuration.AopConfig.handleRequestRejectedException(AopConfig.java:19)
	at java.base/jdk.internal.reflect.DirectMethodHandleAccessor.invoke(DirectMethodHandleAccessor.java:104)
	at java.base/java.lang.reflect.Method.invoke(Method.java:565)
	at org.springframework.aop.aspectj.AbstractAspectJAdvice.invokeAdviceMethodWithGivenArgs(AbstractAspectJAdvice.java:649)
	at org.springframework.aop.aspectj.AbstractAspectJAdvice.invokeAdviceMethod(AbstractAspectJAdvice.java:631)
	at org.springframework.aop.aspectj.AspectJAroundAdvice.invoke(AspectJAroundAdvice.java:71)
	at org.springframework.aop.framework.ReflectiveMethodInvocation.proceed(ReflectiveMethodInvocation.java:184)
	at org.springframework.aop.interceptor.ExposeInvocationInterceptor.invoke(ExposeInvocationInterceptor.java:97)
	at org.springframework.aop.framework.ReflectiveMethodInvocation.proceed(ReflectiveMethodInvocation.java:184)
	at org.springframework.aop.framework.CglibAopProxy$DynamicAdvisedInterceptor.intercept(CglibAopProxy.java:728)
	at org.springframework.security.config.annotation.web.configuration.WebMvcSecurityConfiguration$CompositeFilterChainProxy$$SpringCGLIB$$0.doFilter(<generated>)
	at org.springframework.web.filter.DelegatingFilterProxy.invokeDelegate(DelegatingFilterProxy.java:362)
	at org.springframework.web.filter.DelegatingFilterProxy.doFilter(DelegatingFilterProxy.java:278)
	at org.apache.catalina.core.ApplicationFilterChain.internalDoFilter(ApplicationFilterChain.java:164)
	at org.apache.catalina.core.ApplicationFilterChain.doFilter(ApplicationFilterChain.java:140)
	at org.springframework.web.filter.RequestContextFilter.doFilterInternal(RequestContextFilter.java:100)
	at org.springframework.web.filter.OncePerRequestFilter.doFilter(OncePerRequestFilter.java:116)
	at org.apache.catalina.core.ApplicationFilterChain.internalDoFilter(ApplicationFilterChain.java:164)
	at org.apache.catalina.core.ApplicationFilterChain.doFilter(ApplicationFilterChain.java:140)
	at org.springframework.web.filter.FormContentFilter.doFilterInternal(FormContentFilter.java:93)
	at org.springframework.web.filter.OncePerRequestFilter.doFilter(OncePerRequestFilter.java:116)
	at org.apache.catalina.core.ApplicationFilterChain.internalDoFilter(ApplicationFilterChain.java:164)
	at org.apache.catalina.core.ApplicationFilterChain.doFilter(ApplicationFilterChain.java:140)
	at org.springframework.web.filter.CharacterEncodingFilter.doFilterInternal(CharacterEncodingFilter.java:201)
	at org.springframework.web.filter.OncePerRequestFilter.doFilter(OncePerRequestFilter.java:116)
	at org.apache.catalina.core.ApplicationFilterChain.internalDoFilter(ApplicationFilterChain.java:164)
	at org.apache.catalina.core.ApplicationFilterChain.doFilter(ApplicationFilterChain.java:140)
	at org.apache.catalina.core.StandardWrapperValve.invoke(StandardWrapperValve.java:167)
	at org.apache.catalina.core.StandardContextValve.invoke(StandardContextValve.java:90)
	at org.apache.catalina.authenticator.AuthenticatorBase.invoke(AuthenticatorBase.java:483)
	at org.apache.catalina.core.StandardHostValve.invoke(StandardHostValve.java:116)
	at org.apache.catalina.valves.ErrorReportValve.invoke(ErrorReportValve.java:93)
	at org.apache.catalina.core.StandardEngineValve.invoke(StandardEngineValve.java:74)
	at org.apache.catalina.connector.CoyoteAdapter.service(CoyoteAdapter.java:344)
	at org.apache.coyote.http11.Http11Processor.service(Http11Processor.java:398)
	at org.apache.coyote.AbstractProcessorLight.process(AbstractProcessorLight.java:63)
	at org.apache.coyote.AbstractProtocol$ConnectionHandler.process(AbstractProtocol.java:903)
	at org.apache.tomcat.util.net.NioEndpoint$SocketProcessor.doRun(NioEndpoint.java:1769)
	at org.apache.tomcat.util.net.SocketProcessorBase.run(SocketProcessorBase.java:52)
	at org.apache.tomcat.util.threads.ThreadPoolExecutor.runWorker(ThreadPoolExecutor.java:1189)
	at org.apache.tomcat.util.threads.ThreadPoolExecutor$Worker.run(ThreadPoolExecutor.java:658)
	at org.apache.tomcat.util.threads.TaskThread$WrappingRunnable.run(TaskThread.java:63)
	at java.base/java.lang.Thread.run(Thread.java:1447)
03:15:12.635 WARN  [http-nio-8093-exec-4] [AbstractHandlerExceptionResolver.java-logException-254] Resolved [org.springframework.web.HttpMediaTypeNotSupportedException: Content-Type 'multipart/form-data;boundary=----WebKitFormBoundary79OUUtw1pa9c8fd5;charset=UTF-8' is not supported]
03:15:12.636 INFO  [http-nio-8093-exec-4] [JwtTokenProvider.java-validateToken-134] validateToken 함수 진입 : 토큰 Provider 에서 검증할 토큰을 가지고 왔는지 확인
03:15:12.636 INFO  [http-nio-8093-exec-4] [JwtTokenProvider.java-validateToken-137] Checking JWT Token
03:15:12.637 INFO  [http-nio-8093-exec-4] [JwtTokenProvider.java-validateToken-144] Expired JWT Token
io.jsonwebtoken.ExpiredJwtException: JWT expired at 2025-09-22T16:23:56Z. Current time: 2025-10-08T18:15:12Z, a difference of 1389076637 milliseconds.  Allowed clock skew: 0 milliseconds.
	at io.jsonwebtoken.impl.DefaultJwtParser.parse(DefaultJwtParser.java:427)
	at io.jsonwebtoken.impl.DefaultJwtParser.parse(DefaultJwtParser.java:529)
	at io.jsonwebtoken.impl.DefaultJwtParser.parseClaimsJws(DefaultJwtParser.java:589)
	at io.jsonwebtoken.impl.ImmutableJwtParser.parseClaimsJws(ImmutableJwtParser.java:173)
	at sh.user.supportershighuserbackend.jwt.service.JwtTokenProvider.validateToken(JwtTokenProvider.java:138)
	at sh.user.supportershighuserbackend.jwt.service.JwtAuthenticationFilter.doFilter(JwtAuthenticationFilter.java:28)
	at org.springframework.security.web.FilterChainProxy$VirtualFilterChain.doFilter(FilterChainProxy.java:374)
	at org.springframework.security.web.authentication.logout.LogoutFilter.doFilter(LogoutFilter.java:107)
	at org.springframework.security.web.authentication.logout.LogoutFilter.doFilter(LogoutFilter.java:93)
	at org.springframework.security.web.FilterChainProxy$VirtualFilterChain.doFilter(FilterChainProxy.java:374)
	at org.springframework.web.filter.OncePerRequestFilter.doFilter(OncePerRequestFilter.java:101)
	at org.springframework.security.web.FilterChainProxy$VirtualFilterChain.doFilter(FilterChainProxy.java:374)
	at org.springframework.web.filter.OncePerRequestFilter.doFilter(OncePerRequestFilter.java:101)
	at org.springframework.security.web.FilterChainProxy$VirtualFilterChain.doFilter(FilterChainProxy.java:374)
	at org.springframework.security.web.context.SecurityContextHolderFilter.doFilter(SecurityContextHolderFilter.java:82)
	at org.springframework.security.web.context.SecurityContextHolderFilter.doFilter(SecurityContextHolderFilter.java:69)
	at org.springframework.security.web.FilterChainProxy$VirtualFilterChain.doFilter(FilterChainProxy.java:374)
	at org.springframework.web.filter.OncePerRequestFilter.doFilter(OncePerRequestFilter.java:101)
	at org.springframework.security.web.FilterChainProxy$VirtualFilterChain.doFilter(FilterChainProxy.java:374)
	at org.springframework.web.filter.OncePerRequestFilter.doFilter(OncePerRequestFilter.java:101)
	at org.springframework.security.web.FilterChainProxy$VirtualFilterChain.doFilter(FilterChainProxy.java:374)
	at org.springframework.security.web.FilterChainProxy.doFilterInternal(FilterChainProxy.java:233)
	at org.springframework.security.web.FilterChainProxy.doFilter(FilterChainProxy.java:191)
	at java.base/jdk.internal.reflect.DirectMethodHandleAccessor.invoke(DirectMethodHandleAccessor.java:104)
	at java.base/java.lang.reflect.Method.invoke(Method.java:565)
	at org.springframework.aop.support.AopUtils.invokeJoinpointUsingReflection(AopUtils.java:360)
	at org.springframework.aop.framework.ReflectiveMethodInvocation.invokeJoinpoint(ReflectiveMethodInvocation.java:196)
	at org.springframework.aop.framework.ReflectiveMethodInvocation.proceed(ReflectiveMethodInvocation.java:163)
	at org.springframework.aop.aspectj.MethodInvocationProceedingJoinPoint.proceed(MethodInvocationProceedingJoinPoint.java:89)
	at sh.user.supportershighuserbackend.configuration.AopConfig.handleRequestRejectedException(AopConfig.java:19)
	at java.base/jdk.internal.reflect.DirectMethodHandleAccessor.invoke(DirectMethodHandleAccessor.java:104)
	at java.base/java.lang.reflect.Method.invoke(Method.java:565)
	at org.springframework.aop.aspectj.AbstractAspectJAdvice.invokeAdviceMethodWithGivenArgs(AbstractAspectJAdvice.java:649)
	at org.springframework.aop.aspectj.AbstractAspectJAdvice.invokeAdviceMethod(AbstractAspectJAdvice.java:631)
	at org.springframework.aop.aspectj.AspectJAroundAdvice.invoke(AspectJAroundAdvice.java:71)
	at org.springframework.aop.framework.ReflectiveMethodInvocation.proceed(ReflectiveMethodInvocation.java:184)
	at org.springframework.aop.interceptor.ExposeInvocationInterceptor.invoke(ExposeInvocationInterceptor.java:97)
	at org.springframework.aop.framework.ReflectiveMethodInvocation.proceed(ReflectiveMethodInvocation.java:184)
	at org.springframework.aop.framework.CglibAopProxy$DynamicAdvisedInterceptor.intercept(CglibAopProxy.java:728)
	at org.springframework.security.web.FilterChainProxy$$SpringCGLIB$$0.doFilter(<generated>)
	at org.springframework.web.filter.CompositeFilter$VirtualFilterChain.doFilter(CompositeFilter.java:113)
	at org.springframework.web.filter.ServletRequestPathFilter.doFilter(ServletRequestPathFilter.java:52)
	at org.springframework.web.filter.CompositeFilter$VirtualFilterChain.doFilter(CompositeFilter.java:113)
	at org.springframework.web.filter.CompositeFilter.doFilter(CompositeFilter.java:74)
	at org.springframework.security.config.annotation.web.configuration.WebSecurityConfiguration$CompositeFilterChainProxy.doFilter(WebSecurityConfiguration.java:319)
	at java.base/jdk.internal.reflect.DirectMethodHandleAccessor.invoke(DirectMethodHandleAccessor.java:104)
	at java.base/java.lang.reflect.Method.invoke(Method.java:565)
	at org.springframework.aop.support.AopUtils.invokeJoinpointUsingReflection(AopUtils.java:360)
	at org.springframework.aop.framework.ReflectiveMethodInvocation.invokeJoinpoint(ReflectiveMethodInvocation.java:196)
	at org.springframework.aop.framework.ReflectiveMethodInvocation.proceed(ReflectiveMethodInvocation.java:163)
	at org.springframework.aop.aspectj.MethodInvocationProceedingJoinPoint.proceed(MethodInvocationProceedingJoinPoint.java:89)
	at sh.user.supportershighuserbackend.configuration.AopConfig.handleRequestRejectedException(AopConfig.java:19)
	at java.base/jdk.internal.reflect.DirectMethodHandleAccessor.invoke(DirectMethodHandleAccessor.java:104)
	at java.base/java.lang.reflect.Method.invoke(Method.java:565)
	at org.springframework.aop.aspectj.AbstractAspectJAdvice.invokeAdviceMethodWithGivenArgs(AbstractAspectJAdvice.java:649)
	at org.springframework.aop.aspectj.AbstractAspectJAdvice.invokeAdviceMethod(AbstractAspectJAdvice.java:631)
	at org.springframework.aop.aspectj.AspectJAroundAdvice.invoke(AspectJAroundAdvice.java:71)
	at org.springframework.aop.framework.ReflectiveMethodInvocation.proceed(ReflectiveMethodInvocation.java:184)
	at org.springframework.aop.interceptor.ExposeInvocationInterceptor.invoke(ExposeInvocationInterceptor.java:97)
	at org.springframework.aop.framework.ReflectiveMethodInvocation.proceed(ReflectiveMethodInvocation.java:184)
	at org.springframework.aop.framework.CglibAopProxy$DynamicAdvisedInterceptor.intercept(CglibAopProxy.java:728)
	at org.springframework.security.config.annotation.web.configuration.WebSecurityConfiguration$CompositeFilterChainProxy$$SpringCGLIB$$0.doFilter(<generated>)
	at org.springframework.web.filter.CompositeFilter$VirtualFilterChain.doFilter(CompositeFilter.java:113)
	at org.springframework.web.servlet.handler.HandlerMappingIntrospector.lambda$createCacheFilter$4(HandlerMappingIntrospector.java:267)
	at org.springframework.web.filter.CompositeFilter$VirtualFilterChain.doFilter(CompositeFilter.java:113)
	at org.springframework.web.filter.CompositeFilter.doFilter(CompositeFilter.java:74)
	at org.springframework.security.config.annotation.web.configuration.WebMvcSecurityConfiguration$CompositeFilterChainProxy.doFilter(WebMvcSecurityConfiguration.java:240)
	at java.base/jdk.internal.reflect.DirectMethodHandleAccessor.invoke(DirectMethodHandleAccessor.java:104)
	at java.base/java.lang.reflect.Method.invoke(Method.java:565)
	at org.springframework.aop.support.AopUtils.invokeJoinpointUsingReflection(AopUtils.java:360)
	at org.springframework.aop.framework.ReflectiveMethodInvocation.invokeJoinpoint(ReflectiveMethodInvocation.java:196)
	at org.springframework.aop.framework.ReflectiveMethodInvocation.proceed(ReflectiveMethodInvocation.java:163)
	at org.springframework.aop.aspectj.MethodInvocationProceedingJoinPoint.proceed(MethodInvocationProceedingJoinPoint.java:89)
	at sh.user.supportershighuserbackend.configuration.AopConfig.handleRequestRejectedException(AopConfig.java:19)
	at java.base/jdk.internal.reflect.DirectMethodHandleAccessor.invoke(DirectMethodHandleAccessor.java:104)
	at java.base/java.lang.reflect.Method.invoke(Method.java:565)
	at org.springframework.aop.aspectj.AbstractAspectJAdvice.invokeAdviceMethodWithGivenArgs(AbstractAspectJAdvice.java:649)
	at org.springframework.aop.aspectj.AbstractAspectJAdvice.invokeAdviceMethod(AbstractAspectJAdvice.java:631)
	at org.springframework.aop.aspectj.AspectJAroundAdvice.invoke(AspectJAroundAdvice.java:71)
	at org.springframework.aop.framework.ReflectiveMethodInvocation.proceed(ReflectiveMethodInvocation.java:184)
	at org.springframework.aop.interceptor.ExposeInvocationInterceptor.invoke(ExposeInvocationInterceptor.java:97)
	at org.springframework.aop.framework.ReflectiveMethodInvocation.proceed(ReflectiveMethodInvocation.java:184)
	at org.springframework.aop.framework.CglibAopProxy$DynamicAdvisedInterceptor.intercept(CglibAopProxy.java:728)
	at org.springframework.security.config.annotation.web.configuration.WebMvcSecurityConfiguration$CompositeFilterChainProxy$$SpringCGLIB$$0.doFilter(<generated>)
	at org.springframework.web.filter.DelegatingFilterProxy.invokeDelegate(DelegatingFilterProxy.java:362)
	at org.springframework.web.filter.DelegatingFilterProxy.doFilter(DelegatingFilterProxy.java:278)
	at org.apache.catalina.core.ApplicationFilterChain.internalDoFilter(ApplicationFilterChain.java:164)
	at org.apache.catalina.core.ApplicationFilterChain.doFilter(ApplicationFilterChain.java:140)
	at org.springframework.web.filter.RequestContextFilter.doFilterInternal(RequestContextFilter.java:100)
	at org.springframework.web.filter.OncePerRequestFilter.doFilter(OncePerRequestFilter.java:116)
	at org.apache.catalina.core.ApplicationFilterChain.internalDoFilter(ApplicationFilterChain.java:164)
	at org.apache.catalina.core.ApplicationFilterChain.doFilter(ApplicationFilterChain.java:140)
	at org.springframework.web.filter.OncePerRequestFilter.doFilter(OncePerRequestFilter.java:101)
	at org.apache.catalina.core.ApplicationFilterChain.internalDoFilter(ApplicationFilterChain.java:164)
	at org.apache.catalina.core.ApplicationFilterChain.doFilter(ApplicationFilterChain.java:140)
	at org.springframework.web.filter.OncePerRequestFilter.doFilter(OncePerRequestFilter.java:101)
	at org.apache.catalina.core.ApplicationFilterChain.internalDoFilter(ApplicationFilterChain.java:164)
	at org.apache.catalina.core.ApplicationFilterChain.doFilter(ApplicationFilterChain.java:140)
	at org.apache.catalina.core.ApplicationDispatcher.invoke(ApplicationDispatcher.java:612)
	at org.apache.catalina.core.ApplicationDispatcher.processRequest(ApplicationDispatcher.java:396)
	at org.apache.catalina.core.ApplicationDispatcher.doForward(ApplicationDispatcher.java:323)
	at org.apache.catalina.core.ApplicationDispatcher.forward(ApplicationDispatcher.java:268)
	at org.apache.catalina.core.StandardHostValve.custom(StandardHostValve.java:377)
	at org.apache.catalina.core.StandardHostValve.status(StandardHostValve.java:209)
	at org.apache.catalina.core.StandardHostValve.invoke(StandardHostValve.java:152)
	at org.apache.catalina.valves.ErrorReportValve.invoke(ErrorReportValve.java:93)
	at org.apache.catalina.core.StandardEngineValve.invoke(StandardEngineValve.java:74)
	at org.apache.catalina.connector.CoyoteAdapter.service(CoyoteAdapter.java:344)
	at org.apache.coyote.http11.Http11Processor.service(Http11Processor.java:398)
	at org.apache.coyote.AbstractProcessorLight.process(AbstractProcessorLight.java:63)
	at org.apache.coyote.AbstractProtocol$ConnectionHandler.process(AbstractProtocol.java:903)
	at org.apache.tomcat.util.net.NioEndpoint$SocketProcessor.doRun(NioEndpoint.java:1769)
	at org.apache.tomcat.util.net.SocketProcessorBase.run(SocketProcessorBase.java:52)
	at org.apache.tomcat.util.threads.ThreadPoolExecutor.runWorker(ThreadPoolExecutor.java:1189)
	at org.apache.tomcat.util.threads.ThreadPoolExecutor$Worker.run(ThreadPoolExecutor.java:658)
	at org.apache.tomcat.util.threads.TaskThread$WrappingRunnable.run(TaskThread.java:63)
	at java.base/java.lang.Thread.run(Thread.java:1447)
03:16:00.038 INFO  [http-nio-8093-exec-6] [JwtTokenProvider.java-validateToken-134] validateToken 함수 진입 : 토큰 Provider 에서 검증할 토큰을 가지고 왔는지 확인
03:16:00.039 INFO  [http-nio-8093-exec-6] [JwtTokenProvider.java-validateToken-137] Checking JWT Token
03:16:00.040 INFO  [http-nio-8093-exec-6] [JwtTokenProvider.java-validateToken-144] Expired JWT Token
io.jsonwebtoken.ExpiredJwtException: JWT expired at 2025-09-22T16:23:56Z. Current time: 2025-10-08T18:16:00Z, a difference of 1389124040 milliseconds.  Allowed clock skew: 0 milliseconds.
	at io.jsonwebtoken.impl.DefaultJwtParser.parse(DefaultJwtParser.java:427)
	at io.jsonwebtoken.impl.DefaultJwtParser.parse(DefaultJwtParser.java:529)
	at io.jsonwebtoken.impl.DefaultJwtParser.parseClaimsJws(DefaultJwtParser.java:589)
	at io.jsonwebtoken.impl.ImmutableJwtParser.parseClaimsJws(ImmutableJwtParser.java:173)
	at sh.user.supportershighuserbackend.jwt.service.JwtTokenProvider.validateToken(JwtTokenProvider.java:138)
	at sh.user.supportershighuserbackend.jwt.service.JwtAuthenticationFilter.doFilter(JwtAuthenticationFilter.java:28)
	at org.springframework.security.web.FilterChainProxy$VirtualFilterChain.doFilter(FilterChainProxy.java:374)
	at org.springframework.security.web.authentication.logout.LogoutFilter.doFilter(LogoutFilter.java:107)
	at org.springframework.security.web.authentication.logout.LogoutFilter.doFilter(LogoutFilter.java:93)
	at org.springframework.security.web.FilterChainProxy$VirtualFilterChain.doFilter(FilterChainProxy.java:374)
	at org.springframework.web.filter.CorsFilter.doFilterInternal(CorsFilter.java:91)
	at org.springframework.web.filter.OncePerRequestFilter.doFilter(OncePerRequestFilter.java:116)
	at org.springframework.security.web.FilterChainProxy$VirtualFilterChain.doFilter(FilterChainProxy.java:374)
	at org.springframework.security.web.header.HeaderWriterFilter.doHeadersAfter(HeaderWriterFilter.java:90)
	at org.springframework.security.web.header.HeaderWriterFilter.doFilterInternal(HeaderWriterFilter.java:75)
	at org.springframework.web.filter.OncePerRequestFilter.doFilter(OncePerRequestFilter.java:116)
	at org.springframework.security.web.FilterChainProxy$VirtualFilterChain.doFilter(FilterChainProxy.java:374)
	at org.springframework.security.web.context.SecurityContextHolderFilter.doFilter(SecurityContextHolderFilter.java:82)
	at org.springframework.security.web.context.SecurityContextHolderFilter.doFilter(SecurityContextHolderFilter.java:69)
	at org.springframework.security.web.FilterChainProxy$VirtualFilterChain.doFilter(FilterChainProxy.java:374)
	at org.springframework.security.web.context.request.async.WebAsyncManagerIntegrationFilter.doFilterInternal(WebAsyncManagerIntegrationFilter.java:62)
	at org.springframework.web.filter.OncePerRequestFilter.doFilter(OncePerRequestFilter.java:116)
	at org.springframework.security.web.FilterChainProxy$VirtualFilterChain.doFilter(FilterChainProxy.java:374)
	at org.springframework.security.web.session.DisableEncodeUrlFilter.doFilterInternal(DisableEncodeUrlFilter.java:42)
	at org.springframework.web.filter.OncePerRequestFilter.doFilter(OncePerRequestFilter.java:116)
	at org.springframework.security.web.FilterChainProxy$VirtualFilterChain.doFilter(FilterChainProxy.java:374)
	at org.springframework.security.web.FilterChainProxy.doFilterInternal(FilterChainProxy.java:233)
	at org.springframework.security.web.FilterChainProxy.doFilter(FilterChainProxy.java:191)
	at java.base/jdk.internal.reflect.DirectMethodHandleAccessor.invoke(DirectMethodHandleAccessor.java:104)
	at java.base/java.lang.reflect.Method.invoke(Method.java:565)
	at org.springframework.aop.support.AopUtils.invokeJoinpointUsingReflection(AopUtils.java:360)
	at org.springframework.aop.framework.ReflectiveMethodInvocation.invokeJoinpoint(ReflectiveMethodInvocation.java:196)
	at org.springframework.aop.framework.ReflectiveMethodInvocation.proceed(ReflectiveMethodInvocation.java:163)
	at org.springframework.aop.aspectj.MethodInvocationProceedingJoinPoint.proceed(MethodInvocationProceedingJoinPoint.java:89)
	at sh.user.supportershighuserbackend.configuration.AopConfig.handleRequestRejectedException(AopConfig.java:19)
	at java.base/jdk.internal.reflect.DirectMethodHandleAccessor.invoke(DirectMethodHandleAccessor.java:104)
	at java.base/java.lang.reflect.Method.invoke(Method.java:565)
	at org.springframework.aop.aspectj.AbstractAspectJAdvice.invokeAdviceMethodWithGivenArgs(AbstractAspectJAdvice.java:649)
	at org.springframework.aop.aspectj.AbstractAspectJAdvice.invokeAdviceMethod(AbstractAspectJAdvice.java:631)
	at org.springframework.aop.aspectj.AspectJAroundAdvice.invoke(AspectJAroundAdvice.java:71)
	at org.springframework.aop.framework.ReflectiveMethodInvocation.proceed(ReflectiveMethodInvocation.java:184)
	at org.springframework.aop.interceptor.ExposeInvocationInterceptor.invoke(ExposeInvocationInterceptor.java:97)
	at org.springframework.aop.framework.ReflectiveMethodInvocation.proceed(ReflectiveMethodInvocation.java:184)
	at org.springframework.aop.framework.CglibAopProxy$DynamicAdvisedInterceptor.intercept(CglibAopProxy.java:728)
	at org.springframework.security.web.FilterChainProxy$$SpringCGLIB$$0.doFilter(<generated>)
	at org.springframework.web.filter.CompositeFilter$VirtualFilterChain.doFilter(CompositeFilter.java:113)
	at org.springframework.web.filter.ServletRequestPathFilter.doFilter(ServletRequestPathFilter.java:52)
	at org.springframework.web.filter.CompositeFilter$VirtualFilterChain.doFilter(CompositeFilter.java:113)
	at org.springframework.web.filter.CompositeFilter.doFilter(CompositeFilter.java:74)
	at org.springframework.security.config.annotation.web.configuration.WebSecurityConfiguration$CompositeFilterChainProxy.doFilter(WebSecurityConfiguration.java:319)
	at java.base/jdk.internal.reflect.DirectMethodHandleAccessor.invoke(DirectMethodHandleAccessor.java:104)
	at java.base/java.lang.reflect.Method.invoke(Method.java:565)
	at org.springframework.aop.support.AopUtils.invokeJoinpointUsingReflection(AopUtils.java:360)
	at org.springframework.aop.framework.ReflectiveMethodInvocation.invokeJoinpoint(ReflectiveMethodInvocation.java:196)
	at org.springframework.aop.framework.ReflectiveMethodInvocation.proceed(ReflectiveMethodInvocation.java:163)
	at org.springframework.aop.aspectj.MethodInvocationProceedingJoinPoint.proceed(MethodInvocationProceedingJoinPoint.java:89)
	at sh.user.supportershighuserbackend.configuration.AopConfig.handleRequestRejectedException(AopConfig.java:19)
	at java.base/jdk.internal.reflect.DirectMethodHandleAccessor.invoke(DirectMethodHandleAccessor.java:104)
	at java.base/java.lang.reflect.Method.invoke(Method.java:565)
	at org.springframework.aop.aspectj.AbstractAspectJAdvice.invokeAdviceMethodWithGivenArgs(AbstractAspectJAdvice.java:649)
	at org.springframework.aop.aspectj.AbstractAspectJAdvice.invokeAdviceMethod(AbstractAspectJAdvice.java:631)
	at org.springframework.aop.aspectj.AspectJAroundAdvice.invoke(AspectJAroundAdvice.java:71)
	at org.springframework.aop.framework.ReflectiveMethodInvocation.proceed(ReflectiveMethodInvocation.java:184)
	at org.springframework.aop.interceptor.ExposeInvocationInterceptor.invoke(ExposeInvocationInterceptor.java:97)
	at org.springframework.aop.framework.ReflectiveMethodInvocation.proceed(ReflectiveMethodInvocation.java:184)
	at org.springframework.aop.framework.CglibAopProxy$DynamicAdvisedInterceptor.intercept(CglibAopProxy.java:728)
	at org.springframework.security.config.annotation.web.configuration.WebSecurityConfiguration$CompositeFilterChainProxy$$SpringCGLIB$$0.doFilter(<generated>)
	at org.springframework.web.filter.CompositeFilter$VirtualFilterChain.doFilter(CompositeFilter.java:113)
	at org.springframework.web.servlet.handler.HandlerMappingIntrospector.lambda$createCacheFilter$4(HandlerMappingIntrospector.java:267)
	at org.springframework.web.filter.CompositeFilter$VirtualFilterChain.doFilter(CompositeFilter.java:113)
	at org.springframework.web.filter.CompositeFilter.doFilter(CompositeFilter.java:74)
	at org.springframework.security.config.annotation.web.configuration.WebMvcSecurityConfiguration$CompositeFilterChainProxy.doFilter(WebMvcSecurityConfiguration.java:240)
	at java.base/jdk.internal.reflect.DirectMethodHandleAccessor.invoke(DirectMethodHandleAccessor.java:104)
	at java.base/java.lang.reflect.Method.invoke(Method.java:565)
	at org.springframework.aop.support.AopUtils.invokeJoinpointUsingReflection(AopUtils.java:360)
	at org.springframework.aop.framework.ReflectiveMethodInvocation.invokeJoinpoint(ReflectiveMethodInvocation.java:196)
	at org.springframework.aop.framework.ReflectiveMethodInvocation.proceed(ReflectiveMethodInvocation.java:163)
	at org.springframework.aop.aspectj.MethodInvocationProceedingJoinPoint.proceed(MethodInvocationProceedingJoinPoint.java:89)
	at sh.user.supportershighuserbackend.configuration.AopConfig.handleRequestRejectedException(AopConfig.java:19)
	at java.base/jdk.internal.reflect.DirectMethodHandleAccessor.invoke(DirectMethodHandleAccessor.java:104)
	at java.base/java.lang.reflect.Method.invoke(Method.java:565)
	at org.springframework.aop.aspectj.AbstractAspectJAdvice.invokeAdviceMethodWithGivenArgs(AbstractAspectJAdvice.java:649)
	at org.springframework.aop.aspectj.AbstractAspectJAdvice.invokeAdviceMethod(AbstractAspectJAdvice.java:631)
	at org.springframework.aop.aspectj.AspectJAroundAdvice.invoke(AspectJAroundAdvice.java:71)
	at org.springframework.aop.framework.ReflectiveMethodInvocation.proceed(ReflectiveMethodInvocation.java:184)
	at org.springframework.aop.interceptor.ExposeInvocationInterceptor.invoke(ExposeInvocationInterceptor.java:97)
	at org.springframework.aop.framework.ReflectiveMethodInvocation.proceed(ReflectiveMethodInvocation.java:184)
	at org.springframework.aop.framework.CglibAopProxy$DynamicAdvisedInterceptor.intercept(CglibAopProxy.java:728)
	at org.springframework.security.config.annotation.web.configuration.WebMvcSecurityConfiguration$CompositeFilterChainProxy$$SpringCGLIB$$0.doFilter(<generated>)
	at org.springframework.web.filter.DelegatingFilterProxy.invokeDelegate(DelegatingFilterProxy.java:362)
	at org.springframework.web.filter.DelegatingFilterProxy.doFilter(DelegatingFilterProxy.java:278)
	at org.apache.catalina.core.ApplicationFilterChain.internalDoFilter(ApplicationFilterChain.java:164)
	at org.apache.catalina.core.ApplicationFilterChain.doFilter(ApplicationFilterChain.java:140)
	at org.springframework.web.filter.RequestContextFilter.doFilterInternal(RequestContextFilter.java:100)
	at org.springframework.web.filter.OncePerRequestFilter.doFilter(OncePerRequestFilter.java:116)
	at org.apache.catalina.core.ApplicationFilterChain.internalDoFilter(ApplicationFilterChain.java:164)
	at org.apache.catalina.core.ApplicationFilterChain.doFilter(ApplicationFilterChain.java:140)
	at org.springframework.web.filter.FormContentFilter.doFilterInternal(FormContentFilter.java:93)
	at org.springframework.web.filter.OncePerRequestFilter.doFilter(OncePerRequestFilter.java:116)
	at org.apache.catalina.core.ApplicationFilterChain.internalDoFilter(ApplicationFilterChain.java:164)
	at org.apache.catalina.core.ApplicationFilterChain.doFilter(ApplicationFilterChain.java:140)
	at org.springframework.web.filter.CharacterEncodingFilter.doFilterInternal(CharacterEncodingFilter.java:201)
	at org.springframework.web.filter.OncePerRequestFilter.doFilter(OncePerRequestFilter.java:116)
	at org.apache.catalina.core.ApplicationFilterChain.internalDoFilter(ApplicationFilterChain.java:164)
	at org.apache.catalina.core.ApplicationFilterChain.doFilter(ApplicationFilterChain.java:140)
	at org.apache.catalina.core.StandardWrapperValve.invoke(StandardWrapperValve.java:167)
	at org.apache.catalina.core.StandardContextValve.invoke(StandardContextValve.java:90)
	at org.apache.catalina.authenticator.AuthenticatorBase.invoke(AuthenticatorBase.java:483)
	at org.apache.catalina.core.StandardHostValve.invoke(StandardHostValve.java:116)
	at org.apache.catalina.valves.ErrorReportValve.invoke(ErrorReportValve.java:93)
	at org.apache.catalina.core.StandardEngineValve.invoke(StandardEngineValve.java:74)
	at org.apache.catalina.connector.CoyoteAdapter.service(CoyoteAdapter.java:344)
	at org.apache.coyote.http11.Http11Processor.service(Http11Processor.java:398)
	at org.apache.coyote.AbstractProcessorLight.process(AbstractProcessorLight.java:63)
	at org.apache.coyote.AbstractProtocol$ConnectionHandler.process(AbstractProtocol.java:903)
	at org.apache.tomcat.util.net.NioEndpoint$SocketProcessor.doRun(NioEndpoint.java:1769)
	at org.apache.tomcat.util.net.SocketProcessorBase.run(SocketProcessorBase.java:52)
	at org.apache.tomcat.util.threads.ThreadPoolExecutor.runWorker(ThreadPoolExecutor.java:1189)
	at org.apache.tomcat.util.threads.ThreadPoolExecutor$Worker.run(ThreadPoolExecutor.java:658)
	at org.apache.tomcat.util.threads.TaskThread$WrappingRunnable.run(TaskThread.java:63)
	at java.base/java.lang.Thread.run(Thread.java:1447)
03:16:00.045 WARN  [http-nio-8093-exec-6] [AbstractHandlerExceptionResolver.java-logException-254] Resolved [org.springframework.web.HttpMediaTypeNotSupportedException: Content-Type 'multipart/form-data;boundary=----WebKitFormBoundary1up31cxvQETMNxBT;charset=UTF-8' is not supported]
03:16:00.046 INFO  [http-nio-8093-exec-6] [JwtTokenProvider.java-validateToken-134] validateToken 함수 진입 : 토큰 Provider 에서 검증할 토큰을 가지고 왔는지 확인
03:16:00.046 INFO  [http-nio-8093-exec-6] [JwtTokenProvider.java-validateToken-137] Checking JWT Token
03:16:00.047 INFO  [http-nio-8093-exec-6] [JwtTokenProvider.java-validateToken-144] Expired JWT Token
io.jsonwebtoken.ExpiredJwtException: JWT expired at 2025-09-22T16:23:56Z. Current time: 2025-10-08T18:16:00Z, a difference of 1389124047 milliseconds.  Allowed clock skew: 0 milliseconds.
	at io.jsonwebtoken.impl.DefaultJwtParser.parse(DefaultJwtParser.java:427)
	at io.jsonwebtoken.impl.DefaultJwtParser.parse(DefaultJwtParser.java:529)
	at io.jsonwebtoken.impl.DefaultJwtParser.parseClaimsJws(DefaultJwtParser.java:589)
	at io.jsonwebtoken.impl.ImmutableJwtParser.parseClaimsJws(ImmutableJwtParser.java:173)
	at sh.user.supportershighuserbackend.jwt.service.JwtTokenProvider.validateToken(JwtTokenProvider.java:138)
	at sh.user.supportershighuserbackend.jwt.service.JwtAuthenticationFilter.doFilter(JwtAuthenticationFilter.java:28)
	at org.springframework.security.web.FilterChainProxy$VirtualFilterChain.doFilter(FilterChainProxy.java:374)
	at org.springframework.security.web.authentication.logout.LogoutFilter.doFilter(LogoutFilter.java:107)
	at org.springframework.security.web.authentication.logout.LogoutFilter.doFilter(LogoutFilter.java:93)
	at org.springframework.security.web.FilterChainProxy$VirtualFilterChain.doFilter(FilterChainProxy.java:374)
	at org.springframework.web.filter.OncePerRequestFilter.doFilter(OncePerRequestFilter.java:101)
	at org.springframework.security.web.FilterChainProxy$VirtualFilterChain.doFilter(FilterChainProxy.java:374)
	at org.springframework.web.filter.OncePerRequestFilter.doFilter(OncePerRequestFilter.java:101)
	at org.springframework.security.web.FilterChainProxy$VirtualFilterChain.doFilter(FilterChainProxy.java:374)
	at org.springframework.security.web.context.SecurityContextHolderFilter.doFilter(SecurityContextHolderFilter.java:82)
	at org.springframework.security.web.context.SecurityContextHolderFilter.doFilter(SecurityContextHolderFilter.java:69)
	at org.springframework.security.web.FilterChainProxy$VirtualFilterChain.doFilter(FilterChainProxy.java:374)
	at org.springframework.web.filter.OncePerRequestFilter.doFilter(OncePerRequestFilter.java:101)
	at org.springframework.security.web.FilterChainProxy$VirtualFilterChain.doFilter(FilterChainProxy.java:374)
	at org.springframework.web.filter.OncePerRequestFilter.doFilter(OncePerRequestFilter.java:101)
	at org.springframework.security.web.FilterChainProxy$VirtualFilterChain.doFilter(FilterChainProxy.java:374)
	at org.springframework.security.web.FilterChainProxy.doFilterInternal(FilterChainProxy.java:233)
	at org.springframework.security.web.FilterChainProxy.doFilter(FilterChainProxy.java:191)
	at java.base/jdk.internal.reflect.DirectMethodHandleAccessor.invoke(DirectMethodHandleAccessor.java:104)
	at java.base/java.lang.reflect.Method.invoke(Method.java:565)
	at org.springframework.aop.support.AopUtils.invokeJoinpointUsingReflection(AopUtils.java:360)
	at org.springframework.aop.framework.ReflectiveMethodInvocation.invokeJoinpoint(ReflectiveMethodInvocation.java:196)
	at org.springframework.aop.framework.ReflectiveMethodInvocation.proceed(ReflectiveMethodInvocation.java:163)
	at org.springframework.aop.aspectj.MethodInvocationProceedingJoinPoint.proceed(MethodInvocationProceedingJoinPoint.java:89)
	at sh.user.supportershighuserbackend.configuration.AopConfig.handleRequestRejectedException(AopConfig.java:19)
	at java.base/jdk.internal.reflect.DirectMethodHandleAccessor.invoke(DirectMethodHandleAccessor.java:104)
	at java.base/java.lang.reflect.Method.invoke(Method.java:565)
	at org.springframework.aop.aspectj.AbstractAspectJAdvice.invokeAdviceMethodWithGivenArgs(AbstractAspectJAdvice.java:649)
	at org.springframework.aop.aspectj.AbstractAspectJAdvice.invokeAdviceMethod(AbstractAspectJAdvice.java:631)
	at org.springframework.aop.aspectj.AspectJAroundAdvice.invoke(AspectJAroundAdvice.java:71)
	at org.springframework.aop.framework.ReflectiveMethodInvocation.proceed(ReflectiveMethodInvocation.java:184)
	at org.springframework.aop.interceptor.ExposeInvocationInterceptor.invoke(ExposeInvocationInterceptor.java:97)
	at org.springframework.aop.framework.ReflectiveMethodInvocation.proceed(ReflectiveMethodInvocation.java:184)
	at org.springframework.aop.framework.CglibAopProxy$DynamicAdvisedInterceptor.intercept(CglibAopProxy.java:728)
	at org.springframework.security.web.FilterChainProxy$$SpringCGLIB$$0.doFilter(<generated>)
	at org.springframework.web.filter.CompositeFilter$VirtualFilterChain.doFilter(CompositeFilter.java:113)
	at org.springframework.web.filter.ServletRequestPathFilter.doFilter(ServletRequestPathFilter.java:52)
	at org.springframework.web.filter.CompositeFilter$VirtualFilterChain.doFilter(CompositeFilter.java:113)
	at org.springframework.web.filter.CompositeFilter.doFilter(CompositeFilter.java:74)
	at org.springframework.security.config.annotation.web.configuration.WebSecurityConfiguration$CompositeFilterChainProxy.doFilter(WebSecurityConfiguration.java:319)
	at java.base/jdk.internal.reflect.DirectMethodHandleAccessor.invoke(DirectMethodHandleAccessor.java:104)
	at java.base/java.lang.reflect.Method.invoke(Method.java:565)
	at org.springframework.aop.support.AopUtils.invokeJoinpointUsingReflection(AopUtils.java:360)
	at org.springframework.aop.framework.ReflectiveMethodInvocation.invokeJoinpoint(ReflectiveMethodInvocation.java:196)
	at org.springframework.aop.framework.ReflectiveMethodInvocation.proceed(ReflectiveMethodInvocation.java:163)
	at org.springframework.aop.aspectj.MethodInvocationProceedingJoinPoint.proceed(MethodInvocationProceedingJoinPoint.java:89)
	at sh.user.supportershighuserbackend.configuration.AopConfig.handleRequestRejectedException(AopConfig.java:19)
	at java.base/jdk.internal.reflect.DirectMethodHandleAccessor.invoke(DirectMethodHandleAccessor.java:104)
	at java.base/java.lang.reflect.Method.invoke(Method.java:565)
	at org.springframework.aop.aspectj.AbstractAspectJAdvice.invokeAdviceMethodWithGivenArgs(AbstractAspectJAdvice.java:649)
	at org.springframework.aop.aspectj.AbstractAspectJAdvice.invokeAdviceMethod(AbstractAspectJAdvice.java:631)
	at org.springframework.aop.aspectj.AspectJAroundAdvice.invoke(AspectJAroundAdvice.java:71)
	at org.springframework.aop.framework.ReflectiveMethodInvocation.proceed(ReflectiveMethodInvocation.java:184)
	at org.springframework.aop.interceptor.ExposeInvocationInterceptor.invoke(ExposeInvocationInterceptor.java:97)
	at org.springframework.aop.framework.ReflectiveMethodInvocation.proceed(ReflectiveMethodInvocation.java:184)
	at org.springframework.aop.framework.CglibAopProxy$DynamicAdvisedInterceptor.intercept(CglibAopProxy.java:728)
	at org.springframework.security.config.annotation.web.configuration.WebSecurityConfiguration$CompositeFilterChainProxy$$SpringCGLIB$$0.doFilter(<generated>)
	at org.springframework.web.filter.CompositeFilter$VirtualFilterChain.doFilter(CompositeFilter.java:113)
	at org.springframework.web.servlet.handler.HandlerMappingIntrospector.lambda$createCacheFilter$4(HandlerMappingIntrospector.java:267)
	at org.springframework.web.filter.CompositeFilter$VirtualFilterChain.doFilter(CompositeFilter.java:113)
	at org.springframework.web.filter.CompositeFilter.doFilter(CompositeFilter.java:74)
	at org.springframework.security.config.annotation.web.configuration.WebMvcSecurityConfiguration$CompositeFilterChainProxy.doFilter(WebMvcSecurityConfiguration.java:240)
	at java.base/jdk.internal.reflect.DirectMethodHandleAccessor.invoke(DirectMethodHandleAccessor.java:104)
	at java.base/java.lang.reflect.Method.invoke(Method.java:565)
	at org.springframework.aop.support.AopUtils.invokeJoinpointUsingReflection(AopUtils.java:360)
	at org.springframework.aop.framework.ReflectiveMethodInvocation.invokeJoinpoint(ReflectiveMethodInvocation.java:196)
	at org.springframework.aop.framework.ReflectiveMethodInvocation.proceed(ReflectiveMethodInvocation.java:163)
	at org.springframework.aop.aspectj.MethodInvocationProceedingJoinPoint.proceed(MethodInvocationProceedingJoinPoint.java:89)
	at sh.user.supportershighuserbackend.configuration.AopConfig.handleRequestRejectedException(AopConfig.java:19)
	at java.base/jdk.internal.reflect.DirectMethodHandleAccessor.invoke(DirectMethodHandleAccessor.java:104)
	at java.base/java.lang.reflect.Method.invoke(Method.java:565)
	at org.springframework.aop.aspectj.AbstractAspectJAdvice.invokeAdviceMethodWithGivenArgs(AbstractAspectJAdvice.java:649)
	at org.springframework.aop.aspectj.AbstractAspectJAdvice.invokeAdviceMethod(AbstractAspectJAdvice.java:631)
	at org.springframework.aop.aspectj.AspectJAroundAdvice.invoke(AspectJAroundAdvice.java:71)
	at org.springframework.aop.framework.ReflectiveMethodInvocation.proceed(ReflectiveMethodInvocation.java:184)
	at org.springframework.aop.interceptor.ExposeInvocationInterceptor.invoke(ExposeInvocationInterceptor.java:97)
	at org.springframework.aop.framework.ReflectiveMethodInvocation.proceed(ReflectiveMethodInvocation.java:184)
	at org.springframework.aop.framework.CglibAopProxy$DynamicAdvisedInterceptor.intercept(CglibAopProxy.java:728)
	at org.springframework.security.config.annotation.web.configuration.WebMvcSecurityConfiguration$CompositeFilterChainProxy$$SpringCGLIB$$0.doFilter(<generated>)
	at org.springframework.web.filter.DelegatingFilterProxy.invokeDelegate(DelegatingFilterProxy.java:362)
	at org.springframework.web.filter.DelegatingFilterProxy.doFilter(DelegatingFilterProxy.java:278)
	at org.apache.catalina.core.ApplicationFilterChain.internalDoFilter(ApplicationFilterChain.java:164)
	at org.apache.catalina.core.ApplicationFilterChain.doFilter(ApplicationFilterChain.java:140)
	at org.springframework.web.filter.RequestContextFilter.doFilterInternal(RequestContextFilter.java:100)
	at org.springframework.web.filter.OncePerRequestFilter.doFilter(OncePerRequestFilter.java:116)
	at org.apache.catalina.core.ApplicationFilterChain.internalDoFilter(ApplicationFilterChain.java:164)
	at org.apache.catalina.core.ApplicationFilterChain.doFilter(ApplicationFilterChain.java:140)
	at org.springframework.web.filter.OncePerRequestFilter.doFilter(OncePerRequestFilter.java:101)
	at org.apache.catalina.core.ApplicationFilterChain.internalDoFilter(ApplicationFilterChain.java:164)
	at org.apache.catalina.core.ApplicationFilterChain.doFilter(ApplicationFilterChain.java:140)
	at org.springframework.web.filter.OncePerRequestFilter.doFilter(OncePerRequestFilter.java:101)
	at org.apache.catalina.core.ApplicationFilterChain.internalDoFilter(ApplicationFilterChain.java:164)
	at org.apache.catalina.core.ApplicationFilterChain.doFilter(ApplicationFilterChain.java:140)
	at org.apache.catalina.core.ApplicationDispatcher.invoke(ApplicationDispatcher.java:612)
	at org.apache.catalina.core.ApplicationDispatcher.processRequest(ApplicationDispatcher.java:396)
	at org.apache.catalina.core.ApplicationDispatcher.doForward(ApplicationDispatcher.java:323)
	at org.apache.catalina.core.ApplicationDispatcher.forward(ApplicationDispatcher.java:268)
	at org.apache.catalina.core.StandardHostValve.custom(StandardHostValve.java:377)
	at org.apache.catalina.core.StandardHostValve.status(StandardHostValve.java:209)
	at org.apache.catalina.core.StandardHostValve.invoke(StandardHostValve.java:152)
	at org.apache.catalina.valves.ErrorReportValve.invoke(ErrorReportValve.java:93)
	at org.apache.catalina.core.StandardEngineValve.invoke(StandardEngineValve.java:74)
	at org.apache.catalina.connector.CoyoteAdapter.service(CoyoteAdapter.java:344)
	at org.apache.coyote.http11.Http11Processor.service(Http11Processor.java:398)
	at org.apache.coyote.AbstractProcessorLight.process(AbstractProcessorLight.java:63)
	at org.apache.coyote.AbstractProtocol$ConnectionHandler.process(AbstractProtocol.java:903)
	at org.apache.tomcat.util.net.NioEndpoint$SocketProcessor.doRun(NioEndpoint.java:1769)
	at org.apache.tomcat.util.net.SocketProcessorBase.run(SocketProcessorBase.java:52)
	at org.apache.tomcat.util.threads.ThreadPoolExecutor.runWorker(ThreadPoolExecutor.java:1189)
	at org.apache.tomcat.util.threads.ThreadPoolExecutor$Worker.run(ThreadPoolExecutor.java:658)
	at org.apache.tomcat.util.threads.TaskThread$WrappingRunnable.run(TaskThread.java:63)
	at java.base/java.lang.Thread.run(Thread.java:1447)
03:19:31.419 INFO  [http-nio-8093-exec-7] [JwtTokenProvider.java-validateToken-134] validateToken 함수 진입 : 토큰 Provider 에서 검증할 토큰을 가지고 왔는지 확인
03:19:31.420 INFO  [http-nio-8093-exec-7] [JwtTokenProvider.java-validateToken-137] Checking JWT Token
03:19:31.421 INFO  [http-nio-8093-exec-7] [JwtTokenProvider.java-validateToken-144] Expired JWT Token
io.jsonwebtoken.ExpiredJwtException: JWT expired at 2025-09-22T16:23:56Z. Current time: 2025-10-08T18:19:31Z, a difference of 1389335421 milliseconds.  Allowed clock skew: 0 milliseconds.
	at io.jsonwebtoken.impl.DefaultJwtParser.parse(DefaultJwtParser.java:427)
	at io.jsonwebtoken.impl.DefaultJwtParser.parse(DefaultJwtParser.java:529)
	at io.jsonwebtoken.impl.DefaultJwtParser.parseClaimsJws(DefaultJwtParser.java:589)
	at io.jsonwebtoken.impl.ImmutableJwtParser.parseClaimsJws(ImmutableJwtParser.java:173)
	at sh.user.supportershighuserbackend.jwt.service.JwtTokenProvider.validateToken(JwtTokenProvider.java:138)
	at sh.user.supportershighuserbackend.jwt.service.JwtAuthenticationFilter.doFilter(JwtAuthenticationFilter.java:28)
	at org.springframework.security.web.FilterChainProxy$VirtualFilterChain.doFilter(FilterChainProxy.java:374)
	at org.springframework.security.web.authentication.logout.LogoutFilter.doFilter(LogoutFilter.java:107)
	at org.springframework.security.web.authentication.logout.LogoutFilter.doFilter(LogoutFilter.java:93)
	at org.springframework.security.web.FilterChainProxy$VirtualFilterChain.doFilter(FilterChainProxy.java:374)
	at org.springframework.web.filter.CorsFilter.doFilterInternal(CorsFilter.java:91)
	at org.springframework.web.filter.OncePerRequestFilter.doFilter(OncePerRequestFilter.java:116)
	at org.springframework.security.web.FilterChainProxy$VirtualFilterChain.doFilter(FilterChainProxy.java:374)
	at org.springframework.security.web.header.HeaderWriterFilter.doHeadersAfter(HeaderWriterFilter.java:90)
	at org.springframework.security.web.header.HeaderWriterFilter.doFilterInternal(HeaderWriterFilter.java:75)
	at org.springframework.web.filter.OncePerRequestFilter.doFilter(OncePerRequestFilter.java:116)
	at org.springframework.security.web.FilterChainProxy$VirtualFilterChain.doFilter(FilterChainProxy.java:374)
	at org.springframework.security.web.context.SecurityContextHolderFilter.doFilter(SecurityContextHolderFilter.java:82)
	at org.springframework.security.web.context.SecurityContextHolderFilter.doFilter(SecurityContextHolderFilter.java:69)
	at org.springframework.security.web.FilterChainProxy$VirtualFilterChain.doFilter(FilterChainProxy.java:374)
	at org.springframework.security.web.context.request.async.WebAsyncManagerIntegrationFilter.doFilterInternal(WebAsyncManagerIntegrationFilter.java:62)
	at org.springframework.web.filter.OncePerRequestFilter.doFilter(OncePerRequestFilter.java:116)
	at org.springframework.security.web.FilterChainProxy$VirtualFilterChain.doFilter(FilterChainProxy.java:374)
	at org.springframework.security.web.session.DisableEncodeUrlFilter.doFilterInternal(DisableEncodeUrlFilter.java:42)
	at org.springframework.web.filter.OncePerRequestFilter.doFilter(OncePerRequestFilter.java:116)
	at org.springframework.security.web.FilterChainProxy$VirtualFilterChain.doFilter(FilterChainProxy.java:374)
	at org.springframework.security.web.FilterChainProxy.doFilterInternal(FilterChainProxy.java:233)
	at org.springframework.security.web.FilterChainProxy.doFilter(FilterChainProxy.java:191)
	at java.base/jdk.internal.reflect.DirectMethodHandleAccessor.invoke(DirectMethodHandleAccessor.java:104)
	at java.base/java.lang.reflect.Method.invoke(Method.java:565)
	at org.springframework.aop.support.AopUtils.invokeJoinpointUsingReflection(AopUtils.java:360)
	at org.springframework.aop.framework.ReflectiveMethodInvocation.invokeJoinpoint(ReflectiveMethodInvocation.java:196)
	at org.springframework.aop.framework.ReflectiveMethodInvocation.proceed(ReflectiveMethodInvocation.java:163)
	at org.springframework.aop.aspectj.MethodInvocationProceedingJoinPoint.proceed(MethodInvocationProceedingJoinPoint.java:89)
	at sh.user.supportershighuserbackend.configuration.AopConfig.handleRequestRejectedException(AopConfig.java:19)
	at java.base/jdk.internal.reflect.DirectMethodHandleAccessor.invoke(DirectMethodHandleAccessor.java:104)
	at java.base/java.lang.reflect.Method.invoke(Method.java:565)
	at org.springframework.aop.aspectj.AbstractAspectJAdvice.invokeAdviceMethodWithGivenArgs(AbstractAspectJAdvice.java:649)
	at org.springframework.aop.aspectj.AbstractAspectJAdvice.invokeAdviceMethod(AbstractAspectJAdvice.java:631)
	at org.springframework.aop.aspectj.AspectJAroundAdvice.invoke(AspectJAroundAdvice.java:71)
	at org.springframework.aop.framework.ReflectiveMethodInvocation.proceed(ReflectiveMethodInvocation.java:184)
	at org.springframework.aop.interceptor.ExposeInvocationInterceptor.invoke(ExposeInvocationInterceptor.java:97)
	at org.springframework.aop.framework.ReflectiveMethodInvocation.proceed(ReflectiveMethodInvocation.java:184)
	at org.springframework.aop.framework.CglibAopProxy$DynamicAdvisedInterceptor.intercept(CglibAopProxy.java:728)
	at org.springframework.security.web.FilterChainProxy$$SpringCGLIB$$0.doFilter(<generated>)
	at org.springframework.web.filter.CompositeFilter$VirtualFilterChain.doFilter(CompositeFilter.java:113)
	at org.springframework.web.filter.ServletRequestPathFilter.doFilter(ServletRequestPathFilter.java:52)
	at org.springframework.web.filter.CompositeFilter$VirtualFilterChain.doFilter(CompositeFilter.java:113)
	at org.springframework.web.filter.CompositeFilter.doFilter(CompositeFilter.java:74)
	at org.springframework.security.config.annotation.web.configuration.WebSecurityConfiguration$CompositeFilterChainProxy.doFilter(WebSecurityConfiguration.java:319)
	at java.base/jdk.internal.reflect.DirectMethodHandleAccessor.invoke(DirectMethodHandleAccessor.java:104)
	at java.base/java.lang.reflect.Method.invoke(Method.java:565)
	at org.springframework.aop.support.AopUtils.invokeJoinpointUsingReflection(AopUtils.java:360)
	at org.springframework.aop.framework.ReflectiveMethodInvocation.invokeJoinpoint(ReflectiveMethodInvocation.java:196)
	at org.springframework.aop.framework.ReflectiveMethodInvocation.proceed(ReflectiveMethodInvocation.java:163)
	at org.springframework.aop.aspectj.MethodInvocationProceedingJoinPoint.proceed(MethodInvocationProceedingJoinPoint.java:89)
	at sh.user.supportershighuserbackend.configuration.AopConfig.handleRequestRejectedException(AopConfig.java:19)
	at java.base/jdk.internal.reflect.DirectMethodHandleAccessor.invoke(DirectMethodHandleAccessor.java:104)
	at java.base/java.lang.reflect.Method.invoke(Method.java:565)
	at org.springframework.aop.aspectj.AbstractAspectJAdvice.invokeAdviceMethodWithGivenArgs(AbstractAspectJAdvice.java:649)
	at org.springframework.aop.aspectj.AbstractAspectJAdvice.invokeAdviceMethod(AbstractAspectJAdvice.java:631)
	at org.springframework.aop.aspectj.AspectJAroundAdvice.invoke(AspectJAroundAdvice.java:71)
	at org.springframework.aop.framework.ReflectiveMethodInvocation.proceed(ReflectiveMethodInvocation.java:184)
	at org.springframework.aop.interceptor.ExposeInvocationInterceptor.invoke(ExposeInvocationInterceptor.java:97)
	at org.springframework.aop.framework.ReflectiveMethodInvocation.proceed(ReflectiveMethodInvocation.java:184)
	at org.springframework.aop.framework.CglibAopProxy$DynamicAdvisedInterceptor.intercept(CglibAopProxy.java:728)
	at org.springframework.security.config.annotation.web.configuration.WebSecurityConfiguration$CompositeFilterChainProxy$$SpringCGLIB$$0.doFilter(<generated>)
	at org.springframework.web.filter.CompositeFilter$VirtualFilterChain.doFilter(CompositeFilter.java:113)
	at org.springframework.web.servlet.handler.HandlerMappingIntrospector.lambda$createCacheFilter$4(HandlerMappingIntrospector.java:267)
	at org.springframework.web.filter.CompositeFilter$VirtualFilterChain.doFilter(CompositeFilter.java:113)
	at org.springframework.web.filter.CompositeFilter.doFilter(CompositeFilter.java:74)
	at org.springframework.security.config.annotation.web.configuration.WebMvcSecurityConfiguration$CompositeFilterChainProxy.doFilter(WebMvcSecurityConfiguration.java:240)
	at java.base/jdk.internal.reflect.DirectMethodHandleAccessor.invoke(DirectMethodHandleAccessor.java:104)
	at java.base/java.lang.reflect.Method.invoke(Method.java:565)
	at org.springframework.aop.support.AopUtils.invokeJoinpointUsingReflection(AopUtils.java:360)
	at org.springframework.aop.framework.ReflectiveMethodInvocation.invokeJoinpoint(ReflectiveMethodInvocation.java:196)
	at org.springframework.aop.framework.ReflectiveMethodInvocation.proceed(ReflectiveMethodInvocation.java:163)
	at org.springframework.aop.aspectj.MethodInvocationProceedingJoinPoint.proceed(MethodInvocationProceedingJoinPoint.java:89)
	at sh.user.supportershighuserbackend.configuration.AopConfig.handleRequestRejectedException(AopConfig.java:19)
	at java.base/jdk.internal.reflect.DirectMethodHandleAccessor.invoke(DirectMethodHandleAccessor.java:104)
	at java.base/java.lang.reflect.Method.invoke(Method.java:565)
	at org.springframework.aop.aspectj.AbstractAspectJAdvice.invokeAdviceMethodWithGivenArgs(AbstractAspectJAdvice.java:649)
	at org.springframework.aop.aspectj.AbstractAspectJAdvice.invokeAdviceMethod(AbstractAspectJAdvice.java:631)
	at org.springframework.aop.aspectj.AspectJAroundAdvice.invoke(AspectJAroundAdvice.java:71)
	at org.springframework.aop.framework.ReflectiveMethodInvocation.proceed(ReflectiveMethodInvocation.java:184)
	at org.springframework.aop.interceptor.ExposeInvocationInterceptor.invoke(ExposeInvocationInterceptor.java:97)
	at org.springframework.aop.framework.ReflectiveMethodInvocation.proceed(ReflectiveMethodInvocation.java:184)
	at org.springframework.aop.framework.CglibAopProxy$DynamicAdvisedInterceptor.intercept(CglibAopProxy.java:728)
	at org.springframework.security.config.annotation.web.configuration.WebMvcSecurityConfiguration$CompositeFilterChainProxy$$SpringCGLIB$$0.doFilter(<generated>)
	at org.springframework.web.filter.DelegatingFilterProxy.invokeDelegate(DelegatingFilterProxy.java:362)
	at org.springframework.web.filter.DelegatingFilterProxy.doFilter(DelegatingFilterProxy.java:278)
	at org.apache.catalina.core.ApplicationFilterChain.internalDoFilter(ApplicationFilterChain.java:164)
	at org.apache.catalina.core.ApplicationFilterChain.doFilter(ApplicationFilterChain.java:140)
	at org.springframework.web.filter.RequestContextFilter.doFilterInternal(RequestContextFilter.java:100)
	at org.springframework.web.filter.OncePerRequestFilter.doFilter(OncePerRequestFilter.java:116)
	at org.apache.catalina.core.ApplicationFilterChain.internalDoFilter(ApplicationFilterChain.java:164)
	at org.apache.catalina.core.ApplicationFilterChain.doFilter(ApplicationFilterChain.java:140)
	at org.springframework.web.filter.FormContentFilter.doFilterInternal(FormContentFilter.java:93)
	at org.springframework.web.filter.OncePerRequestFilter.doFilter(OncePerRequestFilter.java:116)
	at org.apache.catalina.core.ApplicationFilterChain.internalDoFilter(ApplicationFilterChain.java:164)
	at org.apache.catalina.core.ApplicationFilterChain.doFilter(ApplicationFilterChain.java:140)
	at org.springframework.web.filter.CharacterEncodingFilter.doFilterInternal(CharacterEncodingFilter.java:201)
	at org.springframework.web.filter.OncePerRequestFilter.doFilter(OncePerRequestFilter.java:116)
	at org.apache.catalina.core.ApplicationFilterChain.internalDoFilter(ApplicationFilterChain.java:164)
	at org.apache.catalina.core.ApplicationFilterChain.doFilter(ApplicationFilterChain.java:140)
	at org.apache.catalina.core.StandardWrapperValve.invoke(StandardWrapperValve.java:167)
	at org.apache.catalina.core.StandardContextValve.invoke(StandardContextValve.java:90)
	at org.apache.catalina.authenticator.AuthenticatorBase.invoke(AuthenticatorBase.java:483)
	at org.apache.catalina.core.StandardHostValve.invoke(StandardHostValve.java:116)
	at org.apache.catalina.valves.ErrorReportValve.invoke(ErrorReportValve.java:93)
	at org.apache.catalina.core.StandardEngineValve.invoke(StandardEngineValve.java:74)
	at org.apache.catalina.connector.CoyoteAdapter.service(CoyoteAdapter.java:344)
	at org.apache.coyote.http11.Http11Processor.service(Http11Processor.java:398)
	at org.apache.coyote.AbstractProcessorLight.process(AbstractProcessorLight.java:63)
	at org.apache.coyote.AbstractProtocol$ConnectionHandler.process(AbstractProtocol.java:903)
	at org.apache.tomcat.util.net.NioEndpoint$SocketProcessor.doRun(NioEndpoint.java:1769)
	at org.apache.tomcat.util.net.SocketProcessorBase.run(SocketProcessorBase.java:52)
	at org.apache.tomcat.util.threads.ThreadPoolExecutor.runWorker(ThreadPoolExecutor.java:1189)
	at org.apache.tomcat.util.threads.ThreadPoolExecutor$Worker.run(ThreadPoolExecutor.java:658)
	at org.apache.tomcat.util.threads.TaskThread$WrappingRunnable.run(TaskThread.java:63)
	at java.base/java.lang.Thread.run(Thread.java:1447)
03:19:31.426 WARN  [http-nio-8093-exec-7] [AbstractHandlerExceptionResolver.java-logException-254] Resolved [org.springframework.web.HttpMediaTypeNotSupportedException: Content-Type 'multipart/form-data;boundary=----WebKitFormBoundaryN31GlUt1fUhfPsIo;charset=UTF-8' is not supported]
03:19:31.428 INFO  [http-nio-8093-exec-7] [JwtTokenProvider.java-validateToken-134] validateToken 함수 진입 : 토큰 Provider 에서 검증할 토큰을 가지고 왔는지 확인
03:19:31.428 INFO  [http-nio-8093-exec-7] [JwtTokenProvider.java-validateToken-137] Checking JWT Token
03:19:31.429 INFO  [http-nio-8093-exec-7] [JwtTokenProvider.java-validateToken-144] Expired JWT Token
io.jsonwebtoken.ExpiredJwtException: JWT expired at 2025-09-22T16:23:56Z. Current time: 2025-10-08T18:19:31Z, a difference of 1389335429 milliseconds.  Allowed clock skew: 0 milliseconds.
	at io.jsonwebtoken.impl.DefaultJwtParser.parse(DefaultJwtParser.java:427)
	at io.jsonwebtoken.impl.DefaultJwtParser.parse(DefaultJwtParser.java:529)
	at io.jsonwebtoken.impl.DefaultJwtParser.parseClaimsJws(DefaultJwtParser.java:589)
	at io.jsonwebtoken.impl.ImmutableJwtParser.parseClaimsJws(ImmutableJwtParser.java:173)
	at sh.user.supportershighuserbackend.jwt.service.JwtTokenProvider.validateToken(JwtTokenProvider.java:138)
	at sh.user.supportershighuserbackend.jwt.service.JwtAuthenticationFilter.doFilter(JwtAuthenticationFilter.java:28)
	at org.springframework.security.web.FilterChainProxy$VirtualFilterChain.doFilter(FilterChainProxy.java:374)
	at org.springframework.security.web.authentication.logout.LogoutFilter.doFilter(LogoutFilter.java:107)
	at org.springframework.security.web.authentication.logout.LogoutFilter.doFilter(LogoutFilter.java:93)
	at org.springframework.security.web.FilterChainProxy$VirtualFilterChain.doFilter(FilterChainProxy.java:374)
	at org.springframework.web.filter.OncePerRequestFilter.doFilter(OncePerRequestFilter.java:101)
	at org.springframework.security.web.FilterChainProxy$VirtualFilterChain.doFilter(FilterChainProxy.java:374)
	at org.springframework.web.filter.OncePerRequestFilter.doFilter(OncePerRequestFilter.java:101)
	at org.springframework.security.web.FilterChainProxy$VirtualFilterChain.doFilter(FilterChainProxy.java:374)
	at org.springframework.security.web.context.SecurityContextHolderFilter.doFilter(SecurityContextHolderFilter.java:82)
	at org.springframework.security.web.context.SecurityContextHolderFilter.doFilter(SecurityContextHolderFilter.java:69)
	at org.springframework.security.web.FilterChainProxy$VirtualFilterChain.doFilter(FilterChainProxy.java:374)
	at org.springframework.web.filter.OncePerRequestFilter.doFilter(OncePerRequestFilter.java:101)
	at org.springframework.security.web.FilterChainProxy$VirtualFilterChain.doFilter(FilterChainProxy.java:374)
	at org.springframework.web.filter.OncePerRequestFilter.doFilter(OncePerRequestFilter.java:101)
	at org.springframework.security.web.FilterChainProxy$VirtualFilterChain.doFilter(FilterChainProxy.java:374)
	at org.springframework.security.web.FilterChainProxy.doFilterInternal(FilterChainProxy.java:233)
	at org.springframework.security.web.FilterChainProxy.doFilter(FilterChainProxy.java:191)
	at java.base/jdk.internal.reflect.DirectMethodHandleAccessor.invoke(DirectMethodHandleAccessor.java:104)
	at java.base/java.lang.reflect.Method.invoke(Method.java:565)
	at org.springframework.aop.support.AopUtils.invokeJoinpointUsingReflection(AopUtils.java:360)
	at org.springframework.aop.framework.ReflectiveMethodInvocation.invokeJoinpoint(ReflectiveMethodInvocation.java:196)
	at org.springframework.aop.framework.ReflectiveMethodInvocation.proceed(ReflectiveMethodInvocation.java:163)
	at org.springframework.aop.aspectj.MethodInvocationProceedingJoinPoint.proceed(MethodInvocationProceedingJoinPoint.java:89)
	at sh.user.supportershighuserbackend.configuration.AopConfig.handleRequestRejectedException(AopConfig.java:19)
	at java.base/jdk.internal.reflect.DirectMethodHandleAccessor.invoke(DirectMethodHandleAccessor.java:104)
	at java.base/java.lang.reflect.Method.invoke(Method.java:565)
	at org.springframework.aop.aspectj.AbstractAspectJAdvice.invokeAdviceMethodWithGivenArgs(AbstractAspectJAdvice.java:649)
	at org.springframework.aop.aspectj.AbstractAspectJAdvice.invokeAdviceMethod(AbstractAspectJAdvice.java:631)
	at org.springframework.aop.aspectj.AspectJAroundAdvice.invoke(AspectJAroundAdvice.java:71)
	at org.springframework.aop.framework.ReflectiveMethodInvocation.proceed(ReflectiveMethodInvocation.java:184)
	at org.springframework.aop.interceptor.ExposeInvocationInterceptor.invoke(ExposeInvocationInterceptor.java:97)
	at org.springframework.aop.framework.ReflectiveMethodInvocation.proceed(ReflectiveMethodInvocation.java:184)
	at org.springframework.aop.framework.CglibAopProxy$DynamicAdvisedInterceptor.intercept(CglibAopProxy.java:728)
	at org.springframework.security.web.FilterChainProxy$$SpringCGLIB$$0.doFilter(<generated>)
	at org.springframework.web.filter.CompositeFilter$VirtualFilterChain.doFilter(CompositeFilter.java:113)
	at org.springframework.web.filter.ServletRequestPathFilter.doFilter(ServletRequestPathFilter.java:52)
	at org.springframework.web.filter.CompositeFilter$VirtualFilterChain.doFilter(CompositeFilter.java:113)
	at org.springframework.web.filter.CompositeFilter.doFilter(CompositeFilter.java:74)
	at org.springframework.security.config.annotation.web.configuration.WebSecurityConfiguration$CompositeFilterChainProxy.doFilter(WebSecurityConfiguration.java:319)
	at java.base/jdk.internal.reflect.DirectMethodHandleAccessor.invoke(DirectMethodHandleAccessor.java:104)
	at java.base/java.lang.reflect.Method.invoke(Method.java:565)
	at org.springframework.aop.support.AopUtils.invokeJoinpointUsingReflection(AopUtils.java:360)
	at org.springframework.aop.framework.ReflectiveMethodInvocation.invokeJoinpoint(ReflectiveMethodInvocation.java:196)
	at org.springframework.aop.framework.ReflectiveMethodInvocation.proceed(ReflectiveMethodInvocation.java:163)
	at org.springframework.aop.aspectj.MethodInvocationProceedingJoinPoint.proceed(MethodInvocationProceedingJoinPoint.java:89)
	at sh.user.supportershighuserbackend.configuration.AopConfig.handleRequestRejectedException(AopConfig.java:19)
	at java.base/jdk.internal.reflect.DirectMethodHandleAccessor.invoke(DirectMethodHandleAccessor.java:104)
	at java.base/java.lang.reflect.Method.invoke(Method.java:565)
	at org.springframework.aop.aspectj.AbstractAspectJAdvice.invokeAdviceMethodWithGivenArgs(AbstractAspectJAdvice.java:649)
	at org.springframework.aop.aspectj.AbstractAspectJAdvice.invokeAdviceMethod(AbstractAspectJAdvice.java:631)
	at org.springframework.aop.aspectj.AspectJAroundAdvice.invoke(AspectJAroundAdvice.java:71)
	at org.springframework.aop.framework.ReflectiveMethodInvocation.proceed(ReflectiveMethodInvocation.java:184)
	at org.springframework.aop.interceptor.ExposeInvocationInterceptor.invoke(ExposeInvocationInterceptor.java:97)
	at org.springframework.aop.framework.ReflectiveMethodInvocation.proceed(ReflectiveMethodInvocation.java:184)
	at org.springframework.aop.framework.CglibAopProxy$DynamicAdvisedInterceptor.intercept(CglibAopProxy.java:728)
	at org.springframework.security.config.annotation.web.configuration.WebSecurityConfiguration$CompositeFilterChainProxy$$SpringCGLIB$$0.doFilter(<generated>)
	at org.springframework.web.filter.CompositeFilter$VirtualFilterChain.doFilter(CompositeFilter.java:113)
	at org.springframework.web.servlet.handler.HandlerMappingIntrospector.lambda$createCacheFilter$4(HandlerMappingIntrospector.java:267)
	at org.springframework.web.filter.CompositeFilter$VirtualFilterChain.doFilter(CompositeFilter.java:113)
	at org.springframework.web.filter.CompositeFilter.doFilter(CompositeFilter.java:74)
	at org.springframework.security.config.annotation.web.configuration.WebMvcSecurityConfiguration$CompositeFilterChainProxy.doFilter(WebMvcSecurityConfiguration.java:240)
	at java.base/jdk.internal.reflect.DirectMethodHandleAccessor.invoke(DirectMethodHandleAccessor.java:104)
	at java.base/java.lang.reflect.Method.invoke(Method.java:565)
	at org.springframework.aop.support.AopUtils.invokeJoinpointUsingReflection(AopUtils.java:360)
	at org.springframework.aop.framework.ReflectiveMethodInvocation.invokeJoinpoint(ReflectiveMethodInvocation.java:196)
	at org.springframework.aop.framework.ReflectiveMethodInvocation.proceed(ReflectiveMethodInvocation.java:163)
	at org.springframework.aop.aspectj.MethodInvocationProceedingJoinPoint.proceed(MethodInvocationProceedingJoinPoint.java:89)
	at sh.user.supportershighuserbackend.configuration.AopConfig.handleRequestRejectedException(AopConfig.java:19)
	at java.base/jdk.internal.reflect.DirectMethodHandleAccessor.invoke(DirectMethodHandleAccessor.java:104)
	at java.base/java.lang.reflect.Method.invoke(Method.java:565)
	at org.springframework.aop.aspectj.AbstractAspectJAdvice.invokeAdviceMethodWithGivenArgs(AbstractAspectJAdvice.java:649)
	at org.springframework.aop.aspectj.AbstractAspectJAdvice.invokeAdviceMethod(AbstractAspectJAdvice.java:631)
	at org.springframework.aop.aspectj.AspectJAroundAdvice.invoke(AspectJAroundAdvice.java:71)
	at org.springframework.aop.framework.ReflectiveMethodInvocation.proceed(ReflectiveMethodInvocation.java:184)
	at org.springframework.aop.interceptor.ExposeInvocationInterceptor.invoke(ExposeInvocationInterceptor.java:97)
	at org.springframework.aop.framework.ReflectiveMethodInvocation.proceed(ReflectiveMethodInvocation.java:184)
	at org.springframework.aop.framework.CglibAopProxy$DynamicAdvisedInterceptor.intercept(CglibAopProxy.java:728)
	at org.springframework.security.config.annotation.web.configuration.WebMvcSecurityConfiguration$CompositeFilterChainProxy$$SpringCGLIB$$0.doFilter(<generated>)
	at org.springframework.web.filter.DelegatingFilterProxy.invokeDelegate(DelegatingFilterProxy.java:362)
	at org.springframework.web.filter.DelegatingFilterProxy.doFilter(DelegatingFilterProxy.java:278)
	at org.apache.catalina.core.ApplicationFilterChain.internalDoFilter(ApplicationFilterChain.java:164)
	at org.apache.catalina.core.ApplicationFilterChain.doFilter(ApplicationFilterChain.java:140)
	at org.springframework.web.filter.RequestContextFilter.doFilterInternal(RequestContextFilter.java:100)
	at org.springframework.web.filter.OncePerRequestFilter.doFilter(OncePerRequestFilter.java:116)
	at org.apache.catalina.core.ApplicationFilterChain.internalDoFilter(ApplicationFilterChain.java:164)
	at org.apache.catalina.core.ApplicationFilterChain.doFilter(ApplicationFilterChain.java:140)
	at org.springframework.web.filter.OncePerRequestFilter.doFilter(OncePerRequestFilter.java:101)
	at org.apache.catalina.core.ApplicationFilterChain.internalDoFilter(ApplicationFilterChain.java:164)
	at org.apache.catalina.core.ApplicationFilterChain.doFilter(ApplicationFilterChain.java:140)
	at org.springframework.web.filter.OncePerRequestFilter.doFilter(OncePerRequestFilter.java:101)
	at org.apache.catalina.core.ApplicationFilterChain.internalDoFilter(ApplicationFilterChain.java:164)
	at org.apache.catalina.core.ApplicationFilterChain.doFilter(ApplicationFilterChain.java:140)
	at org.apache.catalina.core.ApplicationDispatcher.invoke(ApplicationDispatcher.java:612)
	at org.apache.catalina.core.ApplicationDispatcher.processRequest(ApplicationDispatcher.java:396)
	at org.apache.catalina.core.ApplicationDispatcher.doForward(ApplicationDispatcher.java:323)
	at org.apache.catalina.core.ApplicationDispatcher.forward(ApplicationDispatcher.java:268)
	at org.apache.catalina.core.StandardHostValve.custom(StandardHostValve.java:377)
	at org.apache.catalina.core.StandardHostValve.status(StandardHostValve.java:209)
	at org.apache.catalina.core.StandardHostValve.invoke(StandardHostValve.java:152)
	at org.apache.catalina.valves.ErrorReportValve.invoke(ErrorReportValve.java:93)
	at org.apache.catalina.core.StandardEngineValve.invoke(StandardEngineValve.java:74)
	at org.apache.catalina.connector.CoyoteAdapter.service(CoyoteAdapter.java:344)
	at org.apache.coyote.http11.Http11Processor.service(Http11Processor.java:398)
	at org.apache.coyote.AbstractProcessorLight.process(AbstractProcessorLight.java:63)
	at org.apache.coyote.AbstractProtocol$ConnectionHandler.process(AbstractProtocol.java:903)
	at org.apache.tomcat.util.net.NioEndpoint$SocketProcessor.doRun(NioEndpoint.java:1769)
	at org.apache.tomcat.util.net.SocketProcessorBase.run(SocketProcessorBase.java:52)
	at org.apache.tomcat.util.threads.ThreadPoolExecutor.runWorker(ThreadPoolExecutor.java:1189)
	at org.apache.tomcat.util.threads.ThreadPoolExecutor$Worker.run(ThreadPoolExecutor.java:658)
	at org.apache.tomcat.util.threads.TaskThread$WrappingRunnable.run(TaskThread.java:63)
	at java.base/java.lang.Thread.run(Thread.java:1447)
03:21:00.444 INFO  [SpringApplicationShutdownHook] [CloseEventListener.java-onApplicationEvent-15] CloseEventListener!!
03:21:00.446 INFO  [SpringApplicationShutdownHook] [GracefulShutdown.java-shutDownGracefully-54] Commencing graceful shutdown. Waiting for active requests to complete
03:21:00.450 INFO  [tomcat-shutdown] [GracefulShutdown.java-doShutdown-76] Graceful shutdown complete
03:21:00.467 INFO  [SpringApplicationShutdownHook] [AbstractEntityManagerFactoryBean.java-destroy-660] Closing JPA EntityManagerFactory for persistence unit 'default'
03:21:00.469 INFO  [SpringApplicationShutdownHook] [HikariDataSource.java-close-349] HikariPool-1 - Shutdown initiated...
03:21:00.472 INFO  [SpringApplicationShutdownHook] [HikariDataSource.java-close-351] HikariPool-1 - Shutdown completed.
03:21:05.434 INFO  [background-preinit] [Version.java-<clinit>-21] HV000001: Hibernate Validator 8.0.2.Final
03:21:05.456 INFO  [restartedMain] [StartupInfoLogger.java-logStarting-53] Starting SupportershighUserBackendApplication using Java 24.0.1 with PID 25080 (E:\Development\BackEnd\fillo-user-backend\out\production\classes started by user in E:\Development\BackEnd\fillo-user-backend)
03:21:05.456 INFO  [restartedMain] [SpringApplication.java-logStartupProfileInfo-652] No active profile set, falling back to 1 default profile: "default"
03:21:05.481 INFO  [restartedMain] [DeferredLog.java-logTo-252] Devtools property defaults active! Set 'spring.devtools.add-properties' to 'false' to disable
03:21:05.481 INFO  [restartedMain] [DeferredLog.java-logTo-252] For additional web related logging consider setting the 'logging.level.web' property to 'DEBUG'
03:21:05.939 INFO  [restartedMain] [RepositoryConfigurationDelegate.java-multipleStoresDetected-294] Multiple Spring Data modules found, entering strict repository configuration mode
03:21:05.940 INFO  [restartedMain] [RepositoryConfigurationDelegate.java-registerRepositoriesIn-145] Bootstrapping Spring Data JDBC repositories in DEFAULT mode.
03:21:05.968 INFO  [restartedMain] [RepositoryConfigurationExtensionSupport.java-isStrictRepositoryCandidate-327] Spring Data JDBC - Could not safely identify store assignment for repository candidate interface sh.user.supportershighuserbackend.jwt.repository.JwtTokenRepository; If you want this repository to be a JDBC repository, consider annotating your entities with one of these annotations: org.springframework.data.relational.core.mapping.Table.
03:21:06.024 INFO  [restartedMain] [RepositoryConfigurationExtensionSupport.java-isStrictRepositoryCandidate-327] Spring Data JDBC - Could not safely identify store assignment for repository candidate interface sh.user.supportershighuserbackend.media.repository.MediaRepository; If you want this repository to be a JDBC repository, consider annotating your entities with one of these annotations: org.springframework.data.relational.core.mapping.Table.
03:21:06.038 INFO  [restartedMain] [RepositoryConfigurationDelegate.java-registerRepositoriesIn-213] Finished Spring Data repository scanning in 95 ms. Found 3 JDBC repository interfaces.
03:21:06.044 INFO  [restartedMain] [RepositoryConfigurationDelegate.java-multipleStoresDetected-294] Multiple Spring Data modules found, entering strict repository configuration mode
03:21:06.045 INFO  [restartedMain] [RepositoryConfigurationDelegate.java-registerRepositoriesIn-145] Bootstrapping Spring Data JPA repositories in DEFAULT mode.
03:21:06.058 INFO  [restartedMain] [DefaultListableBeanFactory.java-logBeanDefinitionOverriding-1334] Overriding bean definition for bean 'leagueRepository' with a different definition: replacing [Root bean: class=org.springframework.data.jdbc.repository.support.JdbcRepositoryFactoryBean; scope=; abstract=false; lazyInit=false; autowireMode=0; dependencyCheck=0; autowireCandidate=true; primary=false; fallback=false; factoryBeanName=null; factoryMethodName=null; initMethodNames=null; destroyMethodNames=null; defined in sh.user.supportershighuserbackend.league.repository.LeagueRepository defined in @EnableJdbcRepositories declared on JdbcRepositoriesRegistrar.EnableJdbcRepositoriesConfiguration] with [Root bean: class=org.springframework.data.jpa.repository.support.JpaRepositoryFactoryBean; scope=; abstract=false; lazyInit=false; autowireMode=0; dependencyCheck=0; autowireCandidate=true; primary=false; fallback=false; factoryBeanName=null; factoryMethodName=null; initMethodNames=null; destroyMethodNames=null; defined in sh.user.supportershighuserbackend.league.repository.LeagueRepository defined in @EnableJpaRepositories declared on JpaRepositoriesRegistrar.EnableJpaRepositoriesConfiguration]
03:21:06.059 INFO  [restartedMain] [DefaultListableBeanFactory.java-logBeanDefinitionOverriding-1334] Overriding bean definition for bean 'memberRepository' with a different definition: replacing [Root bean: class=org.springframework.data.jdbc.repository.support.JdbcRepositoryFactoryBean; scope=; abstract=false; lazyInit=false; autowireMode=0; dependencyCheck=0; autowireCandidate=true; primary=false; fallback=false; factoryBeanName=null; factoryMethodName=null; initMethodNames=null; destroyMethodNames=null; defined in sh.user.supportershighuserbackend.member.repository.MemberRepository defined in @EnableJdbcRepositories declared on JdbcRepositoriesRegistrar.EnableJdbcRepositoriesConfiguration] with [Root bean: class=org.springframework.data.jpa.repository.support.JpaRepositoryFactoryBean; scope=; abstract=false; lazyInit=false; autowireMode=0; dependencyCheck=0; autowireCandidate=true; primary=false; fallback=false; factoryBeanName=null; factoryMethodName=null; initMethodNames=null; destroyMethodNames=null; defined in sh.user.supportershighuserbackend.member.repository.MemberRepository defined in @EnableJpaRepositories declared on JpaRepositoriesRegistrar.EnableJpaRepositoriesConfiguration]
03:21:06.060 INFO  [restartedMain] [DefaultListableBeanFactory.java-logBeanDefinitionOverriding-1334] Overriding bean definition for bean 'teamRepository' with a different definition: replacing [Root bean: class=org.springframework.data.jdbc.repository.support.JdbcRepositoryFactoryBean; scope=; abstract=false; lazyInit=false; autowireMode=0; dependencyCheck=0; autowireCandidate=true; primary=false; fallback=false; factoryBeanName=null; factoryMethodName=null; initMethodNames=null; destroyMethodNames=null; defined in sh.user.supportershighuserbackend.team.repository.TeamRepository defined in @EnableJdbcRepositories declared on JdbcRepositoriesRegistrar.EnableJdbcRepositoriesConfiguration] with [Root bean: class=org.springframework.data.jpa.repository.support.JpaRepositoryFactoryBean; scope=; abstract=false; lazyInit=false; autowireMode=0; dependencyCheck=0; autowireCandidate=true; primary=false; fallback=false; factoryBeanName=null; factoryMethodName=null; initMethodNames=null; destroyMethodNames=null; defined in sh.user.supportershighuserbackend.team.repository.TeamRepository defined in @EnableJpaRepositories declared on JpaRepositoriesRegistrar.EnableJpaRepositoriesConfiguration]
03:21:06.060 INFO  [restartedMain] [RepositoryConfigurationDelegate.java-registerRepositoriesIn-213] Finished Spring Data repository scanning in 13 ms. Found 5 JPA repository interfaces.
03:21:06.485 INFO  [restartedMain] [TomcatWebServer.java-initialize-111] Tomcat initialized with port 8093 (http)
03:21:06.493 INFO  [restartedMain] [DirectJDKLog.java-log-168] Initializing ProtocolHandler ["http-nio-8093"]
03:21:06.493 INFO  [restartedMain] [DirectJDKLog.java-log-168] Starting service [Tomcat]
03:21:06.493 INFO  [restartedMain] [DirectJDKLog.java-log-168] Starting Servlet engine: [Apache Tomcat/10.1.43]
03:21:06.523 INFO  [restartedMain] [DirectJDKLog.java-log-168] Initializing Spring embedded WebApplicationContext
03:21:06.523 INFO  [restartedMain] [ServletWebServerApplicationContext.java-prepareWebApplicationContext-301] Root WebApplicationContext: initialization completed in 1042 ms
03:21:06.622 INFO  [restartedMain] [LogHelper.java-logPersistenceUnitInformation-31] HHH000204: Processing PersistenceUnitInfo [name: default]
03:21:06.650 INFO  [restartedMain] [Version.java-logVersion-44] HHH000412: Hibernate ORM core version 6.6.22.Final
03:21:06.672 INFO  [restartedMain] [RegionFactoryInitiator.java-initiateService-50] HHH000026: Second-level cache disabled
03:21:06.843 INFO  [restartedMain] [SpringPersistenceUnitInfo.java-addTransformer-87] No LoadTimeWeaver setup: ignoring JPA class transformer
03:21:06.860 WARN  [restartedMain] [HikariConfig.java-validateNumerics-1109] HikariPool-1 - keepaliveTime is greater than or equal to maxLifetime, disabling it.
03:21:06.860 INFO  [restartedMain] [HikariDataSource.java-getConnection-109] HikariPool-1 - Starting...
03:21:07.065 INFO  [restartedMain] [HikariPool.java-checkFailFast-580] HikariPool-1 - Added connection com.mysql.cj.jdbc.ConnectionImpl@1d012e57
03:21:07.066 INFO  [restartedMain] [HikariDataSource.java-getConnection-122] HikariPool-1 - Start completed.
03:21:07.104 INFO  [restartedMain] [JdbcEnvironmentInitiator.java-logConnectionInfo-163] HHH10001005: Database info:
	Database JDBC URL [Connecting through datasource 'HikariDataSource (HikariPool-1)']
	Database driver: undefined/unknown
	Database version: 8.0.34
	Autocommit mode: undefined/unknown
	Isolation level: undefined/unknown
	Minimum pool size: undefined/unknown
	Maximum pool size: undefined/unknown
03:21:07.109 DEBUG [restartedMain] [DdlTypeRegistry.java-addDescriptor-64] addDescriptor(12, org.hibernate.type.descriptor.sql.internal.CapacityDependentDdlType@1de51405) replaced previous registration(org.hibernate.type.descriptor.sql.internal.CapacityDependentDdlType@7b872613)
03:21:07.109 DEBUG [restartedMain] [DdlTypeRegistry.java-addDescriptor-64] addDescriptor(-9, org.hibernate.type.descriptor.sql.internal.CapacityDependentDdlType@9627642) replaced previous registration(org.hibernate.type.descriptor.sql.internal.CapacityDependentDdlType@394b1681)
03:21:07.109 DEBUG [restartedMain] [DdlTypeRegistry.java-addDescriptor-64] addDescriptor(-3, org.hibernate.type.descriptor.sql.internal.CapacityDependentDdlType@cbb6891) replaced previous registration(org.hibernate.type.descriptor.sql.internal.CapacityDependentDdlType@4e4e70ab)
03:21:07.109 DEBUG [restartedMain] [DdlTypeRegistry.java-addDescriptor-64] addDescriptor(4003, org.hibernate.type.descriptor.sql.internal.DdlTypeImpl@5404df46) replaced previous registration(org.hibernate.type.descriptor.sql.internal.DdlTypeImpl@359a3459)
03:21:07.109 DEBUG [restartedMain] [DdlTypeRegistry.java-addDescriptor-64] addDescriptor(4001, org.hibernate.type.descriptor.sql.internal.DdlTypeImpl@62322d9b) replaced previous registration(org.hibernate.type.descriptor.sql.internal.DdlTypeImpl@5f44c25e)
03:21:07.109 DEBUG [restartedMain] [DdlTypeRegistry.java-addDescriptor-64] addDescriptor(4002, org.hibernate.type.descriptor.sql.internal.DdlTypeImpl@2dc8c81f) replaced previous registration(org.hibernate.type.descriptor.sql.internal.DdlTypeImpl@49141903)
03:21:07.109 DEBUG [restartedMain] [DdlTypeRegistry.java-addDescriptor-64] addDescriptor(2004, org.hibernate.type.descriptor.sql.internal.CapacityDependentDdlType@3ab9bb4f) replaced previous registration(org.hibernate.type.descriptor.sql.internal.DdlTypeImpl@4316c874)
03:21:07.109 DEBUG [restartedMain] [DdlTypeRegistry.java-addDescriptor-64] addDescriptor(2005, org.hibernate.type.descriptor.sql.internal.CapacityDependentDdlType@28757839) replaced previous registration(org.hibernate.type.descriptor.sql.internal.DdlTypeImpl@4140b035)
03:21:07.109 DEBUG [restartedMain] [DdlTypeRegistry.java-addDescriptor-64] addDescriptor(2011, org.hibernate.type.descriptor.sql.internal.CapacityDependentDdlType@36541891) replaced previous registration(org.hibernate.type.descriptor.sql.internal.DdlTypeImpl@43f42347)
03:21:07.614 INFO  [restartedMain] [JtaPlatformInitiator.java-initiateService-59] HHH000489: No JTA platform available (set 'hibernate.transaction.jta.platform' to enable JTA platform integration)
03:21:07.794 INFO  [restartedMain] [AbstractEntityManagerFactoryBean.java-buildNativeEntityManagerFactory-447] Initialized JPA EntityManagerFactory for persistence unit 'default'
03:21:08.104 WARN  [restartedMain] [JpaBaseConfiguration.java-openEntityManagerInViewInterceptor-258] spring.jpa.open-in-view is enabled by default. Therefore, database queries may be performed during view rendering. Explicitly configure spring.jpa.open-in-view to disable this warning
03:21:08.227 INFO  [restartedMain] [InitializeUserDetailsBeanManagerConfigurer.java-configure-110] Global AuthenticationManager configured with UserDetailsService bean with name userDetailsServiceImpl
03:21:08.255 INFO  [restartedMain] [SecurityConfig.java-securityFilterChain-38] [ LOCAL ] Security Active
03:21:08.287 WARN  [restartedMain] [CglibAopProxy.java-doValidateClass-296] Unable to proxy interface-implementing method [public final void org.springframework.web.filter.GenericFilterBean.init(jakarta.servlet.FilterConfig) throws jakarta.servlet.ServletException] because it is marked as final, consider using interface-based JDK proxies instead.
03:21:08.295 WARN  [restartedMain] [CglibAopProxy.java-doValidateClass-296] Unable to proxy interface-implementing method [public final void org.springframework.web.filter.GenericFilterBean.init(jakarta.servlet.FilterConfig) throws jakarta.servlet.ServletException] because it is marked as final, consider using interface-based JDK proxies instead.
03:21:08.300 WARN  [restartedMain] [CglibAopProxy.java-doValidateClass-296] Unable to proxy interface-implementing method [public final void org.springframework.web.filter.GenericFilterBean.init(jakarta.servlet.FilterConfig) throws jakarta.servlet.ServletException] because it is marked as final, consider using interface-based JDK proxies instead.
03:21:08.455 INFO  [restartedMain] [OptionalLiveReloadServer.java-startServer-59] LiveReload server is running on port 35729
03:21:08.586 INFO  [restartedMain] [DirectJDKLog.java-log-168] Starting ProtocolHandler ["http-nio-8093"]
03:21:08.598 INFO  [restartedMain] [TomcatWebServer.java-start-243] Tomcat started on port 8093 (http) with context path '/'
03:21:08.602 INFO  [restartedMain] [StartupInfoLogger.java-logStarted-59] Started SupportershighUserBackendApplication in 3.441 seconds (process running for 3.838)
03:21:08.604 INFO  [restartedMain] [StartEventListener.java-onApplicationEvent-17] ApplicationReadyEvent: batch.issueCoupon=OFF
03:21:11.528 INFO  [http-nio-8093-exec-1] [DirectJDKLog.java-log-168] Initializing Spring DispatcherServlet 'dispatcherServlet'
03:21:11.528 INFO  [http-nio-8093-exec-1] [FrameworkServlet.java-initServletBean-532] Initializing Servlet 'dispatcherServlet'
03:21:11.529 INFO  [http-nio-8093-exec-1] [FrameworkServlet.java-initServletBean-554] Completed initialization in 1 ms
03:21:11.558 INFO  [http-nio-8093-exec-2] [JwtTokenProvider.java-validateToken-134] validateToken 함수 진입 : 토큰 Provider 에서 검증할 토큰을 가지고 왔는지 확인
03:21:11.558 INFO  [http-nio-8093-exec-2] [JwtTokenProvider.java-validateToken-137] Checking JWT Token
03:21:11.587 INFO  [http-nio-8093-exec-2] [JwtTokenProvider.java-validateToken-144] Expired JWT Token
io.jsonwebtoken.ExpiredJwtException: JWT expired at 2025-09-22T16:23:56Z. Current time: 2025-10-08T18:21:11Z, a difference of 1389435587 milliseconds.  Allowed clock skew: 0 milliseconds.
	at io.jsonwebtoken.impl.DefaultJwtParser.parse(DefaultJwtParser.java:427)
	at io.jsonwebtoken.impl.DefaultJwtParser.parse(DefaultJwtParser.java:529)
	at io.jsonwebtoken.impl.DefaultJwtParser.parseClaimsJws(DefaultJwtParser.java:589)
	at io.jsonwebtoken.impl.ImmutableJwtParser.parseClaimsJws(ImmutableJwtParser.java:173)
	at sh.user.supportershighuserbackend.jwt.service.JwtTokenProvider.validateToken(JwtTokenProvider.java:138)
	at sh.user.supportershighuserbackend.jwt.service.JwtAuthenticationFilter.doFilter(JwtAuthenticationFilter.java:28)
	at org.springframework.security.web.FilterChainProxy$VirtualFilterChain.doFilter(FilterChainProxy.java:374)
	at org.springframework.security.web.authentication.logout.LogoutFilter.doFilter(LogoutFilter.java:107)
	at org.springframework.security.web.authentication.logout.LogoutFilter.doFilter(LogoutFilter.java:93)
	at org.springframework.security.web.FilterChainProxy$VirtualFilterChain.doFilter(FilterChainProxy.java:374)
	at org.springframework.web.filter.CorsFilter.doFilterInternal(CorsFilter.java:91)
	at org.springframework.web.filter.OncePerRequestFilter.doFilter(OncePerRequestFilter.java:116)
	at org.springframework.security.web.FilterChainProxy$VirtualFilterChain.doFilter(FilterChainProxy.java:374)
	at org.springframework.security.web.header.HeaderWriterFilter.doHeadersAfter(HeaderWriterFilter.java:90)
	at org.springframework.security.web.header.HeaderWriterFilter.doFilterInternal(HeaderWriterFilter.java:75)
	at org.springframework.web.filter.OncePerRequestFilter.doFilter(OncePerRequestFilter.java:116)
	at org.springframework.security.web.FilterChainProxy$VirtualFilterChain.doFilter(FilterChainProxy.java:374)
	at org.springframework.security.web.context.SecurityContextHolderFilter.doFilter(SecurityContextHolderFilter.java:82)
	at org.springframework.security.web.context.SecurityContextHolderFilter.doFilter(SecurityContextHolderFilter.java:69)
	at org.springframework.security.web.FilterChainProxy$VirtualFilterChain.doFilter(FilterChainProxy.java:374)
	at org.springframework.security.web.context.request.async.WebAsyncManagerIntegrationFilter.doFilterInternal(WebAsyncManagerIntegrationFilter.java:62)
	at org.springframework.web.filter.OncePerRequestFilter.doFilter(OncePerRequestFilter.java:116)
	at org.springframework.security.web.FilterChainProxy$VirtualFilterChain.doFilter(FilterChainProxy.java:374)
	at org.springframework.security.web.session.DisableEncodeUrlFilter.doFilterInternal(DisableEncodeUrlFilter.java:42)
	at org.springframework.web.filter.OncePerRequestFilter.doFilter(OncePerRequestFilter.java:116)
	at org.springframework.security.web.FilterChainProxy$VirtualFilterChain.doFilter(FilterChainProxy.java:374)
	at org.springframework.security.web.FilterChainProxy.doFilterInternal(FilterChainProxy.java:233)
	at org.springframework.security.web.FilterChainProxy.doFilter(FilterChainProxy.java:191)
	at java.base/jdk.internal.reflect.DirectMethodHandleAccessor.invoke(DirectMethodHandleAccessor.java:104)
	at java.base/java.lang.reflect.Method.invoke(Method.java:565)
	at org.springframework.aop.support.AopUtils.invokeJoinpointUsingReflection(AopUtils.java:360)
	at org.springframework.aop.framework.ReflectiveMethodInvocation.invokeJoinpoint(ReflectiveMethodInvocation.java:196)
	at org.springframework.aop.framework.ReflectiveMethodInvocation.proceed(ReflectiveMethodInvocation.java:163)
	at org.springframework.aop.aspectj.MethodInvocationProceedingJoinPoint.proceed(MethodInvocationProceedingJoinPoint.java:89)
	at sh.user.supportershighuserbackend.configuration.AopConfig.handleRequestRejectedException(AopConfig.java:19)
	at java.base/jdk.internal.reflect.DirectMethodHandleAccessor.invoke(DirectMethodHandleAccessor.java:104)
	at java.base/java.lang.reflect.Method.invoke(Method.java:565)
	at org.springframework.aop.aspectj.AbstractAspectJAdvice.invokeAdviceMethodWithGivenArgs(AbstractAspectJAdvice.java:649)
	at org.springframework.aop.aspectj.AbstractAspectJAdvice.invokeAdviceMethod(AbstractAspectJAdvice.java:631)
	at org.springframework.aop.aspectj.AspectJAroundAdvice.invoke(AspectJAroundAdvice.java:71)
	at org.springframework.aop.framework.ReflectiveMethodInvocation.proceed(ReflectiveMethodInvocation.java:184)
	at org.springframework.aop.interceptor.ExposeInvocationInterceptor.invoke(ExposeInvocationInterceptor.java:97)
	at org.springframework.aop.framework.ReflectiveMethodInvocation.proceed(ReflectiveMethodInvocation.java:184)
	at org.springframework.aop.framework.CglibAopProxy$DynamicAdvisedInterceptor.intercept(CglibAopProxy.java:728)
	at org.springframework.security.web.FilterChainProxy$$SpringCGLIB$$0.doFilter(<generated>)
	at org.springframework.web.filter.CompositeFilter$VirtualFilterChain.doFilter(CompositeFilter.java:113)
	at org.springframework.web.filter.ServletRequestPathFilter.doFilter(ServletRequestPathFilter.java:52)
	at org.springframework.web.filter.CompositeFilter$VirtualFilterChain.doFilter(CompositeFilter.java:113)
	at org.springframework.web.filter.CompositeFilter.doFilter(CompositeFilter.java:74)
	at org.springframework.security.config.annotation.web.configuration.WebSecurityConfiguration$CompositeFilterChainProxy.doFilter(WebSecurityConfiguration.java:319)
	at java.base/jdk.internal.reflect.DirectMethodHandleAccessor.invoke(DirectMethodHandleAccessor.java:104)
	at java.base/java.lang.reflect.Method.invoke(Method.java:565)
	at org.springframework.aop.support.AopUtils.invokeJoinpointUsingReflection(AopUtils.java:360)
	at org.springframework.aop.framework.ReflectiveMethodInvocation.invokeJoinpoint(ReflectiveMethodInvocation.java:196)
	at org.springframework.aop.framework.ReflectiveMethodInvocation.proceed(ReflectiveMethodInvocation.java:163)
	at org.springframework.aop.aspectj.MethodInvocationProceedingJoinPoint.proceed(MethodInvocationProceedingJoinPoint.java:89)
	at sh.user.supportershighuserbackend.configuration.AopConfig.handleRequestRejectedException(AopConfig.java:19)
	at java.base/jdk.internal.reflect.DirectMethodHandleAccessor.invoke(DirectMethodHandleAccessor.java:104)
	at java.base/java.lang.reflect.Method.invoke(Method.java:565)
	at org.springframework.aop.aspectj.AbstractAspectJAdvice.invokeAdviceMethodWithGivenArgs(AbstractAspectJAdvice.java:649)
	at org.springframework.aop.aspectj.AbstractAspectJAdvice.invokeAdviceMethod(AbstractAspectJAdvice.java:631)
	at org.springframework.aop.aspectj.AspectJAroundAdvice.invoke(AspectJAroundAdvice.java:71)
	at org.springframework.aop.framework.ReflectiveMethodInvocation.proceed(ReflectiveMethodInvocation.java:184)
	at org.springframework.aop.interceptor.ExposeInvocationInterceptor.invoke(ExposeInvocationInterceptor.java:97)
	at org.springframework.aop.framework.ReflectiveMethodInvocation.proceed(ReflectiveMethodInvocation.java:184)
	at org.springframework.aop.framework.CglibAopProxy$DynamicAdvisedInterceptor.intercept(CglibAopProxy.java:728)
	at org.springframework.security.config.annotation.web.configuration.WebSecurityConfiguration$CompositeFilterChainProxy$$SpringCGLIB$$0.doFilter(<generated>)
	at org.springframework.web.filter.CompositeFilter$VirtualFilterChain.doFilter(CompositeFilter.java:113)
	at org.springframework.web.servlet.handler.HandlerMappingIntrospector.lambda$createCacheFilter$4(HandlerMappingIntrospector.java:267)
	at org.springframework.web.filter.CompositeFilter$VirtualFilterChain.doFilter(CompositeFilter.java:113)
	at org.springframework.web.filter.CompositeFilter.doFilter(CompositeFilter.java:74)
	at org.springframework.security.config.annotation.web.configuration.WebMvcSecurityConfiguration$CompositeFilterChainProxy.doFilter(WebMvcSecurityConfiguration.java:240)
	at java.base/jdk.internal.reflect.DirectMethodHandleAccessor.invoke(DirectMethodHandleAccessor.java:104)
	at java.base/java.lang.reflect.Method.invoke(Method.java:565)
	at org.springframework.aop.support.AopUtils.invokeJoinpointUsingReflection(AopUtils.java:360)
	at org.springframework.aop.framework.ReflectiveMethodInvocation.invokeJoinpoint(ReflectiveMethodInvocation.java:196)
	at org.springframework.aop.framework.ReflectiveMethodInvocation.proceed(ReflectiveMethodInvocation.java:163)
	at org.springframework.aop.aspectj.MethodInvocationProceedingJoinPoint.proceed(MethodInvocationProceedingJoinPoint.java:89)
	at sh.user.supportershighuserbackend.configuration.AopConfig.handleRequestRejectedException(AopConfig.java:19)
	at java.base/jdk.internal.reflect.DirectMethodHandleAccessor.invoke(DirectMethodHandleAccessor.java:104)
	at java.base/java.lang.reflect.Method.invoke(Method.java:565)
	at org.springframework.aop.aspectj.AbstractAspectJAdvice.invokeAdviceMethodWithGivenArgs(AbstractAspectJAdvice.java:649)
	at org.springframework.aop.aspectj.AbstractAspectJAdvice.invokeAdviceMethod(AbstractAspectJAdvice.java:631)
	at org.springframework.aop.aspectj.AspectJAroundAdvice.invoke(AspectJAroundAdvice.java:71)
	at org.springframework.aop.framework.ReflectiveMethodInvocation.proceed(ReflectiveMethodInvocation.java:184)
	at org.springframework.aop.interceptor.ExposeInvocationInterceptor.invoke(ExposeInvocationInterceptor.java:97)
	at org.springframework.aop.framework.ReflectiveMethodInvocation.proceed(ReflectiveMethodInvocation.java:184)
	at org.springframework.aop.framework.CglibAopProxy$DynamicAdvisedInterceptor.intercept(CglibAopProxy.java:728)
	at org.springframework.security.config.annotation.web.configuration.WebMvcSecurityConfiguration$CompositeFilterChainProxy$$SpringCGLIB$$0.doFilter(<generated>)
	at org.springframework.web.filter.DelegatingFilterProxy.invokeDelegate(DelegatingFilterProxy.java:362)
	at org.springframework.web.filter.DelegatingFilterProxy.doFilter(DelegatingFilterProxy.java:278)
	at org.apache.catalina.core.ApplicationFilterChain.internalDoFilter(ApplicationFilterChain.java:164)
	at org.apache.catalina.core.ApplicationFilterChain.doFilter(ApplicationFilterChain.java:140)
	at org.springframework.web.filter.RequestContextFilter.doFilterInternal(RequestContextFilter.java:100)
	at org.springframework.web.filter.OncePerRequestFilter.doFilter(OncePerRequestFilter.java:116)
	at org.apache.catalina.core.ApplicationFilterChain.internalDoFilter(ApplicationFilterChain.java:164)
	at org.apache.catalina.core.ApplicationFilterChain.doFilter(ApplicationFilterChain.java:140)
	at org.springframework.web.filter.FormContentFilter.doFilterInternal(FormContentFilter.java:93)
	at org.springframework.web.filter.OncePerRequestFilter.doFilter(OncePerRequestFilter.java:116)
	at org.apache.catalina.core.ApplicationFilterChain.internalDoFilter(ApplicationFilterChain.java:164)
	at org.apache.catalina.core.ApplicationFilterChain.doFilter(ApplicationFilterChain.java:140)
	at org.springframework.web.filter.CharacterEncodingFilter.doFilterInternal(CharacterEncodingFilter.java:201)
	at org.springframework.web.filter.OncePerRequestFilter.doFilter(OncePerRequestFilter.java:116)
	at org.apache.catalina.core.ApplicationFilterChain.internalDoFilter(ApplicationFilterChain.java:164)
	at org.apache.catalina.core.ApplicationFilterChain.doFilter(ApplicationFilterChain.java:140)
	at org.apache.catalina.core.StandardWrapperValve.invoke(StandardWrapperValve.java:167)
	at org.apache.catalina.core.StandardContextValve.invoke(StandardContextValve.java:90)
	at org.apache.catalina.authenticator.AuthenticatorBase.invoke(AuthenticatorBase.java:483)
	at org.apache.catalina.core.StandardHostValve.invoke(StandardHostValve.java:116)
	at org.apache.catalina.valves.ErrorReportValve.invoke(ErrorReportValve.java:93)
	at org.apache.catalina.core.StandardEngineValve.invoke(StandardEngineValve.java:74)
	at org.apache.catalina.connector.CoyoteAdapter.service(CoyoteAdapter.java:344)
	at org.apache.coyote.http11.Http11Processor.service(Http11Processor.java:398)
	at org.apache.coyote.AbstractProcessorLight.process(AbstractProcessorLight.java:63)
	at org.apache.coyote.AbstractProtocol$ConnectionHandler.process(AbstractProtocol.java:903)
	at org.apache.tomcat.util.net.NioEndpoint$SocketProcessor.doRun(NioEndpoint.java:1769)
	at org.apache.tomcat.util.net.SocketProcessorBase.run(SocketProcessorBase.java:52)
	at org.apache.tomcat.util.threads.ThreadPoolExecutor.runWorker(ThreadPoolExecutor.java:1189)
	at org.apache.tomcat.util.threads.ThreadPoolExecutor$Worker.run(ThreadPoolExecutor.java:658)
	at org.apache.tomcat.util.threads.TaskThread$WrappingRunnable.run(TaskThread.java:63)
	at java.base/java.lang.Thread.run(Thread.java:1447)
03:21:11.623 WARN  [http-nio-8093-exec-2] [AbstractHandlerExceptionResolver.java-logException-254] Resolved [org.springframework.web.HttpMediaTypeNotSupportedException: Content-Type 'multipart/form-data;boundary=----WebKitFormBoundarygxVrKVgzev1j7imA;charset=UTF-8' is not supported]
03:21:11.628 INFO  [http-nio-8093-exec-2] [JwtTokenProvider.java-validateToken-134] validateToken 함수 진입 : 토큰 Provider 에서 검증할 토큰을 가지고 왔는지 확인
03:21:11.629 INFO  [http-nio-8093-exec-2] [JwtTokenProvider.java-validateToken-137] Checking JWT Token
03:21:11.630 INFO  [http-nio-8093-exec-2] [JwtTokenProvider.java-validateToken-144] Expired JWT Token
io.jsonwebtoken.ExpiredJwtException: JWT expired at 2025-09-22T16:23:56Z. Current time: 2025-10-08T18:21:11Z, a difference of 1389435630 milliseconds.  Allowed clock skew: 0 milliseconds.
	at io.jsonwebtoken.impl.DefaultJwtParser.parse(DefaultJwtParser.java:427)
	at io.jsonwebtoken.impl.DefaultJwtParser.parse(DefaultJwtParser.java:529)
	at io.jsonwebtoken.impl.DefaultJwtParser.parseClaimsJws(DefaultJwtParser.java:589)
	at io.jsonwebtoken.impl.ImmutableJwtParser.parseClaimsJws(ImmutableJwtParser.java:173)
	at sh.user.supportershighuserbackend.jwt.service.JwtTokenProvider.validateToken(JwtTokenProvider.java:138)
	at sh.user.supportershighuserbackend.jwt.service.JwtAuthenticationFilter.doFilter(JwtAuthenticationFilter.java:28)
	at org.springframework.security.web.FilterChainProxy$VirtualFilterChain.doFilter(FilterChainProxy.java:374)
	at org.springframework.security.web.authentication.logout.LogoutFilter.doFilter(LogoutFilter.java:107)
	at org.springframework.security.web.authentication.logout.LogoutFilter.doFilter(LogoutFilter.java:93)
	at org.springframework.security.web.FilterChainProxy$VirtualFilterChain.doFilter(FilterChainProxy.java:374)
	at org.springframework.web.filter.OncePerRequestFilter.doFilter(OncePerRequestFilter.java:101)
	at org.springframework.security.web.FilterChainProxy$VirtualFilterChain.doFilter(FilterChainProxy.java:374)
	at org.springframework.web.filter.OncePerRequestFilter.doFilter(OncePerRequestFilter.java:101)
	at org.springframework.security.web.FilterChainProxy$VirtualFilterChain.doFilter(FilterChainProxy.java:374)
	at org.springframework.security.web.context.SecurityContextHolderFilter.doFilter(SecurityContextHolderFilter.java:82)
	at org.springframework.security.web.context.SecurityContextHolderFilter.doFilter(SecurityContextHolderFilter.java:69)
	at org.springframework.security.web.FilterChainProxy$VirtualFilterChain.doFilter(FilterChainProxy.java:374)
	at org.springframework.web.filter.OncePerRequestFilter.doFilter(OncePerRequestFilter.java:101)
	at org.springframework.security.web.FilterChainProxy$VirtualFilterChain.doFilter(FilterChainProxy.java:374)
	at org.springframework.web.filter.OncePerRequestFilter.doFilter(OncePerRequestFilter.java:101)
	at org.springframework.security.web.FilterChainProxy$VirtualFilterChain.doFilter(FilterChainProxy.java:374)
	at org.springframework.security.web.FilterChainProxy.doFilterInternal(FilterChainProxy.java:233)
	at org.springframework.security.web.FilterChainProxy.doFilter(FilterChainProxy.java:191)
	at java.base/jdk.internal.reflect.DirectMethodHandleAccessor.invoke(DirectMethodHandleAccessor.java:104)
	at java.base/java.lang.reflect.Method.invoke(Method.java:565)
	at org.springframework.aop.support.AopUtils.invokeJoinpointUsingReflection(AopUtils.java:360)
	at org.springframework.aop.framework.ReflectiveMethodInvocation.invokeJoinpoint(ReflectiveMethodInvocation.java:196)
	at org.springframework.aop.framework.ReflectiveMethodInvocation.proceed(ReflectiveMethodInvocation.java:163)
	at org.springframework.aop.aspectj.MethodInvocationProceedingJoinPoint.proceed(MethodInvocationProceedingJoinPoint.java:89)
	at sh.user.supportershighuserbackend.configuration.AopConfig.handleRequestRejectedException(AopConfig.java:19)
	at java.base/jdk.internal.reflect.DirectMethodHandleAccessor.invoke(DirectMethodHandleAccessor.java:104)
	at java.base/java.lang.reflect.Method.invoke(Method.java:565)
	at org.springframework.aop.aspectj.AbstractAspectJAdvice.invokeAdviceMethodWithGivenArgs(AbstractAspectJAdvice.java:649)
	at org.springframework.aop.aspectj.AbstractAspectJAdvice.invokeAdviceMethod(AbstractAspectJAdvice.java:631)
	at org.springframework.aop.aspectj.AspectJAroundAdvice.invoke(AspectJAroundAdvice.java:71)
	at org.springframework.aop.framework.ReflectiveMethodInvocation.proceed(ReflectiveMethodInvocation.java:184)
	at org.springframework.aop.interceptor.ExposeInvocationInterceptor.invoke(ExposeInvocationInterceptor.java:97)
	at org.springframework.aop.framework.ReflectiveMethodInvocation.proceed(ReflectiveMethodInvocation.java:184)
	at org.springframework.aop.framework.CglibAopProxy$DynamicAdvisedInterceptor.intercept(CglibAopProxy.java:728)
	at org.springframework.security.web.FilterChainProxy$$SpringCGLIB$$0.doFilter(<generated>)
	at org.springframework.web.filter.CompositeFilter$VirtualFilterChain.doFilter(CompositeFilter.java:113)
	at org.springframework.web.filter.ServletRequestPathFilter.doFilter(ServletRequestPathFilter.java:52)
	at org.springframework.web.filter.CompositeFilter$VirtualFilterChain.doFilter(CompositeFilter.java:113)
	at org.springframework.web.filter.CompositeFilter.doFilter(CompositeFilter.java:74)
	at org.springframework.security.config.annotation.web.configuration.WebSecurityConfiguration$CompositeFilterChainProxy.doFilter(WebSecurityConfiguration.java:319)
	at java.base/jdk.internal.reflect.DirectMethodHandleAccessor.invoke(DirectMethodHandleAccessor.java:104)
	at java.base/java.lang.reflect.Method.invoke(Method.java:565)
	at org.springframework.aop.support.AopUtils.invokeJoinpointUsingReflection(AopUtils.java:360)
	at org.springframework.aop.framework.ReflectiveMethodInvocation.invokeJoinpoint(ReflectiveMethodInvocation.java:196)
	at org.springframework.aop.framework.ReflectiveMethodInvocation.proceed(ReflectiveMethodInvocation.java:163)
	at org.springframework.aop.aspectj.MethodInvocationProceedingJoinPoint.proceed(MethodInvocationProceedingJoinPoint.java:89)
	at sh.user.supportershighuserbackend.configuration.AopConfig.handleRequestRejectedException(AopConfig.java:19)
	at java.base/jdk.internal.reflect.DirectMethodHandleAccessor.invoke(DirectMethodHandleAccessor.java:104)
	at java.base/java.lang.reflect.Method.invoke(Method.java:565)
	at org.springframework.aop.aspectj.AbstractAspectJAdvice.invokeAdviceMethodWithGivenArgs(AbstractAspectJAdvice.java:649)
	at org.springframework.aop.aspectj.AbstractAspectJAdvice.invokeAdviceMethod(AbstractAspectJAdvice.java:631)
	at org.springframework.aop.aspectj.AspectJAroundAdvice.invoke(AspectJAroundAdvice.java:71)
	at org.springframework.aop.framework.ReflectiveMethodInvocation.proceed(ReflectiveMethodInvocation.java:184)
	at org.springframework.aop.interceptor.ExposeInvocationInterceptor.invoke(ExposeInvocationInterceptor.java:97)
	at org.springframework.aop.framework.ReflectiveMethodInvocation.proceed(ReflectiveMethodInvocation.java:184)
	at org.springframework.aop.framework.CglibAopProxy$DynamicAdvisedInterceptor.intercept(CglibAopProxy.java:728)
	at org.springframework.security.config.annotation.web.configuration.WebSecurityConfiguration$CompositeFilterChainProxy$$SpringCGLIB$$0.doFilter(<generated>)
	at org.springframework.web.filter.CompositeFilter$VirtualFilterChain.doFilter(CompositeFilter.java:113)
	at org.springframework.web.servlet.handler.HandlerMappingIntrospector.lambda$createCacheFilter$4(HandlerMappingIntrospector.java:267)
	at org.springframework.web.filter.CompositeFilter$VirtualFilterChain.doFilter(CompositeFilter.java:113)
	at org.springframework.web.filter.CompositeFilter.doFilter(CompositeFilter.java:74)
	at org.springframework.security.config.annotation.web.configuration.WebMvcSecurityConfiguration$CompositeFilterChainProxy.doFilter(WebMvcSecurityConfiguration.java:240)
	at java.base/jdk.internal.reflect.DirectMethodHandleAccessor.invoke(DirectMethodHandleAccessor.java:104)
	at java.base/java.lang.reflect.Method.invoke(Method.java:565)
	at org.springframework.aop.support.AopUtils.invokeJoinpointUsingReflection(AopUtils.java:360)
	at org.springframework.aop.framework.ReflectiveMethodInvocation.invokeJoinpoint(ReflectiveMethodInvocation.java:196)
	at org.springframework.aop.framework.ReflectiveMethodInvocation.proceed(ReflectiveMethodInvocation.java:163)
	at org.springframework.aop.aspectj.MethodInvocationProceedingJoinPoint.proceed(MethodInvocationProceedingJoinPoint.java:89)
	at sh.user.supportershighuserbackend.configuration.AopConfig.handleRequestRejectedException(AopConfig.java:19)
	at java.base/jdk.internal.reflect.DirectMethodHandleAccessor.invoke(DirectMethodHandleAccessor.java:104)
	at java.base/java.lang.reflect.Method.invoke(Method.java:565)
	at org.springframework.aop.aspectj.AbstractAspectJAdvice.invokeAdviceMethodWithGivenArgs(AbstractAspectJAdvice.java:649)
	at org.springframework.aop.aspectj.AbstractAspectJAdvice.invokeAdviceMethod(AbstractAspectJAdvice.java:631)
	at org.springframework.aop.aspectj.AspectJAroundAdvice.invoke(AspectJAroundAdvice.java:71)
	at org.springframework.aop.framework.ReflectiveMethodInvocation.proceed(ReflectiveMethodInvocation.java:184)
	at org.springframework.aop.interceptor.ExposeInvocationInterceptor.invoke(ExposeInvocationInterceptor.java:97)
	at org.springframework.aop.framework.ReflectiveMethodInvocation.proceed(ReflectiveMethodInvocation.java:184)
	at org.springframework.aop.framework.CglibAopProxy$DynamicAdvisedInterceptor.intercept(CglibAopProxy.java:728)
	at org.springframework.security.config.annotation.web.configuration.WebMvcSecurityConfiguration$CompositeFilterChainProxy$$SpringCGLIB$$0.doFilter(<generated>)
	at org.springframework.web.filter.DelegatingFilterProxy.invokeDelegate(DelegatingFilterProxy.java:362)
	at org.springframework.web.filter.DelegatingFilterProxy.doFilter(DelegatingFilterProxy.java:278)
	at org.apache.catalina.core.ApplicationFilterChain.internalDoFilter(ApplicationFilterChain.java:164)
	at org.apache.catalina.core.ApplicationFilterChain.doFilter(ApplicationFilterChain.java:140)
	at org.springframework.web.filter.RequestContextFilter.doFilterInternal(RequestContextFilter.java:100)
	at org.springframework.web.filter.OncePerRequestFilter.doFilter(OncePerRequestFilter.java:116)
	at org.apache.catalina.core.ApplicationFilterChain.internalDoFilter(ApplicationFilterChain.java:164)
	at org.apache.catalina.core.ApplicationFilterChain.doFilter(ApplicationFilterChain.java:140)
	at org.springframework.web.filter.OncePerRequestFilter.doFilter(OncePerRequestFilter.java:101)
	at org.apache.catalina.core.ApplicationFilterChain.internalDoFilter(ApplicationFilterChain.java:164)
	at org.apache.catalina.core.ApplicationFilterChain.doFilter(ApplicationFilterChain.java:140)
	at org.springframework.web.filter.OncePerRequestFilter.doFilter(OncePerRequestFilter.java:101)
	at org.apache.catalina.core.ApplicationFilterChain.internalDoFilter(ApplicationFilterChain.java:164)
	at org.apache.catalina.core.ApplicationFilterChain.doFilter(ApplicationFilterChain.java:140)
	at org.apache.catalina.core.ApplicationDispatcher.invoke(ApplicationDispatcher.java:612)
	at org.apache.catalina.core.ApplicationDispatcher.processRequest(ApplicationDispatcher.java:396)
	at org.apache.catalina.core.ApplicationDispatcher.doForward(ApplicationDispatcher.java:323)
	at org.apache.catalina.core.ApplicationDispatcher.forward(ApplicationDispatcher.java:268)
	at org.apache.catalina.core.StandardHostValve.custom(StandardHostValve.java:377)
	at org.apache.catalina.core.StandardHostValve.status(StandardHostValve.java:209)
	at org.apache.catalina.core.StandardHostValve.invoke(StandardHostValve.java:152)
	at org.apache.catalina.valves.ErrorReportValve.invoke(ErrorReportValve.java:93)
	at org.apache.catalina.core.StandardEngineValve.invoke(StandardEngineValve.java:74)
	at org.apache.catalina.connector.CoyoteAdapter.service(CoyoteAdapter.java:344)
	at org.apache.coyote.http11.Http11Processor.service(Http11Processor.java:398)
	at org.apache.coyote.AbstractProcessorLight.process(AbstractProcessorLight.java:63)
	at org.apache.coyote.AbstractProtocol$ConnectionHandler.process(AbstractProtocol.java:903)
	at org.apache.tomcat.util.net.NioEndpoint$SocketProcessor.doRun(NioEndpoint.java:1769)
	at org.apache.tomcat.util.net.SocketProcessorBase.run(SocketProcessorBase.java:52)
	at org.apache.tomcat.util.threads.ThreadPoolExecutor.runWorker(ThreadPoolExecutor.java:1189)
	at org.apache.tomcat.util.threads.ThreadPoolExecutor$Worker.run(ThreadPoolExecutor.java:658)
	at org.apache.tomcat.util.threads.TaskThread$WrappingRunnable.run(TaskThread.java:63)
	at java.base/java.lang.Thread.run(Thread.java:1447)
03:21:56.146 INFO  [SpringApplicationShutdownHook] [CloseEventListener.java-onApplicationEvent-15] CloseEventListener!!
03:21:56.148 INFO  [SpringApplicationShutdownHook] [GracefulShutdown.java-shutDownGracefully-54] Commencing graceful shutdown. Waiting for active requests to complete
03:21:56.152 INFO  [tomcat-shutdown] [GracefulShutdown.java-doShutdown-76] Graceful shutdown complete
03:21:56.167 INFO  [SpringApplicationShutdownHook] [AbstractEntityManagerFactoryBean.java-destroy-660] Closing JPA EntityManagerFactory for persistence unit 'default'
03:21:56.169 INFO  [SpringApplicationShutdownHook] [HikariDataSource.java-close-349] HikariPool-1 - Shutdown initiated...
03:21:56.172 INFO  [SpringApplicationShutdownHook] [HikariDataSource.java-close-351] HikariPool-1 - Shutdown completed.
03:22:00.697 INFO  [background-preinit] [Version.java-<clinit>-21] HV000001: Hibernate Validator 8.0.2.Final
03:22:00.719 INFO  [restartedMain] [StartupInfoLogger.java-logStarting-53] Starting SupportershighUserBackendApplication using Java 24.0.1 with PID 11848 (E:\Development\BackEnd\fillo-user-backend\out\production\classes started by user in E:\Development\BackEnd\fillo-user-backend)
03:22:00.719 INFO  [restartedMain] [SpringApplication.java-logStartupProfileInfo-652] No active profile set, falling back to 1 default profile: "default"
03:22:00.745 INFO  [restartedMain] [DeferredLog.java-logTo-252] Devtools property defaults active! Set 'spring.devtools.add-properties' to 'false' to disable
03:22:00.745 INFO  [restartedMain] [DeferredLog.java-logTo-252] For additional web related logging consider setting the 'logging.level.web' property to 'DEBUG'
03:22:01.219 INFO  [restartedMain] [RepositoryConfigurationDelegate.java-multipleStoresDetected-294] Multiple Spring Data modules found, entering strict repository configuration mode
03:22:01.220 INFO  [restartedMain] [RepositoryConfigurationDelegate.java-registerRepositoriesIn-145] Bootstrapping Spring Data JDBC repositories in DEFAULT mode.
03:22:01.248 INFO  [restartedMain] [RepositoryConfigurationExtensionSupport.java-isStrictRepositoryCandidate-327] Spring Data JDBC - Could not safely identify store assignment for repository candidate interface sh.user.supportershighuserbackend.jwt.repository.JwtTokenRepository; If you want this repository to be a JDBC repository, consider annotating your entities with one of these annotations: org.springframework.data.relational.core.mapping.Table.
03:22:01.301 INFO  [restartedMain] [RepositoryConfigurationExtensionSupport.java-isStrictRepositoryCandidate-327] Spring Data JDBC - Could not safely identify store assignment for repository candidate interface sh.user.supportershighuserbackend.media.repository.MediaRepository; If you want this repository to be a JDBC repository, consider annotating your entities with one of these annotations: org.springframework.data.relational.core.mapping.Table.
03:22:01.316 INFO  [restartedMain] [RepositoryConfigurationDelegate.java-registerRepositoriesIn-213] Finished Spring Data repository scanning in 93 ms. Found 3 JDBC repository interfaces.
03:22:01.322 INFO  [restartedMain] [RepositoryConfigurationDelegate.java-multipleStoresDetected-294] Multiple Spring Data modules found, entering strict repository configuration mode
03:22:01.323 INFO  [restartedMain] [RepositoryConfigurationDelegate.java-registerRepositoriesIn-145] Bootstrapping Spring Data JPA repositories in DEFAULT mode.
03:22:01.337 INFO  [restartedMain] [DefaultListableBeanFactory.java-logBeanDefinitionOverriding-1334] Overriding bean definition for bean 'leagueRepository' with a different definition: replacing [Root bean: class=org.springframework.data.jdbc.repository.support.JdbcRepositoryFactoryBean; scope=; abstract=false; lazyInit=false; autowireMode=0; dependencyCheck=0; autowireCandidate=true; primary=false; fallback=false; factoryBeanName=null; factoryMethodName=null; initMethodNames=null; destroyMethodNames=null; defined in sh.user.supportershighuserbackend.league.repository.LeagueRepository defined in @EnableJdbcRepositories declared on JdbcRepositoriesRegistrar.EnableJdbcRepositoriesConfiguration] with [Root bean: class=org.springframework.data.jpa.repository.support.JpaRepositoryFactoryBean; scope=; abstract=false; lazyInit=false; autowireMode=0; dependencyCheck=0; autowireCandidate=true; primary=false; fallback=false; factoryBeanName=null; factoryMethodName=null; initMethodNames=null; destroyMethodNames=null; defined in sh.user.supportershighuserbackend.league.repository.LeagueRepository defined in @EnableJpaRepositories declared on JpaRepositoriesRegistrar.EnableJpaRepositoriesConfiguration]
03:22:01.338 INFO  [restartedMain] [DefaultListableBeanFactory.java-logBeanDefinitionOverriding-1334] Overriding bean definition for bean 'memberRepository' with a different definition: replacing [Root bean: class=org.springframework.data.jdbc.repository.support.JdbcRepositoryFactoryBean; scope=; abstract=false; lazyInit=false; autowireMode=0; dependencyCheck=0; autowireCandidate=true; primary=false; fallback=false; factoryBeanName=null; factoryMethodName=null; initMethodNames=null; destroyMethodNames=null; defined in sh.user.supportershighuserbackend.member.repository.MemberRepository defined in @EnableJdbcRepositories declared on JdbcRepositoriesRegistrar.EnableJdbcRepositoriesConfiguration] with [Root bean: class=org.springframework.data.jpa.repository.support.JpaRepositoryFactoryBean; scope=; abstract=false; lazyInit=false; autowireMode=0; dependencyCheck=0; autowireCandidate=true; primary=false; fallback=false; factoryBeanName=null; factoryMethodName=null; initMethodNames=null; destroyMethodNames=null; defined in sh.user.supportershighuserbackend.member.repository.MemberRepository defined in @EnableJpaRepositories declared on JpaRepositoriesRegistrar.EnableJpaRepositoriesConfiguration]
03:22:01.339 INFO  [restartedMain] [DefaultListableBeanFactory.java-logBeanDefinitionOverriding-1334] Overriding bean definition for bean 'teamRepository' with a different definition: replacing [Root bean: class=org.springframework.data.jdbc.repository.support.JdbcRepositoryFactoryBean; scope=; abstract=false; lazyInit=false; autowireMode=0; dependencyCheck=0; autowireCandidate=true; primary=false; fallback=false; factoryBeanName=null; factoryMethodName=null; initMethodNames=null; destroyMethodNames=null; defined in sh.user.supportershighuserbackend.team.repository.TeamRepository defined in @EnableJdbcRepositories declared on JdbcRepositoriesRegistrar.EnableJdbcRepositoriesConfiguration] with [Root bean: class=org.springframework.data.jpa.repository.support.JpaRepositoryFactoryBean; scope=; abstract=false; lazyInit=false; autowireMode=0; dependencyCheck=0; autowireCandidate=true; primary=false; fallback=false; factoryBeanName=null; factoryMethodName=null; initMethodNames=null; destroyMethodNames=null; defined in sh.user.supportershighuserbackend.team.repository.TeamRepository defined in @EnableJpaRepositories declared on JpaRepositoriesRegistrar.EnableJpaRepositoriesConfiguration]
03:22:01.339 INFO  [restartedMain] [RepositoryConfigurationDelegate.java-registerRepositoriesIn-213] Finished Spring Data repository scanning in 14 ms. Found 5 JPA repository interfaces.
03:22:01.787 INFO  [restartedMain] [TomcatWebServer.java-initialize-111] Tomcat initialized with port 8093 (http)
03:22:01.795 INFO  [restartedMain] [DirectJDKLog.java-log-168] Initializing ProtocolHandler ["http-nio-8093"]
03:22:01.795 INFO  [restartedMain] [DirectJDKLog.java-log-168] Starting service [Tomcat]
03:22:01.796 INFO  [restartedMain] [DirectJDKLog.java-log-168] Starting Servlet engine: [Apache Tomcat/10.1.43]
03:22:01.826 INFO  [restartedMain] [DirectJDKLog.java-log-168] Initializing Spring embedded WebApplicationContext
03:22:01.826 INFO  [restartedMain] [ServletWebServerApplicationContext.java-prepareWebApplicationContext-301] Root WebApplicationContext: initialization completed in 1081 ms
03:22:01.931 INFO  [restartedMain] [LogHelper.java-logPersistenceUnitInformation-31] HHH000204: Processing PersistenceUnitInfo [name: default]
03:22:01.960 INFO  [restartedMain] [Version.java-logVersion-44] HHH000412: Hibernate ORM core version 6.6.22.Final
03:22:01.981 INFO  [restartedMain] [RegionFactoryInitiator.java-initiateService-50] HHH000026: Second-level cache disabled
03:22:02.161 INFO  [restartedMain] [SpringPersistenceUnitInfo.java-addTransformer-87] No LoadTimeWeaver setup: ignoring JPA class transformer
03:22:02.179 WARN  [restartedMain] [HikariConfig.java-validateNumerics-1109] HikariPool-1 - keepaliveTime is greater than or equal to maxLifetime, disabling it.
03:22:02.179 INFO  [restartedMain] [HikariDataSource.java-getConnection-109] HikariPool-1 - Starting...
03:22:02.399 INFO  [restartedMain] [HikariPool.java-checkFailFast-580] HikariPool-1 - Added connection com.mysql.cj.jdbc.ConnectionImpl@1b401271
03:22:02.401 INFO  [restartedMain] [HikariDataSource.java-getConnection-122] HikariPool-1 - Start completed.
03:22:02.438 INFO  [restartedMain] [JdbcEnvironmentInitiator.java-logConnectionInfo-163] HHH10001005: Database info:
	Database JDBC URL [Connecting through datasource 'HikariDataSource (HikariPool-1)']
	Database driver: undefined/unknown
	Database version: 8.0.34
	Autocommit mode: undefined/unknown
	Isolation level: undefined/unknown
	Minimum pool size: undefined/unknown
	Maximum pool size: undefined/unknown
03:22:02.442 DEBUG [restartedMain] [DdlTypeRegistry.java-addDescriptor-64] addDescriptor(12, org.hibernate.type.descriptor.sql.internal.CapacityDependentDdlType@427a4cb2) replaced previous registration(org.hibernate.type.descriptor.sql.internal.CapacityDependentDdlType@b919bd4)
03:22:02.442 DEBUG [restartedMain] [DdlTypeRegistry.java-addDescriptor-64] addDescriptor(-9, org.hibernate.type.descriptor.sql.internal.CapacityDependentDdlType@5d005a5c) replaced previous registration(org.hibernate.type.descriptor.sql.internal.CapacityDependentDdlType@6df30c99)
03:22:02.442 DEBUG [restartedMain] [DdlTypeRegistry.java-addDescriptor-64] addDescriptor(-3, org.hibernate.type.descriptor.sql.internal.CapacityDependentDdlType@7dfcd249) replaced previous registration(org.hibernate.type.descriptor.sql.internal.CapacityDependentDdlType@7a34b919)
03:22:02.442 DEBUG [restartedMain] [DdlTypeRegistry.java-addDescriptor-64] addDescriptor(4003, org.hibernate.type.descriptor.sql.internal.DdlTypeImpl@2539deb9) replaced previous registration(org.hibernate.type.descriptor.sql.internal.DdlTypeImpl@50db9943)
03:22:02.443 DEBUG [restartedMain] [DdlTypeRegistry.java-addDescriptor-64] addDescriptor(4001, org.hibernate.type.descriptor.sql.internal.DdlTypeImpl@4bae778b) replaced previous registration(org.hibernate.type.descriptor.sql.internal.DdlTypeImpl@148de396)
03:22:02.443 DEBUG [restartedMain] [DdlTypeRegistry.java-addDescriptor-64] addDescriptor(4002, org.hibernate.type.descriptor.sql.internal.DdlTypeImpl@7f2a3ba8) replaced previous registration(org.hibernate.type.descriptor.sql.internal.DdlTypeImpl@7337a48f)
03:22:02.443 DEBUG [restartedMain] [DdlTypeRegistry.java-addDescriptor-64] addDescriptor(2004, org.hibernate.type.descriptor.sql.internal.CapacityDependentDdlType@4b9d974d) replaced previous registration(org.hibernate.type.descriptor.sql.internal.DdlTypeImpl@30774cfb)
03:22:02.443 DEBUG [restartedMain] [DdlTypeRegistry.java-addDescriptor-64] addDescriptor(2005, org.hibernate.type.descriptor.sql.internal.CapacityDependentDdlType@1eaed626) replaced previous registration(org.hibernate.type.descriptor.sql.internal.DdlTypeImpl@50730aa0)
03:22:02.443 DEBUG [restartedMain] [DdlTypeRegistry.java-addDescriptor-64] addDescriptor(2011, org.hibernate.type.descriptor.sql.internal.CapacityDependentDdlType@7773d81c) replaced previous registration(org.hibernate.type.descriptor.sql.internal.DdlTypeImpl@7d69529d)
03:22:02.967 INFO  [restartedMain] [JtaPlatformInitiator.java-initiateService-59] HHH000489: No JTA platform available (set 'hibernate.transaction.jta.platform' to enable JTA platform integration)
03:22:03.169 INFO  [restartedMain] [AbstractEntityManagerFactoryBean.java-buildNativeEntityManagerFactory-447] Initialized JPA EntityManagerFactory for persistence unit 'default'
03:22:03.492 WARN  [restartedMain] [JpaBaseConfiguration.java-openEntityManagerInViewInterceptor-258] spring.jpa.open-in-view is enabled by default. Therefore, database queries may be performed during view rendering. Explicitly configure spring.jpa.open-in-view to disable this warning
03:22:03.623 INFO  [restartedMain] [InitializeUserDetailsBeanManagerConfigurer.java-configure-110] Global AuthenticationManager configured with UserDetailsService bean with name userDetailsServiceImpl
03:22:03.652 INFO  [restartedMain] [SecurityConfig.java-securityFilterChain-38] [ LOCAL ] Security Active
03:22:03.687 WARN  [restartedMain] [CglibAopProxy.java-doValidateClass-296] Unable to proxy interface-implementing method [public final void org.springframework.web.filter.GenericFilterBean.init(jakarta.servlet.FilterConfig) throws jakarta.servlet.ServletException] because it is marked as final, consider using interface-based JDK proxies instead.
03:22:03.696 WARN  [restartedMain] [CglibAopProxy.java-doValidateClass-296] Unable to proxy interface-implementing method [public final void org.springframework.web.filter.GenericFilterBean.init(jakarta.servlet.FilterConfig) throws jakarta.servlet.ServletException] because it is marked as final, consider using interface-based JDK proxies instead.
03:22:03.700 WARN  [restartedMain] [CglibAopProxy.java-doValidateClass-296] Unable to proxy interface-implementing method [public final void org.springframework.web.filter.GenericFilterBean.init(jakarta.servlet.FilterConfig) throws jakarta.servlet.ServletException] because it is marked as final, consider using interface-based JDK proxies instead.
03:22:03.864 INFO  [restartedMain] [OptionalLiveReloadServer.java-startServer-59] LiveReload server is running on port 35729
03:22:04.007 INFO  [restartedMain] [DirectJDKLog.java-log-168] Starting ProtocolHandler ["http-nio-8093"]
03:22:04.019 INFO  [restartedMain] [TomcatWebServer.java-start-243] Tomcat started on port 8093 (http) with context path '/'
03:22:04.023 INFO  [restartedMain] [StartupInfoLogger.java-logStarted-59] Started SupportershighUserBackendApplication in 3.595 seconds (process running for 3.989)
03:22:04.025 INFO  [restartedMain] [StartEventListener.java-onApplicationEvent-17] ApplicationReadyEvent: batch.issueCoupon=OFF
03:22:22.305 INFO  [http-nio-8093-exec-1] [DirectJDKLog.java-log-168] Initializing Spring DispatcherServlet 'dispatcherServlet'
03:22:22.305 INFO  [http-nio-8093-exec-1] [FrameworkServlet.java-initServletBean-532] Initializing Servlet 'dispatcherServlet'
03:22:22.306 INFO  [http-nio-8093-exec-1] [FrameworkServlet.java-initServletBean-554] Completed initialization in 1 ms
03:22:22.344 INFO  [http-nio-8093-exec-2] [JwtTokenProvider.java-validateToken-134] validateToken 함수 진입 : 토큰 Provider 에서 검증할 토큰을 가지고 왔는지 확인
03:22:22.345 INFO  [http-nio-8093-exec-2] [JwtTokenProvider.java-validateToken-137] Checking JWT Token
03:22:22.378 INFO  [http-nio-8093-exec-2] [JwtTokenProvider.java-validateToken-144] Expired JWT Token
io.jsonwebtoken.ExpiredJwtException: JWT expired at 2025-09-22T16:23:56Z. Current time: 2025-10-08T18:22:22Z, a difference of 1389506378 milliseconds.  Allowed clock skew: 0 milliseconds.
	at io.jsonwebtoken.impl.DefaultJwtParser.parse(DefaultJwtParser.java:427)
	at io.jsonwebtoken.impl.DefaultJwtParser.parse(DefaultJwtParser.java:529)
	at io.jsonwebtoken.impl.DefaultJwtParser.parseClaimsJws(DefaultJwtParser.java:589)
	at io.jsonwebtoken.impl.ImmutableJwtParser.parseClaimsJws(ImmutableJwtParser.java:173)
	at sh.user.supportershighuserbackend.jwt.service.JwtTokenProvider.validateToken(JwtTokenProvider.java:138)
	at sh.user.supportershighuserbackend.jwt.service.JwtAuthenticationFilter.doFilter(JwtAuthenticationFilter.java:28)
	at org.springframework.security.web.FilterChainProxy$VirtualFilterChain.doFilter(FilterChainProxy.java:374)
	at org.springframework.security.web.authentication.logout.LogoutFilter.doFilter(LogoutFilter.java:107)
	at org.springframework.security.web.authentication.logout.LogoutFilter.doFilter(LogoutFilter.java:93)
	at org.springframework.security.web.FilterChainProxy$VirtualFilterChain.doFilter(FilterChainProxy.java:374)
	at org.springframework.web.filter.CorsFilter.doFilterInternal(CorsFilter.java:91)
	at org.springframework.web.filter.OncePerRequestFilter.doFilter(OncePerRequestFilter.java:116)
	at org.springframework.security.web.FilterChainProxy$VirtualFilterChain.doFilter(FilterChainProxy.java:374)
	at org.springframework.security.web.header.HeaderWriterFilter.doHeadersAfter(HeaderWriterFilter.java:90)
	at org.springframework.security.web.header.HeaderWriterFilter.doFilterInternal(HeaderWriterFilter.java:75)
	at org.springframework.web.filter.OncePerRequestFilter.doFilter(OncePerRequestFilter.java:116)
	at org.springframework.security.web.FilterChainProxy$VirtualFilterChain.doFilter(FilterChainProxy.java:374)
	at org.springframework.security.web.context.SecurityContextHolderFilter.doFilter(SecurityContextHolderFilter.java:82)
	at org.springframework.security.web.context.SecurityContextHolderFilter.doFilter(SecurityContextHolderFilter.java:69)
	at org.springframework.security.web.FilterChainProxy$VirtualFilterChain.doFilter(FilterChainProxy.java:374)
	at org.springframework.security.web.context.request.async.WebAsyncManagerIntegrationFilter.doFilterInternal(WebAsyncManagerIntegrationFilter.java:62)
	at org.springframework.web.filter.OncePerRequestFilter.doFilter(OncePerRequestFilter.java:116)
	at org.springframework.security.web.FilterChainProxy$VirtualFilterChain.doFilter(FilterChainProxy.java:374)
	at org.springframework.security.web.session.DisableEncodeUrlFilter.doFilterInternal(DisableEncodeUrlFilter.java:42)
	at org.springframework.web.filter.OncePerRequestFilter.doFilter(OncePerRequestFilter.java:116)
	at org.springframework.security.web.FilterChainProxy$VirtualFilterChain.doFilter(FilterChainProxy.java:374)
	at org.springframework.security.web.FilterChainProxy.doFilterInternal(FilterChainProxy.java:233)
	at org.springframework.security.web.FilterChainProxy.doFilter(FilterChainProxy.java:191)
	at java.base/jdk.internal.reflect.DirectMethodHandleAccessor.invoke(DirectMethodHandleAccessor.java:104)
	at java.base/java.lang.reflect.Method.invoke(Method.java:565)
	at org.springframework.aop.support.AopUtils.invokeJoinpointUsingReflection(AopUtils.java:360)
	at org.springframework.aop.framework.ReflectiveMethodInvocation.invokeJoinpoint(ReflectiveMethodInvocation.java:196)
	at org.springframework.aop.framework.ReflectiveMethodInvocation.proceed(ReflectiveMethodInvocation.java:163)
	at org.springframework.aop.aspectj.MethodInvocationProceedingJoinPoint.proceed(MethodInvocationProceedingJoinPoint.java:89)
	at sh.user.supportershighuserbackend.configuration.AopConfig.handleRequestRejectedException(AopConfig.java:19)
	at java.base/jdk.internal.reflect.DirectMethodHandleAccessor.invoke(DirectMethodHandleAccessor.java:104)
	at java.base/java.lang.reflect.Method.invoke(Method.java:565)
	at org.springframework.aop.aspectj.AbstractAspectJAdvice.invokeAdviceMethodWithGivenArgs(AbstractAspectJAdvice.java:649)
	at org.springframework.aop.aspectj.AbstractAspectJAdvice.invokeAdviceMethod(AbstractAspectJAdvice.java:631)
	at org.springframework.aop.aspectj.AspectJAroundAdvice.invoke(AspectJAroundAdvice.java:71)
	at org.springframework.aop.framework.ReflectiveMethodInvocation.proceed(ReflectiveMethodInvocation.java:184)
	at org.springframework.aop.interceptor.ExposeInvocationInterceptor.invoke(ExposeInvocationInterceptor.java:97)
	at org.springframework.aop.framework.ReflectiveMethodInvocation.proceed(ReflectiveMethodInvocation.java:184)
	at org.springframework.aop.framework.CglibAopProxy$DynamicAdvisedInterceptor.intercept(CglibAopProxy.java:728)
	at org.springframework.security.web.FilterChainProxy$$SpringCGLIB$$0.doFilter(<generated>)
	at org.springframework.web.filter.CompositeFilter$VirtualFilterChain.doFilter(CompositeFilter.java:113)
	at org.springframework.web.filter.ServletRequestPathFilter.doFilter(ServletRequestPathFilter.java:52)
	at org.springframework.web.filter.CompositeFilter$VirtualFilterChain.doFilter(CompositeFilter.java:113)
	at org.springframework.web.filter.CompositeFilter.doFilter(CompositeFilter.java:74)
	at org.springframework.security.config.annotation.web.configuration.WebSecurityConfiguration$CompositeFilterChainProxy.doFilter(WebSecurityConfiguration.java:319)
	at java.base/jdk.internal.reflect.DirectMethodHandleAccessor.invoke(DirectMethodHandleAccessor.java:104)
	at java.base/java.lang.reflect.Method.invoke(Method.java:565)
	at org.springframework.aop.support.AopUtils.invokeJoinpointUsingReflection(AopUtils.java:360)
	at org.springframework.aop.framework.ReflectiveMethodInvocation.invokeJoinpoint(ReflectiveMethodInvocation.java:196)
	at org.springframework.aop.framework.ReflectiveMethodInvocation.proceed(ReflectiveMethodInvocation.java:163)
	at org.springframework.aop.aspectj.MethodInvocationProceedingJoinPoint.proceed(MethodInvocationProceedingJoinPoint.java:89)
	at sh.user.supportershighuserbackend.configuration.AopConfig.handleRequestRejectedException(AopConfig.java:19)
	at java.base/jdk.internal.reflect.DirectMethodHandleAccessor.invoke(DirectMethodHandleAccessor.java:104)
	at java.base/java.lang.reflect.Method.invoke(Method.java:565)
	at org.springframework.aop.aspectj.AbstractAspectJAdvice.invokeAdviceMethodWithGivenArgs(AbstractAspectJAdvice.java:649)
	at org.springframework.aop.aspectj.AbstractAspectJAdvice.invokeAdviceMethod(AbstractAspectJAdvice.java:631)
	at org.springframework.aop.aspectj.AspectJAroundAdvice.invoke(AspectJAroundAdvice.java:71)
	at org.springframework.aop.framework.ReflectiveMethodInvocation.proceed(ReflectiveMethodInvocation.java:184)
	at org.springframework.aop.interceptor.ExposeInvocationInterceptor.invoke(ExposeInvocationInterceptor.java:97)
	at org.springframework.aop.framework.ReflectiveMethodInvocation.proceed(ReflectiveMethodInvocation.java:184)
	at org.springframework.aop.framework.CglibAopProxy$DynamicAdvisedInterceptor.intercept(CglibAopProxy.java:728)
	at org.springframework.security.config.annotation.web.configuration.WebSecurityConfiguration$CompositeFilterChainProxy$$SpringCGLIB$$0.doFilter(<generated>)
	at org.springframework.web.filter.CompositeFilter$VirtualFilterChain.doFilter(CompositeFilter.java:113)
	at org.springframework.web.servlet.handler.HandlerMappingIntrospector.lambda$createCacheFilter$4(HandlerMappingIntrospector.java:267)
	at org.springframework.web.filter.CompositeFilter$VirtualFilterChain.doFilter(CompositeFilter.java:113)
	at org.springframework.web.filter.CompositeFilter.doFilter(CompositeFilter.java:74)
	at org.springframework.security.config.annotation.web.configuration.WebMvcSecurityConfiguration$CompositeFilterChainProxy.doFilter(WebMvcSecurityConfiguration.java:240)
	at java.base/jdk.internal.reflect.DirectMethodHandleAccessor.invoke(DirectMethodHandleAccessor.java:104)
	at java.base/java.lang.reflect.Method.invoke(Method.java:565)
	at org.springframework.aop.support.AopUtils.invokeJoinpointUsingReflection(AopUtils.java:360)
	at org.springframework.aop.framework.ReflectiveMethodInvocation.invokeJoinpoint(ReflectiveMethodInvocation.java:196)
	at org.springframework.aop.framework.ReflectiveMethodInvocation.proceed(ReflectiveMethodInvocation.java:163)
	at org.springframework.aop.aspectj.MethodInvocationProceedingJoinPoint.proceed(MethodInvocationProceedingJoinPoint.java:89)
	at sh.user.supportershighuserbackend.configuration.AopConfig.handleRequestRejectedException(AopConfig.java:19)
	at java.base/jdk.internal.reflect.DirectMethodHandleAccessor.invoke(DirectMethodHandleAccessor.java:104)
	at java.base/java.lang.reflect.Method.invoke(Method.java:565)
	at org.springframework.aop.aspectj.AbstractAspectJAdvice.invokeAdviceMethodWithGivenArgs(AbstractAspectJAdvice.java:649)
	at org.springframework.aop.aspectj.AbstractAspectJAdvice.invokeAdviceMethod(AbstractAspectJAdvice.java:631)
	at org.springframework.aop.aspectj.AspectJAroundAdvice.invoke(AspectJAroundAdvice.java:71)
	at org.springframework.aop.framework.ReflectiveMethodInvocation.proceed(ReflectiveMethodInvocation.java:184)
	at org.springframework.aop.interceptor.ExposeInvocationInterceptor.invoke(ExposeInvocationInterceptor.java:97)
	at org.springframework.aop.framework.ReflectiveMethodInvocation.proceed(ReflectiveMethodInvocation.java:184)
	at org.springframework.aop.framework.CglibAopProxy$DynamicAdvisedInterceptor.intercept(CglibAopProxy.java:728)
	at org.springframework.security.config.annotation.web.configuration.WebMvcSecurityConfiguration$CompositeFilterChainProxy$$SpringCGLIB$$0.doFilter(<generated>)
	at org.springframework.web.filter.DelegatingFilterProxy.invokeDelegate(DelegatingFilterProxy.java:362)
	at org.springframework.web.filter.DelegatingFilterProxy.doFilter(DelegatingFilterProxy.java:278)
	at org.apache.catalina.core.ApplicationFilterChain.internalDoFilter(ApplicationFilterChain.java:164)
	at org.apache.catalina.core.ApplicationFilterChain.doFilter(ApplicationFilterChain.java:140)
	at org.springframework.web.filter.RequestContextFilter.doFilterInternal(RequestContextFilter.java:100)
	at org.springframework.web.filter.OncePerRequestFilter.doFilter(OncePerRequestFilter.java:116)
	at org.apache.catalina.core.ApplicationFilterChain.internalDoFilter(ApplicationFilterChain.java:164)
	at org.apache.catalina.core.ApplicationFilterChain.doFilter(ApplicationFilterChain.java:140)
	at org.springframework.web.filter.FormContentFilter.doFilterInternal(FormContentFilter.java:93)
	at org.springframework.web.filter.OncePerRequestFilter.doFilter(OncePerRequestFilter.java:116)
	at org.apache.catalina.core.ApplicationFilterChain.internalDoFilter(ApplicationFilterChain.java:164)
	at org.apache.catalina.core.ApplicationFilterChain.doFilter(ApplicationFilterChain.java:140)
	at org.springframework.web.filter.CharacterEncodingFilter.doFilterInternal(CharacterEncodingFilter.java:201)
	at org.springframework.web.filter.OncePerRequestFilter.doFilter(OncePerRequestFilter.java:116)
	at org.apache.catalina.core.ApplicationFilterChain.internalDoFilter(ApplicationFilterChain.java:164)
	at org.apache.catalina.core.ApplicationFilterChain.doFilter(ApplicationFilterChain.java:140)
	at org.apache.catalina.core.StandardWrapperValve.invoke(StandardWrapperValve.java:167)
	at org.apache.catalina.core.StandardContextValve.invoke(StandardContextValve.java:90)
	at org.apache.catalina.authenticator.AuthenticatorBase.invoke(AuthenticatorBase.java:483)
	at org.apache.catalina.core.StandardHostValve.invoke(StandardHostValve.java:116)
	at org.apache.catalina.valves.ErrorReportValve.invoke(ErrorReportValve.java:93)
	at org.apache.catalina.core.StandardEngineValve.invoke(StandardEngineValve.java:74)
	at org.apache.catalina.connector.CoyoteAdapter.service(CoyoteAdapter.java:344)
	at org.apache.coyote.http11.Http11Processor.service(Http11Processor.java:398)
	at org.apache.coyote.AbstractProcessorLight.process(AbstractProcessorLight.java:63)
	at org.apache.coyote.AbstractProtocol$ConnectionHandler.process(AbstractProtocol.java:903)
	at org.apache.tomcat.util.net.NioEndpoint$SocketProcessor.doRun(NioEndpoint.java:1769)
	at org.apache.tomcat.util.net.SocketProcessorBase.run(SocketProcessorBase.java:52)
	at org.apache.tomcat.util.threads.ThreadPoolExecutor.runWorker(ThreadPoolExecutor.java:1189)
	at org.apache.tomcat.util.threads.ThreadPoolExecutor$Worker.run(ThreadPoolExecutor.java:658)
	at org.apache.tomcat.util.threads.TaskThread$WrappingRunnable.run(TaskThread.java:63)
	at java.base/java.lang.Thread.run(Thread.java:1447)
03:22:22.398 WARN  [http-nio-8093-exec-2] [AbstractHandlerExceptionResolver.java-logException-254] Resolved [org.springframework.web.HttpMediaTypeNotSupportedException: Content-Type 'multipart/form-data;boundary=----WebKitFormBoundaryfw9SsKMXdFOdN41b' is not supported]
03:22:22.403 INFO  [http-nio-8093-exec-2] [JwtTokenProvider.java-validateToken-134] validateToken 함수 진입 : 토큰 Provider 에서 검증할 토큰을 가지고 왔는지 확인
03:22:22.404 INFO  [http-nio-8093-exec-2] [JwtTokenProvider.java-validateToken-137] Checking JWT Token
03:22:22.405 INFO  [http-nio-8093-exec-2] [JwtTokenProvider.java-validateToken-144] Expired JWT Token
io.jsonwebtoken.ExpiredJwtException: JWT expired at 2025-09-22T16:23:56Z. Current time: 2025-10-08T18:22:22Z, a difference of 1389506405 milliseconds.  Allowed clock skew: 0 milliseconds.
	at io.jsonwebtoken.impl.DefaultJwtParser.parse(DefaultJwtParser.java:427)
	at io.jsonwebtoken.impl.DefaultJwtParser.parse(DefaultJwtParser.java:529)
	at io.jsonwebtoken.impl.DefaultJwtParser.parseClaimsJws(DefaultJwtParser.java:589)
	at io.jsonwebtoken.impl.ImmutableJwtParser.parseClaimsJws(ImmutableJwtParser.java:173)
	at sh.user.supportershighuserbackend.jwt.service.JwtTokenProvider.validateToken(JwtTokenProvider.java:138)
	at sh.user.supportershighuserbackend.jwt.service.JwtAuthenticationFilter.doFilter(JwtAuthenticationFilter.java:28)
	at org.springframework.security.web.FilterChainProxy$VirtualFilterChain.doFilter(FilterChainProxy.java:374)
	at org.springframework.security.web.authentication.logout.LogoutFilter.doFilter(LogoutFilter.java:107)
	at org.springframework.security.web.authentication.logout.LogoutFilter.doFilter(LogoutFilter.java:93)
	at org.springframework.security.web.FilterChainProxy$VirtualFilterChain.doFilter(FilterChainProxy.java:374)
	at org.springframework.web.filter.OncePerRequestFilter.doFilter(OncePerRequestFilter.java:101)
	at org.springframework.security.web.FilterChainProxy$VirtualFilterChain.doFilter(FilterChainProxy.java:374)
	at org.springframework.web.filter.OncePerRequestFilter.doFilter(OncePerRequestFilter.java:101)
	at org.springframework.security.web.FilterChainProxy$VirtualFilterChain.doFilter(FilterChainProxy.java:374)
	at org.springframework.security.web.context.SecurityContextHolderFilter.doFilter(SecurityContextHolderFilter.java:82)
	at org.springframework.security.web.context.SecurityContextHolderFilter.doFilter(SecurityContextHolderFilter.java:69)
	at org.springframework.security.web.FilterChainProxy$VirtualFilterChain.doFilter(FilterChainProxy.java:374)
	at org.springframework.web.filter.OncePerRequestFilter.doFilter(OncePerRequestFilter.java:101)
	at org.springframework.security.web.FilterChainProxy$VirtualFilterChain.doFilter(FilterChainProxy.java:374)
	at org.springframework.web.filter.OncePerRequestFilter.doFilter(OncePerRequestFilter.java:101)
	at org.springframework.security.web.FilterChainProxy$VirtualFilterChain.doFilter(FilterChainProxy.java:374)
	at org.springframework.security.web.FilterChainProxy.doFilterInternal(FilterChainProxy.java:233)
	at org.springframework.security.web.FilterChainProxy.doFilter(FilterChainProxy.java:191)
	at java.base/jdk.internal.reflect.DirectMethodHandleAccessor.invoke(DirectMethodHandleAccessor.java:104)
	at java.base/java.lang.reflect.Method.invoke(Method.java:565)
	at org.springframework.aop.support.AopUtils.invokeJoinpointUsingReflection(AopUtils.java:360)
	at org.springframework.aop.framework.ReflectiveMethodInvocation.invokeJoinpoint(ReflectiveMethodInvocation.java:196)
	at org.springframework.aop.framework.ReflectiveMethodInvocation.proceed(ReflectiveMethodInvocation.java:163)
	at org.springframework.aop.aspectj.MethodInvocationProceedingJoinPoint.proceed(MethodInvocationProceedingJoinPoint.java:89)
	at sh.user.supportershighuserbackend.configuration.AopConfig.handleRequestRejectedException(AopConfig.java:19)
	at java.base/jdk.internal.reflect.DirectMethodHandleAccessor.invoke(DirectMethodHandleAccessor.java:104)
	at java.base/java.lang.reflect.Method.invoke(Method.java:565)
	at org.springframework.aop.aspectj.AbstractAspectJAdvice.invokeAdviceMethodWithGivenArgs(AbstractAspectJAdvice.java:649)
	at org.springframework.aop.aspectj.AbstractAspectJAdvice.invokeAdviceMethod(AbstractAspectJAdvice.java:631)
	at org.springframework.aop.aspectj.AspectJAroundAdvice.invoke(AspectJAroundAdvice.java:71)
	at org.springframework.aop.framework.ReflectiveMethodInvocation.proceed(ReflectiveMethodInvocation.java:184)
	at org.springframework.aop.interceptor.ExposeInvocationInterceptor.invoke(ExposeInvocationInterceptor.java:97)
	at org.springframework.aop.framework.ReflectiveMethodInvocation.proceed(ReflectiveMethodInvocation.java:184)
	at org.springframework.aop.framework.CglibAopProxy$DynamicAdvisedInterceptor.intercept(CglibAopProxy.java:728)
	at org.springframework.security.web.FilterChainProxy$$SpringCGLIB$$0.doFilter(<generated>)
	at org.springframework.web.filter.CompositeFilter$VirtualFilterChain.doFilter(CompositeFilter.java:113)
	at org.springframework.web.filter.ServletRequestPathFilter.doFilter(ServletRequestPathFilter.java:52)
	at org.springframework.web.filter.CompositeFilter$VirtualFilterChain.doFilter(CompositeFilter.java:113)
	at org.springframework.web.filter.CompositeFilter.doFilter(CompositeFilter.java:74)
	at org.springframework.security.config.annotation.web.configuration.WebSecurityConfiguration$CompositeFilterChainProxy.doFilter(WebSecurityConfiguration.java:319)
	at java.base/jdk.internal.reflect.DirectMethodHandleAccessor.invoke(DirectMethodHandleAccessor.java:104)
	at java.base/java.lang.reflect.Method.invoke(Method.java:565)
	at org.springframework.aop.support.AopUtils.invokeJoinpointUsingReflection(AopUtils.java:360)
	at org.springframework.aop.framework.ReflectiveMethodInvocation.invokeJoinpoint(ReflectiveMethodInvocation.java:196)
	at org.springframework.aop.framework.ReflectiveMethodInvocation.proceed(ReflectiveMethodInvocation.java:163)
	at org.springframework.aop.aspectj.MethodInvocationProceedingJoinPoint.proceed(MethodInvocationProceedingJoinPoint.java:89)
	at sh.user.supportershighuserbackend.configuration.AopConfig.handleRequestRejectedException(AopConfig.java:19)
	at java.base/jdk.internal.reflect.DirectMethodHandleAccessor.invoke(DirectMethodHandleAccessor.java:104)
	at java.base/java.lang.reflect.Method.invoke(Method.java:565)
	at org.springframework.aop.aspectj.AbstractAspectJAdvice.invokeAdviceMethodWithGivenArgs(AbstractAspectJAdvice.java:649)
	at org.springframework.aop.aspectj.AbstractAspectJAdvice.invokeAdviceMethod(AbstractAspectJAdvice.java:631)
	at org.springframework.aop.aspectj.AspectJAroundAdvice.invoke(AspectJAroundAdvice.java:71)
	at org.springframework.aop.framework.ReflectiveMethodInvocation.proceed(ReflectiveMethodInvocation.java:184)
	at org.springframework.aop.interceptor.ExposeInvocationInterceptor.invoke(ExposeInvocationInterceptor.java:97)
	at org.springframework.aop.framework.ReflectiveMethodInvocation.proceed(ReflectiveMethodInvocation.java:184)
	at org.springframework.aop.framework.CglibAopProxy$DynamicAdvisedInterceptor.intercept(CglibAopProxy.java:728)
	at org.springframework.security.config.annotation.web.configuration.WebSecurityConfiguration$CompositeFilterChainProxy$$SpringCGLIB$$0.doFilter(<generated>)
	at org.springframework.web.filter.CompositeFilter$VirtualFilterChain.doFilter(CompositeFilter.java:113)
	at org.springframework.web.servlet.handler.HandlerMappingIntrospector.lambda$createCacheFilter$4(HandlerMappingIntrospector.java:267)
	at org.springframework.web.filter.CompositeFilter$VirtualFilterChain.doFilter(CompositeFilter.java:113)
	at org.springframework.web.filter.CompositeFilter.doFilter(CompositeFilter.java:74)
	at org.springframework.security.config.annotation.web.configuration.WebMvcSecurityConfiguration$CompositeFilterChainProxy.doFilter(WebMvcSecurityConfiguration.java:240)
	at java.base/jdk.internal.reflect.DirectMethodHandleAccessor.invoke(DirectMethodHandleAccessor.java:104)
	at java.base/java.lang.reflect.Method.invoke(Method.java:565)
	at org.springframework.aop.support.AopUtils.invokeJoinpointUsingReflection(AopUtils.java:360)
	at org.springframework.aop.framework.ReflectiveMethodInvocation.invokeJoinpoint(ReflectiveMethodInvocation.java:196)
	at org.springframework.aop.framework.ReflectiveMethodInvocation.proceed(ReflectiveMethodInvocation.java:163)
	at org.springframework.aop.aspectj.MethodInvocationProceedingJoinPoint.proceed(MethodInvocationProceedingJoinPoint.java:89)
	at sh.user.supportershighuserbackend.configuration.AopConfig.handleRequestRejectedException(AopConfig.java:19)
	at java.base/jdk.internal.reflect.DirectMethodHandleAccessor.invoke(DirectMethodHandleAccessor.java:104)
	at java.base/java.lang.reflect.Method.invoke(Method.java:565)
	at org.springframework.aop.aspectj.AbstractAspectJAdvice.invokeAdviceMethodWithGivenArgs(AbstractAspectJAdvice.java:649)
	at org.springframework.aop.aspectj.AbstractAspectJAdvice.invokeAdviceMethod(AbstractAspectJAdvice.java:631)
	at org.springframework.aop.aspectj.AspectJAroundAdvice.invoke(AspectJAroundAdvice.java:71)
	at org.springframework.aop.framework.ReflectiveMethodInvocation.proceed(ReflectiveMethodInvocation.java:184)
	at org.springframework.aop.interceptor.ExposeInvocationInterceptor.invoke(ExposeInvocationInterceptor.java:97)
	at org.springframework.aop.framework.ReflectiveMethodInvocation.proceed(ReflectiveMethodInvocation.java:184)
	at org.springframework.aop.framework.CglibAopProxy$DynamicAdvisedInterceptor.intercept(CglibAopProxy.java:728)
	at org.springframework.security.config.annotation.web.configuration.WebMvcSecurityConfiguration$CompositeFilterChainProxy$$SpringCGLIB$$0.doFilter(<generated>)
	at org.springframework.web.filter.DelegatingFilterProxy.invokeDelegate(DelegatingFilterProxy.java:362)
	at org.springframework.web.filter.DelegatingFilterProxy.doFilter(DelegatingFilterProxy.java:278)
	at org.apache.catalina.core.ApplicationFilterChain.internalDoFilter(ApplicationFilterChain.java:164)
	at org.apache.catalina.core.ApplicationFilterChain.doFilter(ApplicationFilterChain.java:140)
	at org.springframework.web.filter.RequestContextFilter.doFilterInternal(RequestContextFilter.java:100)
	at org.springframework.web.filter.OncePerRequestFilter.doFilter(OncePerRequestFilter.java:116)
	at org.apache.catalina.core.ApplicationFilterChain.internalDoFilter(ApplicationFilterChain.java:164)
	at org.apache.catalina.core.ApplicationFilterChain.doFilter(ApplicationFilterChain.java:140)
	at org.springframework.web.filter.OncePerRequestFilter.doFilter(OncePerRequestFilter.java:101)
	at org.apache.catalina.core.ApplicationFilterChain.internalDoFilter(ApplicationFilterChain.java:164)
	at org.apache.catalina.core.ApplicationFilterChain.doFilter(ApplicationFilterChain.java:140)
	at org.springframework.web.filter.OncePerRequestFilter.doFilter(OncePerRequestFilter.java:101)
	at org.apache.catalina.core.ApplicationFilterChain.internalDoFilter(ApplicationFilterChain.java:164)
	at org.apache.catalina.core.ApplicationFilterChain.doFilter(ApplicationFilterChain.java:140)
	at org.apache.catalina.core.ApplicationDispatcher.invoke(ApplicationDispatcher.java:612)
	at org.apache.catalina.core.ApplicationDispatcher.processRequest(ApplicationDispatcher.java:396)
	at org.apache.catalina.core.ApplicationDispatcher.doForward(ApplicationDispatcher.java:323)
	at org.apache.catalina.core.ApplicationDispatcher.forward(ApplicationDispatcher.java:268)
	at org.apache.catalina.core.StandardHostValve.custom(StandardHostValve.java:377)
	at org.apache.catalina.core.StandardHostValve.status(StandardHostValve.java:209)
	at org.apache.catalina.core.StandardHostValve.invoke(StandardHostValve.java:152)
	at org.apache.catalina.valves.ErrorReportValve.invoke(ErrorReportValve.java:93)
	at org.apache.catalina.core.StandardEngineValve.invoke(StandardEngineValve.java:74)
	at org.apache.catalina.connector.CoyoteAdapter.service(CoyoteAdapter.java:344)
	at org.apache.coyote.http11.Http11Processor.service(Http11Processor.java:398)
	at org.apache.coyote.AbstractProcessorLight.process(AbstractProcessorLight.java:63)
	at org.apache.coyote.AbstractProtocol$ConnectionHandler.process(AbstractProtocol.java:903)
	at org.apache.tomcat.util.net.NioEndpoint$SocketProcessor.doRun(NioEndpoint.java:1769)
	at org.apache.tomcat.util.net.SocketProcessorBase.run(SocketProcessorBase.java:52)
	at org.apache.tomcat.util.threads.ThreadPoolExecutor.runWorker(ThreadPoolExecutor.java:1189)
	at org.apache.tomcat.util.threads.ThreadPoolExecutor$Worker.run(ThreadPoolExecutor.java:658)
	at org.apache.tomcat.util.threads.TaskThread$WrappingRunnable.run(TaskThread.java:63)
	at java.base/java.lang.Thread.run(Thread.java:1447)
03:26:27.347 WARN  [http-nio-8093-exec-3] [AbstractHandlerExceptionResolver.java-logException-254] Resolved [org.springframework.web.HttpMediaTypeNotSupportedException: Content-Type 'multipart/form-data;boundary=----WebKitFormBoundary9p2HabOYeIC2NL92' is not supported]
03:28:11.299 INFO  [http-nio-8093-exec-8] [MethodCallMonitorAspect.java-methodCallLog-21] [AOP] 호출 함수 확인
03:28:11.300 INFO  [http-nio-8093-exec-8] [MethodCallMonitorAspect.java-methodCallLog-24] 함수 : updateMemberPassword, 파라미터 : null
03:28:11.300 INFO  [http-nio-8093-exec-8] [TimeMonitorAspect.java-logTime-20] [AOP] 함수 실행 시간 로깅
03:28:11.300 INFO  [http-nio-8093-exec-8] [MemberController.java-updateMemberPassword-159] [Member] 비밀번호 수정
03:28:11.301 INFO  [http-nio-8093-exec-8] [MemberService.java-updateMemberPassword-460] 비밀번호 수정 service
03:28:11.450 INFO  [http-nio-8093-exec-8] [TimeMonitorAspect.java-logTime-32] ResponseEntity sh.user.supportershighuserbackend.member.controller.MemberController.updateMemberPassword(UpdatePasswordRequestDto) 실행 시간 : 149 ms
03:28:11.451 INFO  [http-nio-8093-exec-8] [MethodCallMonitorAspect.java-methodCallLog-32] updateMemberPassword 함수 정상 반환 데이터 : public class org.springframework.http.ResponseEntity<T>
03:28:21.811 INFO  [http-nio-8093-exec-9] [MethodCallMonitorAspect.java-methodCallLog-21] [AOP] 호출 함수 확인
03:28:21.811 INFO  [http-nio-8093-exec-9] [MethodCallMonitorAspect.java-methodCallLog-24] 함수 : loginAccount, 파라미터 : null
03:28:21.811 INFO  [http-nio-8093-exec-9] [TimeMonitorAspect.java-logTime-20] [AOP] 함수 실행 시간 로깅
03:28:21.811 INFO  [http-nio-8093-exec-9] [MemberController.java-loginAccount-72] [Member] 로그인
03:28:21.817 INFO  [http-nio-8093-exec-9] [MemberService.java-loginAccount-246] 계정 로그인 service
03:28:21.875 INFO  [http-nio-8093-exec-9] [MemberService.java-loginAccount-255] 로그인 시도 시 해당 계정이 존재하지 않습니다.
03:28:21.894 INFO  [http-nio-8093-exec-9] [TimeMonitorAspect.java-logTime-32] ResponseEntity sh.user.supportershighuserbackend.member.controller.MemberController.loginAccount(HttpServletRequest,HttpServletResponse,MemberLoginRequestDto) 실행 시간 : 83 ms
03:28:21.894 INFO  [http-nio-8093-exec-9] [MethodCallMonitorAspect.java-methodCallLog-32] loginAccount 함수 정상 반환 데이터 : public class org.springframework.http.ResponseEntity<T>
03:28:26.506 INFO  [http-nio-8093-exec-10] [MethodCallMonitorAspect.java-methodCallLog-21] [AOP] 호출 함수 확인
03:28:26.507 INFO  [http-nio-8093-exec-10] [MethodCallMonitorAspect.java-methodCallLog-24] 함수 : loginAccount, 파라미터 : null
03:28:26.507 INFO  [http-nio-8093-exec-10] [TimeMonitorAspect.java-logTime-20] [AOP] 함수 실행 시간 로깅
03:28:26.507 INFO  [http-nio-8093-exec-10] [MemberController.java-loginAccount-72] [Member] 로그인
03:28:26.509 INFO  [http-nio-8093-exec-10] [MemberService.java-loginAccount-246] 계정 로그인 service
03:28:26.564 INFO  [http-nio-8093-exec-10] [MemberService.java-loginAccount-255] 로그인 시도 시 해당 계정이 존재하지 않습니다.
03:28:26.566 INFO  [http-nio-8093-exec-10] [TimeMonitorAspect.java-logTime-32] ResponseEntity sh.user.supportershighuserbackend.member.controller.MemberController.loginAccount(HttpServletRequest,HttpServletResponse,MemberLoginRequestDto) 실행 시간 : 59 ms
03:28:26.566 INFO  [http-nio-8093-exec-10] [MethodCallMonitorAspect.java-methodCallLog-32] loginAccount 함수 정상 반환 데이터 : public class org.springframework.http.ResponseEntity<T>
03:30:03.928 INFO  [http-nio-8093-exec-4] [MethodCallMonitorAspect.java-methodCallLog-21] [AOP] 호출 함수 확인
03:30:03.928 INFO  [http-nio-8093-exec-4] [MethodCallMonitorAspect.java-methodCallLog-24] 함수 : authorizeEmail, 파라미터 : null
03:30:03.928 INFO  [http-nio-8093-exec-4] [TimeMonitorAspect.java-logTime-20] [AOP] 함수 실행 시간 로깅
03:30:03.929 INFO  [http-nio-8093-exec-4] [MemberController.java-authorizeEmail-53] [Member] 이메일 인증
03:30:03.929 INFO  [http-nio-8093-exec-4] [MemberService.java-authorizeEmail-236] 이메일 인증 service
03:30:07.949 INFO  [http-nio-8093-exec-4] [TimeMonitorAspect.java-logTime-32] ResponseEntity sh.user.supportershighuserbackend.member.controller.MemberController.authorizeEmail(HttpServletRequest,AuthorizeEmailRequestDto) 실행 시간 : 4020 ms
03:30:07.949 INFO  [http-nio-8093-exec-4] [MethodCallMonitorAspect.java-methodCallLog-32] authorizeEmail 함수 정상 반환 데이터 : public class org.springframework.http.ResponseEntity<T>
03:30:30.937 INFO  [http-nio-8093-exec-6] [MethodCallMonitorAspect.java-methodCallLog-21] [AOP] 호출 함수 확인
03:30:30.937 INFO  [http-nio-8093-exec-6] [MethodCallMonitorAspect.java-methodCallLog-24] 함수 : updateMemberPassword, 파라미터 : null
03:30:30.938 INFO  [http-nio-8093-exec-6] [TimeMonitorAspect.java-logTime-20] [AOP] 함수 실행 시간 로깅
03:30:30.938 INFO  [http-nio-8093-exec-6] [MemberController.java-updateMemberPassword-159] [Member] 비밀번호 수정
03:30:30.938 INFO  [http-nio-8093-exec-6] [MemberService.java-updateMemberPassword-460] 비밀번호 수정 service
03:30:30.995 INFO  [http-nio-8093-exec-6] [TimeMonitorAspect.java-logTime-32] ResponseEntity sh.user.supportershighuserbackend.member.controller.MemberController.updateMemberPassword(UpdatePasswordRequestDto) 실행 시간 : 57 ms
03:30:30.996 INFO  [http-nio-8093-exec-6] [MethodCallMonitorAspect.java-methodCallLog-32] updateMemberPassword 함수 정상 반환 데이터 : public class org.springframework.http.ResponseEntity<T>
03:30:40.476 INFO  [http-nio-8093-exec-7] [MethodCallMonitorAspect.java-methodCallLog-21] [AOP] 호출 함수 확인
03:30:40.476 INFO  [http-nio-8093-exec-7] [MethodCallMonitorAspect.java-methodCallLog-24] 함수 : loginAccount, 파라미터 : null
03:30:40.476 INFO  [http-nio-8093-exec-7] [TimeMonitorAspect.java-logTime-20] [AOP] 함수 실행 시간 로깅
03:30:40.476 INFO  [http-nio-8093-exec-7] [MemberController.java-loginAccount-72] [Member] 로그인
03:30:40.477 INFO  [http-nio-8093-exec-7] [MemberService.java-loginAccount-246] 계정 로그인 service
03:30:40.530 INFO  [http-nio-8093-exec-7] [MemberService.java-loginAccount-255] 로그인 시도 시 해당 계정이 존재하지 않습니다.
03:30:40.531 INFO  [http-nio-8093-exec-7] [TimeMonitorAspect.java-logTime-32] ResponseEntity sh.user.supportershighuserbackend.member.controller.MemberController.loginAccount(HttpServletRequest,HttpServletResponse,MemberLoginRequestDto) 실행 시간 : 55 ms
03:30:40.532 INFO  [http-nio-8093-exec-7] [MethodCallMonitorAspect.java-methodCallLog-32] loginAccount 함수 정상 반환 데이터 : public class org.springframework.http.ResponseEntity<T>
03:32:07.609 INFO  [http-nio-8093-exec-10] [MethodCallMonitorAspect.java-methodCallLog-21] [AOP] 호출 함수 확인
03:32:07.610 INFO  [http-nio-8093-exec-10] [MethodCallMonitorAspect.java-methodCallLog-24] 함수 : loginAccount, 파라미터 : null
03:32:07.610 INFO  [http-nio-8093-exec-10] [TimeMonitorAspect.java-logTime-20] [AOP] 함수 실행 시간 로깅
03:32:07.610 INFO  [http-nio-8093-exec-10] [MemberController.java-loginAccount-72] [Member] 로그인
03:32:07.611 INFO  [http-nio-8093-exec-10] [MemberService.java-loginAccount-246] 계정 로그인 service
03:32:07.730 INFO  [http-nio-8093-exec-10] [UserDetailsServiceImpl.java-loadUserByUsername-27] 유저 계정 존재 (고객) : wlstpgns51@naver.com
03:32:07.731 INFO  [http-nio-8093-exec-10] [UserDetailsServiceImpl.java-createUserDetailsOfMember-36] 회원용 createUserDetails 실행
03:32:07.782 INFO  [http-nio-8093-exec-10] [JwtTokenProvider.java-generateToken-57] 권한 정보 확인 : ROLE_client
03:32:07.828 INFO  [http-nio-8093-exec-10] [TimeMonitorAspect.java-logTime-32] ResponseEntity sh.user.supportershighuserbackend.member.controller.MemberController.loginAccount(HttpServletRequest,HttpServletResponse,MemberLoginRequestDto) 실행 시간 : 218 ms
03:32:07.828 INFO  [http-nio-8093-exec-10] [MethodCallMonitorAspect.java-methodCallLog-32] loginAccount 함수 정상 반환 데이터 : public class org.springframework.http.ResponseEntity<T>
03:32:08.544 INFO  [http-nio-8093-exec-2] [JwtTokenProvider.java-validateToken-134] validateToken 함수 진입 : 토큰 Provider 에서 검증할 토큰을 가지고 왔는지 확인
03:32:08.545 INFO  [http-nio-8093-exec-2] [JwtTokenProvider.java-validateToken-137] Checking JWT Token
03:32:08.547 INFO  [http-nio-8093-exec-2] [JwtTokenProvider.java-validateToken-139] Valid JWT Token
03:32:08.553 INFO  [http-nio-8093-exec-2] [MethodCallMonitorAspect.java-methodCallLog-21] [AOP] 호출 함수 확인
03:32:08.553 INFO  [http-nio-8093-exec-2] [MethodCallMonitorAspect.java-methodCallLog-24] 함수 : getPreRegistrationCount, 파라미터 : []
03:32:08.553 INFO  [http-nio-8093-exec-2] [TimeMonitorAspect.java-logTime-20] [AOP] 함수 실행 시간 로깅
03:32:08.553 INFO  [http-nio-8093-exec-2] [MemberController.java-getPreRegistrationCount-142] [Member] 사전 등록한 유저수 조회
03:32:08.553 INFO  [http-nio-8093-exec-2] [MemberService.java-getPreRegistrationCount-444] 사전 등록한 유저수 조회 service
03:32:08.559 INFO  [http-nio-8093-exec-2] [TimeMonitorAspect.java-logTime-32] ResponseEntity sh.user.supportershighuserbackend.member.controller.MemberController.getPreRegistrationCount() 실행 시간 : 6 ms
03:32:08.559 INFO  [http-nio-8093-exec-2] [MethodCallMonitorAspect.java-methodCallLog-32] getPreRegistrationCount 함수 정상 반환 데이터 : public class org.springframework.http.ResponseEntity<T>
03:32:08.695 INFO  [http-nio-8093-exec-5] [JwtTokenProvider.java-validateToken-134] validateToken 함수 진입 : 토큰 Provider 에서 검증할 토큰을 가지고 왔는지 확인
03:32:08.695 INFO  [http-nio-8093-exec-5] [JwtTokenProvider.java-validateToken-137] Checking JWT Token
03:32:08.697 INFO  [http-nio-8093-exec-5] [JwtTokenProvider.java-validateToken-139] Valid JWT Token
03:32:08.698 INFO  [http-nio-8093-exec-5] [MethodCallMonitorAspect.java-methodCallLog-21] [AOP] 호출 함수 확인
03:32:08.698 INFO  [http-nio-8093-exec-5] [MethodCallMonitorAspect.java-methodCallLog-24] 함수 : getPreRegistrationCount, 파라미터 : []
03:32:08.698 INFO  [http-nio-8093-exec-5] [TimeMonitorAspect.java-logTime-20] [AOP] 함수 실행 시간 로깅
03:32:08.698 INFO  [http-nio-8093-exec-5] [MemberController.java-getPreRegistrationCount-142] [Member] 사전 등록한 유저수 조회
03:32:08.698 INFO  [http-nio-8093-exec-5] [MemberService.java-getPreRegistrationCount-444] 사전 등록한 유저수 조회 service
03:32:08.700 INFO  [http-nio-8093-exec-5] [TimeMonitorAspect.java-logTime-32] ResponseEntity sh.user.supportershighuserbackend.member.controller.MemberController.getPreRegistrationCount() 실행 시간 : 2 ms
03:32:08.700 INFO  [http-nio-8093-exec-5] [MethodCallMonitorAspect.java-methodCallLog-32] getPreRegistrationCount 함수 정상 반환 데이터 : public class org.springframework.http.ResponseEntity<T>
03:32:31.092 INFO  [SpringApplicationShutdownHook] [CloseEventListener.java-onApplicationEvent-15] CloseEventListener!!
03:32:31.094 INFO  [SpringApplicationShutdownHook] [GracefulShutdown.java-shutDownGracefully-54] Commencing graceful shutdown. Waiting for active requests to complete
03:32:31.098 INFO  [tomcat-shutdown] [GracefulShutdown.java-doShutdown-76] Graceful shutdown complete
03:32:31.115 INFO  [SpringApplicationShutdownHook] [AbstractEntityManagerFactoryBean.java-destroy-660] Closing JPA EntityManagerFactory for persistence unit 'default'
03:32:31.117 INFO  [SpringApplicationShutdownHook] [HikariDataSource.java-close-349] HikariPool-1 - Shutdown initiated...
03:32:31.119 INFO  [SpringApplicationShutdownHook] [HikariDataSource.java-close-351] HikariPool-1 - Shutdown completed.
03:32:36.215 INFO  [background-preinit] [Version.java-<clinit>-21] HV000001: Hibernate Validator 8.0.2.Final
03:32:36.238 INFO  [restartedMain] [StartupInfoLogger.java-logStarting-53] Starting SupportershighUserBackendApplication using Java 24.0.1 with PID 24424 (E:\Development\BackEnd\fillo-user-backend\out\production\classes started by user in E:\Development\BackEnd\fillo-user-backend)
03:32:36.239 INFO  [restartedMain] [SpringApplication.java-logStartupProfileInfo-652] No active profile set, falling back to 1 default profile: "default"
03:32:36.267 INFO  [restartedMain] [DeferredLog.java-logTo-252] Devtools property defaults active! Set 'spring.devtools.add-properties' to 'false' to disable
03:32:36.268 INFO  [restartedMain] [DeferredLog.java-logTo-252] For additional web related logging consider setting the 'logging.level.web' property to 'DEBUG'
03:32:36.742 INFO  [restartedMain] [RepositoryConfigurationDelegate.java-multipleStoresDetected-294] Multiple Spring Data modules found, entering strict repository configuration mode
03:32:36.743 INFO  [restartedMain] [RepositoryConfigurationDelegate.java-registerRepositoriesIn-145] Bootstrapping Spring Data JDBC repositories in DEFAULT mode.
03:32:36.772 INFO  [restartedMain] [RepositoryConfigurationExtensionSupport.java-isStrictRepositoryCandidate-327] Spring Data JDBC - Could not safely identify store assignment for repository candidate interface sh.user.supportershighuserbackend.jwt.repository.JwtTokenRepository; If you want this repository to be a JDBC repository, consider annotating your entities with one of these annotations: org.springframework.data.relational.core.mapping.Table.
03:32:36.827 INFO  [restartedMain] [RepositoryConfigurationExtensionSupport.java-isStrictRepositoryCandidate-327] Spring Data JDBC - Could not safely identify store assignment for repository candidate interface sh.user.supportershighuserbackend.media.repository.MediaRepository; If you want this repository to be a JDBC repository, consider annotating your entities with one of these annotations: org.springframework.data.relational.core.mapping.Table.
03:32:36.843 INFO  [restartedMain] [RepositoryConfigurationDelegate.java-registerRepositoriesIn-213] Finished Spring Data repository scanning in 95 ms. Found 3 JDBC repository interfaces.
03:32:36.854 INFO  [restartedMain] [RepositoryConfigurationDelegate.java-multipleStoresDetected-294] Multiple Spring Data modules found, entering strict repository configuration mode
03:32:36.855 INFO  [restartedMain] [RepositoryConfigurationDelegate.java-registerRepositoriesIn-145] Bootstrapping Spring Data JPA repositories in DEFAULT mode.
03:32:36.870 INFO  [restartedMain] [DefaultListableBeanFactory.java-logBeanDefinitionOverriding-1334] Overriding bean definition for bean 'leagueRepository' with a different definition: replacing [Root bean: class=org.springframework.data.jdbc.repository.support.JdbcRepositoryFactoryBean; scope=; abstract=false; lazyInit=false; autowireMode=0; dependencyCheck=0; autowireCandidate=true; primary=false; fallback=false; factoryBeanName=null; factoryMethodName=null; initMethodNames=null; destroyMethodNames=null; defined in sh.user.supportershighuserbackend.league.repository.LeagueRepository defined in @EnableJdbcRepositories declared on JdbcRepositoriesRegistrar.EnableJdbcRepositoriesConfiguration] with [Root bean: class=org.springframework.data.jpa.repository.support.JpaRepositoryFactoryBean; scope=; abstract=false; lazyInit=false; autowireMode=0; dependencyCheck=0; autowireCandidate=true; primary=false; fallback=false; factoryBeanName=null; factoryMethodName=null; initMethodNames=null; destroyMethodNames=null; defined in sh.user.supportershighuserbackend.league.repository.LeagueRepository defined in @EnableJpaRepositories declared on JpaRepositoriesRegistrar.EnableJpaRepositoriesConfiguration]
03:32:36.870 INFO  [restartedMain] [DefaultListableBeanFactory.java-logBeanDefinitionOverriding-1334] Overriding bean definition for bean 'memberRepository' with a different definition: replacing [Root bean: class=org.springframework.data.jdbc.repository.support.JdbcRepositoryFactoryBean; scope=; abstract=false; lazyInit=false; autowireMode=0; dependencyCheck=0; autowireCandidate=true; primary=false; fallback=false; factoryBeanName=null; factoryMethodName=null; initMethodNames=null; destroyMethodNames=null; defined in sh.user.supportershighuserbackend.member.repository.MemberRepository defined in @EnableJdbcRepositories declared on JdbcRepositoriesRegistrar.EnableJdbcRepositoriesConfiguration] with [Root bean: class=org.springframework.data.jpa.repository.support.JpaRepositoryFactoryBean; scope=; abstract=false; lazyInit=false; autowireMode=0; dependencyCheck=0; autowireCandidate=true; primary=false; fallback=false; factoryBeanName=null; factoryMethodName=null; initMethodNames=null; destroyMethodNames=null; defined in sh.user.supportershighuserbackend.member.repository.MemberRepository defined in @EnableJpaRepositories declared on JpaRepositoriesRegistrar.EnableJpaRepositoriesConfiguration]
03:32:36.871 INFO  [restartedMain] [DefaultListableBeanFactory.java-logBeanDefinitionOverriding-1334] Overriding bean definition for bean 'teamRepository' with a different definition: replacing [Root bean: class=org.springframework.data.jdbc.repository.support.JdbcRepositoryFactoryBean; scope=; abstract=false; lazyInit=false; autowireMode=0; dependencyCheck=0; autowireCandidate=true; primary=false; fallback=false; factoryBeanName=null; factoryMethodName=null; initMethodNames=null; destroyMethodNames=null; defined in sh.user.supportershighuserbackend.team.repository.TeamRepository defined in @EnableJdbcRepositories declared on JdbcRepositoriesRegistrar.EnableJdbcRepositoriesConfiguration] with [Root bean: class=org.springframework.data.jpa.repository.support.JpaRepositoryFactoryBean; scope=; abstract=false; lazyInit=false; autowireMode=0; dependencyCheck=0; autowireCandidate=true; primary=false; fallback=false; factoryBeanName=null; factoryMethodName=null; initMethodNames=null; destroyMethodNames=null; defined in sh.user.supportershighuserbackend.team.repository.TeamRepository defined in @EnableJpaRepositories declared on JpaRepositoriesRegistrar.EnableJpaRepositoriesConfiguration]
03:32:36.872 INFO  [restartedMain] [RepositoryConfigurationDelegate.java-registerRepositoriesIn-213] Finished Spring Data repository scanning in 14 ms. Found 5 JPA repository interfaces.
03:32:37.356 INFO  [restartedMain] [TomcatWebServer.java-initialize-111] Tomcat initialized with port 8093 (http)
03:32:37.365 INFO  [restartedMain] [DirectJDKLog.java-log-168] Initializing ProtocolHandler ["http-nio-8093"]
03:32:37.366 INFO  [restartedMain] [DirectJDKLog.java-log-168] Starting service [Tomcat]
03:32:37.366 INFO  [restartedMain] [DirectJDKLog.java-log-168] Starting Servlet engine: [Apache Tomcat/10.1.43]
03:32:37.401 INFO  [restartedMain] [DirectJDKLog.java-log-168] Initializing Spring embedded WebApplicationContext
03:32:37.401 INFO  [restartedMain] [ServletWebServerApplicationContext.java-prepareWebApplicationContext-301] Root WebApplicationContext: initialization completed in 1133 ms
03:32:37.523 INFO  [restartedMain] [LogHelper.java-logPersistenceUnitInformation-31] HHH000204: Processing PersistenceUnitInfo [name: default]
03:32:37.555 INFO  [restartedMain] [Version.java-logVersion-44] HHH000412: Hibernate ORM core version 6.6.22.Final
03:32:37.576 INFO  [restartedMain] [RegionFactoryInitiator.java-initiateService-50] HHH000026: Second-level cache disabled
03:32:37.751 INFO  [restartedMain] [SpringPersistenceUnitInfo.java-addTransformer-87] No LoadTimeWeaver setup: ignoring JPA class transformer
03:32:37.769 WARN  [restartedMain] [HikariConfig.java-validateNumerics-1109] HikariPool-1 - keepaliveTime is greater than or equal to maxLifetime, disabling it.
03:32:37.769 INFO  [restartedMain] [HikariDataSource.java-getConnection-109] HikariPool-1 - Starting...
03:32:37.991 INFO  [restartedMain] [HikariPool.java-checkFailFast-580] HikariPool-1 - Added connection com.mysql.cj.jdbc.ConnectionImpl@23c27544
03:32:37.993 INFO  [restartedMain] [HikariDataSource.java-getConnection-122] HikariPool-1 - Start completed.
03:32:38.029 INFO  [restartedMain] [JdbcEnvironmentInitiator.java-logConnectionInfo-163] HHH10001005: Database info:
	Database JDBC URL [Connecting through datasource 'HikariDataSource (HikariPool-1)']
	Database driver: undefined/unknown
	Database version: 8.0.34
	Autocommit mode: undefined/unknown
	Isolation level: undefined/unknown
	Minimum pool size: undefined/unknown
	Maximum pool size: undefined/unknown
03:32:38.033 DEBUG [restartedMain] [DdlTypeRegistry.java-addDescriptor-64] addDescriptor(12, org.hibernate.type.descriptor.sql.internal.CapacityDependentDdlType@7a34b919) replaced previous registration(org.hibernate.type.descriptor.sql.internal.CapacityDependentDdlType@2539deb9)
03:32:38.033 DEBUG [restartedMain] [DdlTypeRegistry.java-addDescriptor-64] addDescriptor(-9, org.hibernate.type.descriptor.sql.internal.CapacityDependentDdlType@50db9943) replaced previous registration(org.hibernate.type.descriptor.sql.internal.CapacityDependentDdlType@4bae778b)
03:32:38.034 DEBUG [restartedMain] [DdlTypeRegistry.java-addDescriptor-64] addDescriptor(-3, org.hibernate.type.descriptor.sql.internal.CapacityDependentDdlType@148de396) replaced previous registration(org.hibernate.type.descriptor.sql.internal.CapacityDependentDdlType@7f2a3ba8)
03:32:38.034 DEBUG [restartedMain] [DdlTypeRegistry.java-addDescriptor-64] addDescriptor(4003, org.hibernate.type.descriptor.sql.internal.DdlTypeImpl@7337a48f) replaced previous registration(org.hibernate.type.descriptor.sql.internal.DdlTypeImpl@4b9d974d)
03:32:38.034 DEBUG [restartedMain] [DdlTypeRegistry.java-addDescriptor-64] addDescriptor(4001, org.hibernate.type.descriptor.sql.internal.DdlTypeImpl@30774cfb) replaced previous registration(org.hibernate.type.descriptor.sql.internal.DdlTypeImpl@1eaed626)
03:32:38.034 DEBUG [restartedMain] [DdlTypeRegistry.java-addDescriptor-64] addDescriptor(4002, org.hibernate.type.descriptor.sql.internal.DdlTypeImpl@50730aa0) replaced previous registration(org.hibernate.type.descriptor.sql.internal.DdlTypeImpl@7773d81c)
03:32:38.034 DEBUG [restartedMain] [DdlTypeRegistry.java-addDescriptor-64] addDescriptor(2004, org.hibernate.type.descriptor.sql.internal.CapacityDependentDdlType@7d69529d) replaced previous registration(org.hibernate.type.descriptor.sql.internal.DdlTypeImpl@159ea4f0)
03:32:38.034 DEBUG [restartedMain] [DdlTypeRegistry.java-addDescriptor-64] addDescriptor(2005, org.hibernate.type.descriptor.sql.internal.CapacityDependentDdlType@5d709ae9) replaced previous registration(org.hibernate.type.descriptor.sql.internal.DdlTypeImpl@342a1a63)
03:32:38.034 DEBUG [restartedMain] [DdlTypeRegistry.java-addDescriptor-64] addDescriptor(2011, org.hibernate.type.descriptor.sql.internal.CapacityDependentDdlType@3e04bc1) replaced previous registration(org.hibernate.type.descriptor.sql.internal.DdlTypeImpl@6339c669)
03:32:38.632 INFO  [restartedMain] [JtaPlatformInitiator.java-initiateService-59] HHH000489: No JTA platform available (set 'hibernate.transaction.jta.platform' to enable JTA platform integration)
03:32:38.869 INFO  [restartedMain] [AbstractEntityManagerFactoryBean.java-buildNativeEntityManagerFactory-447] Initialized JPA EntityManagerFactory for persistence unit 'default'
03:32:39.227 WARN  [restartedMain] [JpaBaseConfiguration.java-openEntityManagerInViewInterceptor-258] spring.jpa.open-in-view is enabled by default. Therefore, database queries may be performed during view rendering. Explicitly configure spring.jpa.open-in-view to disable this warning
03:32:39.378 INFO  [restartedMain] [InitializeUserDetailsBeanManagerConfigurer.java-configure-110] Global AuthenticationManager configured with UserDetailsService bean with name userDetailsServiceImpl
03:32:39.410 INFO  [restartedMain] [SecurityConfig.java-securityFilterChain-38] [ LOCAL ] Security Active
03:32:39.448 WARN  [restartedMain] [CglibAopProxy.java-doValidateClass-296] Unable to proxy interface-implementing method [public final void org.springframework.web.filter.GenericFilterBean.init(jakarta.servlet.FilterConfig) throws jakarta.servlet.ServletException] because it is marked as final, consider using interface-based JDK proxies instead.
03:32:39.456 WARN  [restartedMain] [CglibAopProxy.java-doValidateClass-296] Unable to proxy interface-implementing method [public final void org.springframework.web.filter.GenericFilterBean.init(jakarta.servlet.FilterConfig) throws jakarta.servlet.ServletException] because it is marked as final, consider using interface-based JDK proxies instead.
03:32:39.461 WARN  [restartedMain] [CglibAopProxy.java-doValidateClass-296] Unable to proxy interface-implementing method [public final void org.springframework.web.filter.GenericFilterBean.init(jakarta.servlet.FilterConfig) throws jakarta.servlet.ServletException] because it is marked as final, consider using interface-based JDK proxies instead.
03:32:39.661 INFO  [restartedMain] [OptionalLiveReloadServer.java-startServer-59] LiveReload server is running on port 35729
03:32:39.849 INFO  [restartedMain] [DirectJDKLog.java-log-168] Starting ProtocolHandler ["http-nio-8093"]
03:32:39.861 INFO  [restartedMain] [TomcatWebServer.java-start-243] Tomcat started on port 8093 (http) with context path '/'
03:32:39.866 INFO  [restartedMain] [StartupInfoLogger.java-logStarted-59] Started SupportershighUserBackendApplication in 3.944 seconds (process running for 4.355)
03:32:39.868 INFO  [restartedMain] [StartEventListener.java-onApplicationEvent-17] ApplicationReadyEvent: batch.issueCoupon=OFF
03:32:48.277 INFO  [http-nio-8093-exec-1] [DirectJDKLog.java-log-168] Initializing Spring DispatcherServlet 'dispatcherServlet'
03:32:48.277 INFO  [http-nio-8093-exec-1] [FrameworkServlet.java-initServletBean-532] Initializing Servlet 'dispatcherServlet'
03:32:48.278 INFO  [http-nio-8093-exec-1] [FrameworkServlet.java-initServletBean-554] Completed initialization in 1 ms
03:32:48.323 INFO  [http-nio-8093-exec-2] [JwtTokenProvider.java-validateToken-134] validateToken 함수 진입 : 토큰 Provider 에서 검증할 토큰을 가지고 왔는지 확인
03:32:48.323 INFO  [http-nio-8093-exec-2] [JwtTokenProvider.java-validateToken-137] Checking JWT Token
03:32:48.368 INFO  [http-nio-8093-exec-2] [JwtTokenProvider.java-validateToken-144] Expired JWT Token
io.jsonwebtoken.ExpiredJwtException: JWT expired at 2025-09-22T16:23:56Z. Current time: 2025-10-08T18:32:48Z, a difference of 1390132366 milliseconds.  Allowed clock skew: 0 milliseconds.
	at io.jsonwebtoken.impl.DefaultJwtParser.parse(DefaultJwtParser.java:427)
	at io.jsonwebtoken.impl.DefaultJwtParser.parse(DefaultJwtParser.java:529)
	at io.jsonwebtoken.impl.DefaultJwtParser.parseClaimsJws(DefaultJwtParser.java:589)
	at io.jsonwebtoken.impl.ImmutableJwtParser.parseClaimsJws(ImmutableJwtParser.java:173)
	at sh.user.supportershighuserbackend.jwt.service.JwtTokenProvider.validateToken(JwtTokenProvider.java:138)
	at sh.user.supportershighuserbackend.jwt.service.JwtAuthenticationFilter.doFilter(JwtAuthenticationFilter.java:28)
	at org.springframework.security.web.FilterChainProxy$VirtualFilterChain.doFilter(FilterChainProxy.java:374)
	at org.springframework.security.web.authentication.logout.LogoutFilter.doFilter(LogoutFilter.java:107)
	at org.springframework.security.web.authentication.logout.LogoutFilter.doFilter(LogoutFilter.java:93)
	at org.springframework.security.web.FilterChainProxy$VirtualFilterChain.doFilter(FilterChainProxy.java:374)
	at org.springframework.web.filter.CorsFilter.doFilterInternal(CorsFilter.java:91)
	at org.springframework.web.filter.OncePerRequestFilter.doFilter(OncePerRequestFilter.java:116)
	at org.springframework.security.web.FilterChainProxy$VirtualFilterChain.doFilter(FilterChainProxy.java:374)
	at org.springframework.security.web.header.HeaderWriterFilter.doHeadersAfter(HeaderWriterFilter.java:90)
	at org.springframework.security.web.header.HeaderWriterFilter.doFilterInternal(HeaderWriterFilter.java:75)
	at org.springframework.web.filter.OncePerRequestFilter.doFilter(OncePerRequestFilter.java:116)
	at org.springframework.security.web.FilterChainProxy$VirtualFilterChain.doFilter(FilterChainProxy.java:374)
	at org.springframework.security.web.context.SecurityContextHolderFilter.doFilter(SecurityContextHolderFilter.java:82)
	at org.springframework.security.web.context.SecurityContextHolderFilter.doFilter(SecurityContextHolderFilter.java:69)
	at org.springframework.security.web.FilterChainProxy$VirtualFilterChain.doFilter(FilterChainProxy.java:374)
	at org.springframework.security.web.context.request.async.WebAsyncManagerIntegrationFilter.doFilterInternal(WebAsyncManagerIntegrationFilter.java:62)
	at org.springframework.web.filter.OncePerRequestFilter.doFilter(OncePerRequestFilter.java:116)
	at org.springframework.security.web.FilterChainProxy$VirtualFilterChain.doFilter(FilterChainProxy.java:374)
	at org.springframework.security.web.session.DisableEncodeUrlFilter.doFilterInternal(DisableEncodeUrlFilter.java:42)
	at org.springframework.web.filter.OncePerRequestFilter.doFilter(OncePerRequestFilter.java:116)
	at org.springframework.security.web.FilterChainProxy$VirtualFilterChain.doFilter(FilterChainProxy.java:374)
	at org.springframework.security.web.FilterChainProxy.doFilterInternal(FilterChainProxy.java:233)
	at org.springframework.security.web.FilterChainProxy.doFilter(FilterChainProxy.java:191)
	at java.base/jdk.internal.reflect.DirectMethodHandleAccessor.invoke(DirectMethodHandleAccessor.java:104)
	at java.base/java.lang.reflect.Method.invoke(Method.java:565)
	at org.springframework.aop.support.AopUtils.invokeJoinpointUsingReflection(AopUtils.java:360)
	at org.springframework.aop.framework.ReflectiveMethodInvocation.invokeJoinpoint(ReflectiveMethodInvocation.java:196)
	at org.springframework.aop.framework.ReflectiveMethodInvocation.proceed(ReflectiveMethodInvocation.java:163)
	at org.springframework.aop.aspectj.MethodInvocationProceedingJoinPoint.proceed(MethodInvocationProceedingJoinPoint.java:89)
	at sh.user.supportershighuserbackend.configuration.AopConfig.handleRequestRejectedException(AopConfig.java:19)
	at java.base/jdk.internal.reflect.DirectMethodHandleAccessor.invoke(DirectMethodHandleAccessor.java:104)
	at java.base/java.lang.reflect.Method.invoke(Method.java:565)
	at org.springframework.aop.aspectj.AbstractAspectJAdvice.invokeAdviceMethodWithGivenArgs(AbstractAspectJAdvice.java:649)
	at org.springframework.aop.aspectj.AbstractAspectJAdvice.invokeAdviceMethod(AbstractAspectJAdvice.java:631)
	at org.springframework.aop.aspectj.AspectJAroundAdvice.invoke(AspectJAroundAdvice.java:71)
	at org.springframework.aop.framework.ReflectiveMethodInvocation.proceed(ReflectiveMethodInvocation.java:184)
	at org.springframework.aop.interceptor.ExposeInvocationInterceptor.invoke(ExposeInvocationInterceptor.java:97)
	at org.springframework.aop.framework.ReflectiveMethodInvocation.proceed(ReflectiveMethodInvocation.java:184)
	at org.springframework.aop.framework.CglibAopProxy$DynamicAdvisedInterceptor.intercept(CglibAopProxy.java:728)
	at org.springframework.security.web.FilterChainProxy$$SpringCGLIB$$0.doFilter(<generated>)
	at org.springframework.web.filter.CompositeFilter$VirtualFilterChain.doFilter(CompositeFilter.java:113)
	at org.springframework.web.filter.ServletRequestPathFilter.doFilter(ServletRequestPathFilter.java:52)
	at org.springframework.web.filter.CompositeFilter$VirtualFilterChain.doFilter(CompositeFilter.java:113)
	at org.springframework.web.filter.CompositeFilter.doFilter(CompositeFilter.java:74)
	at org.springframework.security.config.annotation.web.configuration.WebSecurityConfiguration$CompositeFilterChainProxy.doFilter(WebSecurityConfiguration.java:319)
	at java.base/jdk.internal.reflect.DirectMethodHandleAccessor.invoke(DirectMethodHandleAccessor.java:104)
	at java.base/java.lang.reflect.Method.invoke(Method.java:565)
	at org.springframework.aop.support.AopUtils.invokeJoinpointUsingReflection(AopUtils.java:360)
	at org.springframework.aop.framework.ReflectiveMethodInvocation.invokeJoinpoint(ReflectiveMethodInvocation.java:196)
	at org.springframework.aop.framework.ReflectiveMethodInvocation.proceed(ReflectiveMethodInvocation.java:163)
	at org.springframework.aop.aspectj.MethodInvocationProceedingJoinPoint.proceed(MethodInvocationProceedingJoinPoint.java:89)
	at sh.user.supportershighuserbackend.configuration.AopConfig.handleRequestRejectedException(AopConfig.java:19)
	at java.base/jdk.internal.reflect.DirectMethodHandleAccessor.invoke(DirectMethodHandleAccessor.java:104)
	at java.base/java.lang.reflect.Method.invoke(Method.java:565)
	at org.springframework.aop.aspectj.AbstractAspectJAdvice.invokeAdviceMethodWithGivenArgs(AbstractAspectJAdvice.java:649)
	at org.springframework.aop.aspectj.AbstractAspectJAdvice.invokeAdviceMethod(AbstractAspectJAdvice.java:631)
	at org.springframework.aop.aspectj.AspectJAroundAdvice.invoke(AspectJAroundAdvice.java:71)
	at org.springframework.aop.framework.ReflectiveMethodInvocation.proceed(ReflectiveMethodInvocation.java:184)
	at org.springframework.aop.interceptor.ExposeInvocationInterceptor.invoke(ExposeInvocationInterceptor.java:97)
	at org.springframework.aop.framework.ReflectiveMethodInvocation.proceed(ReflectiveMethodInvocation.java:184)
	at org.springframework.aop.framework.CglibAopProxy$DynamicAdvisedInterceptor.intercept(CglibAopProxy.java:728)
	at org.springframework.security.config.annotation.web.configuration.WebSecurityConfiguration$CompositeFilterChainProxy$$SpringCGLIB$$0.doFilter(<generated>)
	at org.springframework.web.filter.CompositeFilter$VirtualFilterChain.doFilter(CompositeFilter.java:113)
	at org.springframework.web.servlet.handler.HandlerMappingIntrospector.lambda$createCacheFilter$4(HandlerMappingIntrospector.java:267)
	at org.springframework.web.filter.CompositeFilter$VirtualFilterChain.doFilter(CompositeFilter.java:113)
	at org.springframework.web.filter.CompositeFilter.doFilter(CompositeFilter.java:74)
	at org.springframework.security.config.annotation.web.configuration.WebMvcSecurityConfiguration$CompositeFilterChainProxy.doFilter(WebMvcSecurityConfiguration.java:240)
	at java.base/jdk.internal.reflect.DirectMethodHandleAccessor.invoke(DirectMethodHandleAccessor.java:104)
	at java.base/java.lang.reflect.Method.invoke(Method.java:565)
	at org.springframework.aop.support.AopUtils.invokeJoinpointUsingReflection(AopUtils.java:360)
	at org.springframework.aop.framework.ReflectiveMethodInvocation.invokeJoinpoint(ReflectiveMethodInvocation.java:196)
	at org.springframework.aop.framework.ReflectiveMethodInvocation.proceed(ReflectiveMethodInvocation.java:163)
	at org.springframework.aop.aspectj.MethodInvocationProceedingJoinPoint.proceed(MethodInvocationProceedingJoinPoint.java:89)
	at sh.user.supportershighuserbackend.configuration.AopConfig.handleRequestRejectedException(AopConfig.java:19)
	at java.base/jdk.internal.reflect.DirectMethodHandleAccessor.invoke(DirectMethodHandleAccessor.java:104)
	at java.base/java.lang.reflect.Method.invoke(Method.java:565)
	at org.springframework.aop.aspectj.AbstractAspectJAdvice.invokeAdviceMethodWithGivenArgs(AbstractAspectJAdvice.java:649)
	at org.springframework.aop.aspectj.AbstractAspectJAdvice.invokeAdviceMethod(AbstractAspectJAdvice.java:631)
	at org.springframework.aop.aspectj.AspectJAroundAdvice.invoke(AspectJAroundAdvice.java:71)
	at org.springframework.aop.framework.ReflectiveMethodInvocation.proceed(ReflectiveMethodInvocation.java:184)
	at org.springframework.aop.interceptor.ExposeInvocationInterceptor.invoke(ExposeInvocationInterceptor.java:97)
	at org.springframework.aop.framework.ReflectiveMethodInvocation.proceed(ReflectiveMethodInvocation.java:184)
	at org.springframework.aop.framework.CglibAopProxy$DynamicAdvisedInterceptor.intercept(CglibAopProxy.java:728)
	at org.springframework.security.config.annotation.web.configuration.WebMvcSecurityConfiguration$CompositeFilterChainProxy$$SpringCGLIB$$0.doFilter(<generated>)
	at org.springframework.web.filter.DelegatingFilterProxy.invokeDelegate(DelegatingFilterProxy.java:362)
	at org.springframework.web.filter.DelegatingFilterProxy.doFilter(DelegatingFilterProxy.java:278)
	at org.apache.catalina.core.ApplicationFilterChain.internalDoFilter(ApplicationFilterChain.java:164)
	at org.apache.catalina.core.ApplicationFilterChain.doFilter(ApplicationFilterChain.java:140)
	at org.springframework.web.filter.RequestContextFilter.doFilterInternal(RequestContextFilter.java:100)
	at org.springframework.web.filter.OncePerRequestFilter.doFilter(OncePerRequestFilter.java:116)
	at org.apache.catalina.core.ApplicationFilterChain.internalDoFilter(ApplicationFilterChain.java:164)
	at org.apache.catalina.core.ApplicationFilterChain.doFilter(ApplicationFilterChain.java:140)
	at org.springframework.web.filter.FormContentFilter.doFilterInternal(FormContentFilter.java:93)
	at org.springframework.web.filter.OncePerRequestFilter.doFilter(OncePerRequestFilter.java:116)
	at org.apache.catalina.core.ApplicationFilterChain.internalDoFilter(ApplicationFilterChain.java:164)
	at org.apache.catalina.core.ApplicationFilterChain.doFilter(ApplicationFilterChain.java:140)
	at org.springframework.web.filter.CharacterEncodingFilter.doFilterInternal(CharacterEncodingFilter.java:201)
	at org.springframework.web.filter.OncePerRequestFilter.doFilter(OncePerRequestFilter.java:116)
	at org.apache.catalina.core.ApplicationFilterChain.internalDoFilter(ApplicationFilterChain.java:164)
	at org.apache.catalina.core.ApplicationFilterChain.doFilter(ApplicationFilterChain.java:140)
	at org.apache.catalina.core.StandardWrapperValve.invoke(StandardWrapperValve.java:167)
	at org.apache.catalina.core.StandardContextValve.invoke(StandardContextValve.java:90)
	at org.apache.catalina.authenticator.AuthenticatorBase.invoke(AuthenticatorBase.java:483)
	at org.apache.catalina.core.StandardHostValve.invoke(StandardHostValve.java:116)
	at org.apache.catalina.valves.ErrorReportValve.invoke(ErrorReportValve.java:93)
	at org.apache.catalina.core.StandardEngineValve.invoke(StandardEngineValve.java:74)
	at org.apache.catalina.connector.CoyoteAdapter.service(CoyoteAdapter.java:344)
	at org.apache.coyote.http11.Http11Processor.service(Http11Processor.java:398)
	at org.apache.coyote.AbstractProcessorLight.process(AbstractProcessorLight.java:63)
	at org.apache.coyote.AbstractProtocol$ConnectionHandler.process(AbstractProtocol.java:903)
	at org.apache.tomcat.util.net.NioEndpoint$SocketProcessor.doRun(NioEndpoint.java:1769)
	at org.apache.tomcat.util.net.SocketProcessorBase.run(SocketProcessorBase.java:52)
	at org.apache.tomcat.util.threads.ThreadPoolExecutor.runWorker(ThreadPoolExecutor.java:1189)
	at org.apache.tomcat.util.threads.ThreadPoolExecutor$Worker.run(ThreadPoolExecutor.java:658)
	at org.apache.tomcat.util.threads.TaskThread$WrappingRunnable.run(TaskThread.java:63)
	at java.base/java.lang.Thread.run(Thread.java:1447)
03:32:48.382 INFO  [http-nio-8093-exec-2] [MethodCallMonitorAspect.java-methodCallLog-21] [AOP] 호출 함수 확인
03:32:48.383 INFO  [http-nio-8093-exec-2] [MethodCallMonitorAspect.java-methodCallLog-24] 함수 : getPreRegistrationCount, 파라미터 : []
03:32:48.383 INFO  [http-nio-8093-exec-2] [TimeMonitorAspect.java-logTime-20] [AOP] 함수 실행 시간 로깅
03:32:48.383 INFO  [http-nio-8093-exec-2] [MemberController.java-getPreRegistrationCount-142] [Member] 사전 등록한 유저수 조회
03:32:48.384 INFO  [http-nio-8093-exec-2] [MemberService.java-getPreRegistrationCount-444] 사전 등록한 유저수 조회 service
03:32:48.452 INFO  [http-nio-8093-exec-2] [TimeMonitorAspect.java-logTime-32] ResponseEntity sh.user.supportershighuserbackend.member.controller.MemberController.getPreRegistrationCount() 실행 시간 : 69 ms
03:32:48.452 INFO  [http-nio-8093-exec-2] [MethodCallMonitorAspect.java-methodCallLog-32] getPreRegistrationCount 함수 정상 반환 데이터 : public class org.springframework.http.ResponseEntity<T>
03:32:48.479 INFO  [http-nio-8093-exec-3] [JwtTokenProvider.java-validateToken-134] validateToken 함수 진입 : 토큰 Provider 에서 검증할 토큰을 가지고 왔는지 확인
03:32:48.480 INFO  [http-nio-8093-exec-3] [JwtTokenProvider.java-validateToken-137] Checking JWT Token
03:32:48.481 INFO  [http-nio-8093-exec-3] [JwtTokenProvider.java-validateToken-144] Expired JWT Token
io.jsonwebtoken.ExpiredJwtException: JWT expired at 2025-09-22T16:23:56Z. Current time: 2025-10-08T18:32:48Z, a difference of 1390132481 milliseconds.  Allowed clock skew: 0 milliseconds.
	at io.jsonwebtoken.impl.DefaultJwtParser.parse(DefaultJwtParser.java:427)
	at io.jsonwebtoken.impl.DefaultJwtParser.parse(DefaultJwtParser.java:529)
	at io.jsonwebtoken.impl.DefaultJwtParser.parseClaimsJws(DefaultJwtParser.java:589)
	at io.jsonwebtoken.impl.ImmutableJwtParser.parseClaimsJws(ImmutableJwtParser.java:173)
	at sh.user.supportershighuserbackend.jwt.service.JwtTokenProvider.validateToken(JwtTokenProvider.java:138)
	at sh.user.supportershighuserbackend.jwt.service.JwtAuthenticationFilter.doFilter(JwtAuthenticationFilter.java:28)
	at org.springframework.security.web.FilterChainProxy$VirtualFilterChain.doFilter(FilterChainProxy.java:374)
	at org.springframework.security.web.authentication.logout.LogoutFilter.doFilter(LogoutFilter.java:107)
	at org.springframework.security.web.authentication.logout.LogoutFilter.doFilter(LogoutFilter.java:93)
	at org.springframework.security.web.FilterChainProxy$VirtualFilterChain.doFilter(FilterChainProxy.java:374)
	at org.springframework.web.filter.CorsFilter.doFilterInternal(CorsFilter.java:91)
	at org.springframework.web.filter.OncePerRequestFilter.doFilter(OncePerRequestFilter.java:116)
	at org.springframework.security.web.FilterChainProxy$VirtualFilterChain.doFilter(FilterChainProxy.java:374)
	at org.springframework.security.web.header.HeaderWriterFilter.doHeadersAfter(HeaderWriterFilter.java:90)
	at org.springframework.security.web.header.HeaderWriterFilter.doFilterInternal(HeaderWriterFilter.java:75)
	at org.springframework.web.filter.OncePerRequestFilter.doFilter(OncePerRequestFilter.java:116)
	at org.springframework.security.web.FilterChainProxy$VirtualFilterChain.doFilter(FilterChainProxy.java:374)
	at org.springframework.security.web.context.SecurityContextHolderFilter.doFilter(SecurityContextHolderFilter.java:82)
	at org.springframework.security.web.context.SecurityContextHolderFilter.doFilter(SecurityContextHolderFilter.java:69)
	at org.springframework.security.web.FilterChainProxy$VirtualFilterChain.doFilter(FilterChainProxy.java:374)
	at org.springframework.security.web.context.request.async.WebAsyncManagerIntegrationFilter.doFilterInternal(WebAsyncManagerIntegrationFilter.java:62)
	at org.springframework.web.filter.OncePerRequestFilter.doFilter(OncePerRequestFilter.java:116)
	at org.springframework.security.web.FilterChainProxy$VirtualFilterChain.doFilter(FilterChainProxy.java:374)
	at org.springframework.security.web.session.DisableEncodeUrlFilter.doFilterInternal(DisableEncodeUrlFilter.java:42)
	at org.springframework.web.filter.OncePerRequestFilter.doFilter(OncePerRequestFilter.java:116)
	at org.springframework.security.web.FilterChainProxy$VirtualFilterChain.doFilter(FilterChainProxy.java:374)
	at org.springframework.security.web.FilterChainProxy.doFilterInternal(FilterChainProxy.java:233)
	at org.springframework.security.web.FilterChainProxy.doFilter(FilterChainProxy.java:191)
	at java.base/jdk.internal.reflect.DirectMethodHandleAccessor.invoke(DirectMethodHandleAccessor.java:104)
	at java.base/java.lang.reflect.Method.invoke(Method.java:565)
	at org.springframework.aop.support.AopUtils.invokeJoinpointUsingReflection(AopUtils.java:360)
	at org.springframework.aop.framework.ReflectiveMethodInvocation.invokeJoinpoint(ReflectiveMethodInvocation.java:196)
	at org.springframework.aop.framework.ReflectiveMethodInvocation.proceed(ReflectiveMethodInvocation.java:163)
	at org.springframework.aop.aspectj.MethodInvocationProceedingJoinPoint.proceed(MethodInvocationProceedingJoinPoint.java:89)
	at sh.user.supportershighuserbackend.configuration.AopConfig.handleRequestRejectedException(AopConfig.java:19)
	at java.base/jdk.internal.reflect.DirectMethodHandleAccessor.invoke(DirectMethodHandleAccessor.java:104)
	at java.base/java.lang.reflect.Method.invoke(Method.java:565)
	at org.springframework.aop.aspectj.AbstractAspectJAdvice.invokeAdviceMethodWithGivenArgs(AbstractAspectJAdvice.java:649)
	at org.springframework.aop.aspectj.AbstractAspectJAdvice.invokeAdviceMethod(AbstractAspectJAdvice.java:631)
	at org.springframework.aop.aspectj.AspectJAroundAdvice.invoke(AspectJAroundAdvice.java:71)
	at org.springframework.aop.framework.ReflectiveMethodInvocation.proceed(ReflectiveMethodInvocation.java:184)
	at org.springframework.aop.interceptor.ExposeInvocationInterceptor.invoke(ExposeInvocationInterceptor.java:97)
	at org.springframework.aop.framework.ReflectiveMethodInvocation.proceed(ReflectiveMethodInvocation.java:184)
	at org.springframework.aop.framework.CglibAopProxy$DynamicAdvisedInterceptor.intercept(CglibAopProxy.java:728)
	at org.springframework.security.web.FilterChainProxy$$SpringCGLIB$$0.doFilter(<generated>)
	at org.springframework.web.filter.CompositeFilter$VirtualFilterChain.doFilter(CompositeFilter.java:113)
	at org.springframework.web.filter.ServletRequestPathFilter.doFilter(ServletRequestPathFilter.java:52)
	at org.springframework.web.filter.CompositeFilter$VirtualFilterChain.doFilter(CompositeFilter.java:113)
	at org.springframework.web.filter.CompositeFilter.doFilter(CompositeFilter.java:74)
	at org.springframework.security.config.annotation.web.configuration.WebSecurityConfiguration$CompositeFilterChainProxy.doFilter(WebSecurityConfiguration.java:319)
	at java.base/jdk.internal.reflect.DirectMethodHandleAccessor.invoke(DirectMethodHandleAccessor.java:104)
	at java.base/java.lang.reflect.Method.invoke(Method.java:565)
	at org.springframework.aop.support.AopUtils.invokeJoinpointUsingReflection(AopUtils.java:360)
	at org.springframework.aop.framework.ReflectiveMethodInvocation.invokeJoinpoint(ReflectiveMethodInvocation.java:196)
	at org.springframework.aop.framework.ReflectiveMethodInvocation.proceed(ReflectiveMethodInvocation.java:163)
	at org.springframework.aop.aspectj.MethodInvocationProceedingJoinPoint.proceed(MethodInvocationProceedingJoinPoint.java:89)
	at sh.user.supportershighuserbackend.configuration.AopConfig.handleRequestRejectedException(AopConfig.java:19)
	at java.base/jdk.internal.reflect.DirectMethodHandleAccessor.invoke(DirectMethodHandleAccessor.java:104)
	at java.base/java.lang.reflect.Method.invoke(Method.java:565)
	at org.springframework.aop.aspectj.AbstractAspectJAdvice.invokeAdviceMethodWithGivenArgs(AbstractAspectJAdvice.java:649)
	at org.springframework.aop.aspectj.AbstractAspectJAdvice.invokeAdviceMethod(AbstractAspectJAdvice.java:631)
	at org.springframework.aop.aspectj.AspectJAroundAdvice.invoke(AspectJAroundAdvice.java:71)
	at org.springframework.aop.framework.ReflectiveMethodInvocation.proceed(ReflectiveMethodInvocation.java:184)
	at org.springframework.aop.interceptor.ExposeInvocationInterceptor.invoke(ExposeInvocationInterceptor.java:97)
	at org.springframework.aop.framework.ReflectiveMethodInvocation.proceed(ReflectiveMethodInvocation.java:184)
	at org.springframework.aop.framework.CglibAopProxy$DynamicAdvisedInterceptor.intercept(CglibAopProxy.java:728)
	at org.springframework.security.config.annotation.web.configuration.WebSecurityConfiguration$CompositeFilterChainProxy$$SpringCGLIB$$0.doFilter(<generated>)
	at org.springframework.web.filter.CompositeFilter$VirtualFilterChain.doFilter(CompositeFilter.java:113)
	at org.springframework.web.servlet.handler.HandlerMappingIntrospector.lambda$createCacheFilter$4(HandlerMappingIntrospector.java:267)
	at org.springframework.web.filter.CompositeFilter$VirtualFilterChain.doFilter(CompositeFilter.java:113)
	at org.springframework.web.filter.CompositeFilter.doFilter(CompositeFilter.java:74)
	at org.springframework.security.config.annotation.web.configuration.WebMvcSecurityConfiguration$CompositeFilterChainProxy.doFilter(WebMvcSecurityConfiguration.java:240)
	at java.base/jdk.internal.reflect.DirectMethodHandleAccessor.invoke(DirectMethodHandleAccessor.java:104)
	at java.base/java.lang.reflect.Method.invoke(Method.java:565)
	at org.springframework.aop.support.AopUtils.invokeJoinpointUsingReflection(AopUtils.java:360)
	at org.springframework.aop.framework.ReflectiveMethodInvocation.invokeJoinpoint(ReflectiveMethodInvocation.java:196)
	at org.springframework.aop.framework.ReflectiveMethodInvocation.proceed(ReflectiveMethodInvocation.java:163)
	at org.springframework.aop.aspectj.MethodInvocationProceedingJoinPoint.proceed(MethodInvocationProceedingJoinPoint.java:89)
	at sh.user.supportershighuserbackend.configuration.AopConfig.handleRequestRejectedException(AopConfig.java:19)
	at java.base/jdk.internal.reflect.DirectMethodHandleAccessor.invoke(DirectMethodHandleAccessor.java:104)
	at java.base/java.lang.reflect.Method.invoke(Method.java:565)
	at org.springframework.aop.aspectj.AbstractAspectJAdvice.invokeAdviceMethodWithGivenArgs(AbstractAspectJAdvice.java:649)
	at org.springframework.aop.aspectj.AbstractAspectJAdvice.invokeAdviceMethod(AbstractAspectJAdvice.java:631)
	at org.springframework.aop.aspectj.AspectJAroundAdvice.invoke(AspectJAroundAdvice.java:71)
	at org.springframework.aop.framework.ReflectiveMethodInvocation.proceed(ReflectiveMethodInvocation.java:184)
	at org.springframework.aop.interceptor.ExposeInvocationInterceptor.invoke(ExposeInvocationInterceptor.java:97)
	at org.springframework.aop.framework.ReflectiveMethodInvocation.proceed(ReflectiveMethodInvocation.java:184)
	at org.springframework.aop.framework.CglibAopProxy$DynamicAdvisedInterceptor.intercept(CglibAopProxy.java:728)
	at org.springframework.security.config.annotation.web.configuration.WebMvcSecurityConfiguration$CompositeFilterChainProxy$$SpringCGLIB$$0.doFilter(<generated>)
	at org.springframework.web.filter.DelegatingFilterProxy.invokeDelegate(DelegatingFilterProxy.java:362)
	at org.springframework.web.filter.DelegatingFilterProxy.doFilter(DelegatingFilterProxy.java:278)
	at org.apache.catalina.core.ApplicationFilterChain.internalDoFilter(ApplicationFilterChain.java:164)
	at org.apache.catalina.core.ApplicationFilterChain.doFilter(ApplicationFilterChain.java:140)
	at org.springframework.web.filter.RequestContextFilter.doFilterInternal(RequestContextFilter.java:100)
	at org.springframework.web.filter.OncePerRequestFilter.doFilter(OncePerRequestFilter.java:116)
	at org.apache.catalina.core.ApplicationFilterChain.internalDoFilter(ApplicationFilterChain.java:164)
	at org.apache.catalina.core.ApplicationFilterChain.doFilter(ApplicationFilterChain.java:140)
	at org.springframework.web.filter.FormContentFilter.doFilterInternal(FormContentFilter.java:93)
	at org.springframework.web.filter.OncePerRequestFilter.doFilter(OncePerRequestFilter.java:116)
	at org.apache.catalina.core.ApplicationFilterChain.internalDoFilter(ApplicationFilterChain.java:164)
	at org.apache.catalina.core.ApplicationFilterChain.doFilter(ApplicationFilterChain.java:140)
	at org.springframework.web.filter.CharacterEncodingFilter.doFilterInternal(CharacterEncodingFilter.java:201)
	at org.springframework.web.filter.OncePerRequestFilter.doFilter(OncePerRequestFilter.java:116)
	at org.apache.catalina.core.ApplicationFilterChain.internalDoFilter(ApplicationFilterChain.java:164)
	at org.apache.catalina.core.ApplicationFilterChain.doFilter(ApplicationFilterChain.java:140)
	at org.apache.catalina.core.StandardWrapperValve.invoke(StandardWrapperValve.java:167)
	at org.apache.catalina.core.StandardContextValve.invoke(StandardContextValve.java:90)
	at org.apache.catalina.authenticator.AuthenticatorBase.invoke(AuthenticatorBase.java:483)
	at org.apache.catalina.core.StandardHostValve.invoke(StandardHostValve.java:116)
	at org.apache.catalina.valves.ErrorReportValve.invoke(ErrorReportValve.java:93)
	at org.apache.catalina.core.StandardEngineValve.invoke(StandardEngineValve.java:74)
	at org.apache.catalina.connector.CoyoteAdapter.service(CoyoteAdapter.java:344)
	at org.apache.coyote.http11.Http11Processor.service(Http11Processor.java:398)
	at org.apache.coyote.AbstractProcessorLight.process(AbstractProcessorLight.java:63)
	at org.apache.coyote.AbstractProtocol$ConnectionHandler.process(AbstractProtocol.java:903)
	at org.apache.tomcat.util.net.NioEndpoint$SocketProcessor.doRun(NioEndpoint.java:1769)
	at org.apache.tomcat.util.net.SocketProcessorBase.run(SocketProcessorBase.java:52)
	at org.apache.tomcat.util.threads.ThreadPoolExecutor.runWorker(ThreadPoolExecutor.java:1189)
	at org.apache.tomcat.util.threads.ThreadPoolExecutor$Worker.run(ThreadPoolExecutor.java:658)
	at org.apache.tomcat.util.threads.TaskThread$WrappingRunnable.run(TaskThread.java:63)
	at java.base/java.lang.Thread.run(Thread.java:1447)
03:32:48.482 INFO  [http-nio-8093-exec-3] [MethodCallMonitorAspect.java-methodCallLog-21] [AOP] 호출 함수 확인
03:32:48.483 INFO  [http-nio-8093-exec-3] [MethodCallMonitorAspect.java-methodCallLog-24] 함수 : getPreRegistrationCount, 파라미터 : []
03:32:48.483 INFO  [http-nio-8093-exec-3] [TimeMonitorAspect.java-logTime-20] [AOP] 함수 실행 시간 로깅
03:32:48.483 INFO  [http-nio-8093-exec-3] [MemberController.java-getPreRegistrationCount-142] [Member] 사전 등록한 유저수 조회
03:32:48.483 INFO  [http-nio-8093-exec-3] [MemberService.java-getPreRegistrationCount-444] 사전 등록한 유저수 조회 service
03:32:48.485 INFO  [http-nio-8093-exec-3] [TimeMonitorAspect.java-logTime-32] ResponseEntity sh.user.supportershighuserbackend.member.controller.MemberController.getPreRegistrationCount() 실행 시간 : 2 ms
03:32:48.485 INFO  [http-nio-8093-exec-3] [MethodCallMonitorAspect.java-methodCallLog-32] getPreRegistrationCount 함수 정상 반환 데이터 : public class org.springframework.http.ResponseEntity<T>
03:32:59.125 INFO  [http-nio-8093-exec-6] [MethodCallMonitorAspect.java-methodCallLog-21] [AOP] 호출 함수 확인
03:32:59.125 INFO  [http-nio-8093-exec-6] [MethodCallMonitorAspect.java-methodCallLog-24] 함수 : authorizeEmail, 파라미터 : null
03:32:59.126 INFO  [http-nio-8093-exec-6] [TimeMonitorAspect.java-logTime-20] [AOP] 함수 실행 시간 로깅
03:32:59.126 INFO  [http-nio-8093-exec-6] [MemberController.java-authorizeEmail-53] [Member] 이메일 인증
03:32:59.126 INFO  [http-nio-8093-exec-6] [MemberService.java-authorizeEmail-236] 이메일 인증 service
03:33:02.990 INFO  [http-nio-8093-exec-6] [TimeMonitorAspect.java-logTime-32] ResponseEntity sh.user.supportershighuserbackend.member.controller.MemberController.authorizeEmail(HttpServletRequest,AuthorizeEmailRequestDto) 실행 시간 : 3864 ms
03:33:02.990 INFO  [http-nio-8093-exec-6] [MethodCallMonitorAspect.java-methodCallLog-32] authorizeEmail 함수 정상 반환 데이터 : public class org.springframework.http.ResponseEntity<T>
03:33:21.990 INFO  [http-nio-8093-exec-7] [MethodCallMonitorAspect.java-methodCallLog-21] [AOP] 호출 함수 확인
03:33:21.990 INFO  [http-nio-8093-exec-7] [MethodCallMonitorAspect.java-methodCallLog-24] 함수 : updateMemberPassword, 파라미터 : null
03:33:21.990 INFO  [http-nio-8093-exec-7] [TimeMonitorAspect.java-logTime-20] [AOP] 함수 실행 시간 로깅
03:33:21.990 INFO  [http-nio-8093-exec-7] [MemberController.java-updateMemberPassword-159] [Member] 비밀번호 수정
03:33:21.994 INFO  [http-nio-8093-exec-7] [MemberService.java-updateMemberPassword-461] 비밀번호 수정 service
03:33:22.109 INFO  [http-nio-8093-exec-7] [TimeMonitorAspect.java-logTime-32] ResponseEntity sh.user.supportershighuserbackend.member.controller.MemberController.updateMemberPassword(UpdatePasswordRequestDto) 실행 시간 : 119 ms
03:33:22.109 INFO  [http-nio-8093-exec-7] [MethodCallMonitorAspect.java-methodCallLog-32] updateMemberPassword 함수 정상 반환 데이터 : public class org.springframework.http.ResponseEntity<T>
03:33:31.333 INFO  [http-nio-8093-exec-9] [MethodCallMonitorAspect.java-methodCallLog-21] [AOP] 호출 함수 확인
03:33:31.333 INFO  [http-nio-8093-exec-9] [MethodCallMonitorAspect.java-methodCallLog-24] 함수 : loginAccount, 파라미터 : null
03:33:31.333 INFO  [http-nio-8093-exec-9] [TimeMonitorAspect.java-logTime-20] [AOP] 함수 실행 시간 로깅
03:33:31.333 INFO  [http-nio-8093-exec-9] [MemberController.java-loginAccount-72] [Member] 로그인
03:33:31.334 INFO  [http-nio-8093-exec-9] [MemberService.java-loginAccount-246] 계정 로그인 service
03:33:31.447 INFO  [http-nio-8093-exec-9] [UserDetailsServiceImpl.java-loadUserByUsername-27] 유저 계정 존재 (고객) : wlstpgns51@naver.com
03:33:31.448 INFO  [http-nio-8093-exec-9] [UserDetailsServiceImpl.java-createUserDetailsOfMember-36] 회원용 createUserDetails 실행
03:33:31.499 INFO  [http-nio-8093-exec-9] [JwtTokenProvider.java-generateToken-57] 권한 정보 확인 : ROLE_client
03:33:31.524 INFO  [http-nio-8093-exec-9] [TimeMonitorAspect.java-logTime-32] ResponseEntity sh.user.supportershighuserbackend.member.controller.MemberController.loginAccount(HttpServletRequest,HttpServletResponse,MemberLoginRequestDto) 실행 시간 : 191 ms
03:33:31.524 INFO  [http-nio-8093-exec-9] [MethodCallMonitorAspect.java-methodCallLog-32] loginAccount 함수 정상 반환 데이터 : public class org.springframework.http.ResponseEntity<T>
03:33:32.182 INFO  [http-nio-8093-exec-10] [JwtTokenProvider.java-validateToken-134] validateToken 함수 진입 : 토큰 Provider 에서 검증할 토큰을 가지고 왔는지 확인
03:33:32.182 INFO  [http-nio-8093-exec-10] [JwtTokenProvider.java-validateToken-137] Checking JWT Token
03:33:32.187 INFO  [http-nio-8093-exec-10] [JwtTokenProvider.java-validateToken-139] Valid JWT Token
03:33:32.189 INFO  [http-nio-8093-exec-10] [MethodCallMonitorAspect.java-methodCallLog-21] [AOP] 호출 함수 확인
03:33:32.189 INFO  [http-nio-8093-exec-10] [MethodCallMonitorAspect.java-methodCallLog-24] 함수 : getPreRegistrationCount, 파라미터 : []
03:33:32.189 INFO  [http-nio-8093-exec-10] [TimeMonitorAspect.java-logTime-20] [AOP] 함수 실행 시간 로깅
03:33:32.189 INFO  [http-nio-8093-exec-10] [MemberController.java-getPreRegistrationCount-142] [Member] 사전 등록한 유저수 조회
03:33:32.189 INFO  [http-nio-8093-exec-10] [MemberService.java-getPreRegistrationCount-444] 사전 등록한 유저수 조회 service
03:33:32.192 INFO  [http-nio-8093-exec-10] [TimeMonitorAspect.java-logTime-32] ResponseEntity sh.user.supportershighuserbackend.member.controller.MemberController.getPreRegistrationCount() 실행 시간 : 3 ms
03:33:32.192 INFO  [http-nio-8093-exec-10] [MethodCallMonitorAspect.java-methodCallLog-32] getPreRegistrationCount 함수 정상 반환 데이터 : public class org.springframework.http.ResponseEntity<T>
03:33:32.329 INFO  [http-nio-8093-exec-1] [JwtTokenProvider.java-validateToken-134] validateToken 함수 진입 : 토큰 Provider 에서 검증할 토큰을 가지고 왔는지 확인
03:33:32.329 INFO  [http-nio-8093-exec-1] [JwtTokenProvider.java-validateToken-137] Checking JWT Token
03:33:32.330 INFO  [http-nio-8093-exec-1] [JwtTokenProvider.java-validateToken-139] Valid JWT Token
03:33:32.331 INFO  [http-nio-8093-exec-1] [MethodCallMonitorAspect.java-methodCallLog-21] [AOP] 호출 함수 확인
03:33:32.331 INFO  [http-nio-8093-exec-1] [MethodCallMonitorAspect.java-methodCallLog-24] 함수 : getPreRegistrationCount, 파라미터 : []
03:33:32.331 INFO  [http-nio-8093-exec-1] [TimeMonitorAspect.java-logTime-20] [AOP] 함수 실행 시간 로깅
03:33:32.331 INFO  [http-nio-8093-exec-1] [MemberController.java-getPreRegistrationCount-142] [Member] 사전 등록한 유저수 조회
03:33:32.331 INFO  [http-nio-8093-exec-1] [MemberService.java-getPreRegistrationCount-444] 사전 등록한 유저수 조회 service
03:33:32.333 INFO  [http-nio-8093-exec-1] [TimeMonitorAspect.java-logTime-32] ResponseEntity sh.user.supportershighuserbackend.member.controller.MemberController.getPreRegistrationCount() 실행 시간 : 2 ms
03:33:32.333 INFO  [http-nio-8093-exec-1] [MethodCallMonitorAspect.java-methodCallLog-32] getPreRegistrationCount 함수 정상 반환 데이터 : public class org.springframework.http.ResponseEntity<T>
