05:28:56.216 INFO  [background-preinit] [Version.java-<clinit>-21] HV000001: Hibernate Validator 8.0.2.Final
05:28:56.289 INFO  [restartedMain] [StartupInfoLogger.java-logStarting-53] Starting SupportershighUserBackendApplication using Java 24 with PID 151 (/app/build/classes/java/main started by root in /app)
05:28:56.290 INFO  [restartedMain] [SpringApplication.java-logStartupProfileInfo-658] The following 1 profile is active: "dev"
05:28:56.390 INFO  [restartedMain] [DeferredLog.java-logTo-252] Devtools property defaults active! Set 'spring.devtools.add-properties' to 'false' to disable
05:28:56.394 INFO  [restartedMain] [DeferredLog.java-logTo-252] For additional web related logging consider setting the 'logging.level.web' property to 'DEBUG'
05:28:57.363 INFO  [restartedMain] [RepositoryConfigurationDelegate.java-multipleStoresDetected-294] Multiple Spring Data modules found, entering strict repository configuration mode
05:28:57.365 INFO  [restartedMain] [RepositoryConfigurationDelegate.java-registerRepositoriesIn-145] Bootstrapping Spring Data JDBC repositories in DEFAULT mode.
05:28:57.425 INFO  [restartedMain] [RepositoryConfigurationExtensionSupport.java-isStrictRepositoryCandidate-327] Spring Data JDBC - Could not safely identify store assignment for repository candidate interface sh.user.supportershighuserbackend.jwt.repository.JwtTokenRepository; If you want this repository to be a JDBC repository, consider annotating your entities with one of these annotations: org.springframework.data.relational.core.mapping.Table.
05:28:57.558 INFO  [restartedMain] [RepositoryConfigurationExtensionSupport.java-isStrictRepositoryCandidate-327] Spring Data JDBC - Could not safely identify store assignment for repository candidate interface sh.user.supportershighuserbackend.media.repository.MediaRepository; If you want this repository to be a JDBC repository, consider annotating your entities with one of these annotations: org.springframework.data.relational.core.mapping.Table.
05:28:57.595 INFO  [restartedMain] [RepositoryConfigurationDelegate.java-registerRepositoriesIn-213] Finished Spring Data repository scanning in 211 ms. Found 3 JDBC repository interfaces.
05:28:57.611 INFO  [restartedMain] [RepositoryConfigurationDelegate.java-multipleStoresDetected-294] Multiple Spring Data modules found, entering strict repository configuration mode
05:28:57.615 INFO  [restartedMain] [RepositoryConfigurationDelegate.java-registerRepositoriesIn-145] Bootstrapping Spring Data JPA repositories in DEFAULT mode.
05:28:57.634 INFO  [restartedMain] [DefaultListableBeanFactory.java-logBeanDefinitionOverriding-1334] Overriding bean definition for bean 'memberRepository' with a different definition: replacing [Root bean: class=org.springframework.data.jdbc.repository.support.JdbcRepositoryFactoryBean; scope=; abstract=false; lazyInit=false; autowireMode=0; dependencyCheck=0; autowireCandidate=true; primary=false; fallback=false; factoryBeanName=null; factoryMethodName=null; initMethodNames=null; destroyMethodNames=null; defined in sh.user.supportershighuserbackend.member.repository.MemberRepository defined in @EnableJdbcRepositories declared on JdbcRepositoriesRegistrar.EnableJdbcRepositoriesConfiguration] with [Root bean: class=org.springframework.data.jpa.repository.support.JpaRepositoryFactoryBean; scope=; abstract=false; lazyInit=false; autowireMode=0; dependencyCheck=0; autowireCandidate=true; primary=false; fallback=false; factoryBeanName=null; factoryMethodName=null; initMethodNames=null; destroyMethodNames=null; defined in sh.user.supportershighuserbackend.member.repository.MemberRepository defined in @EnableJpaRepositories declared on JpaRepositoriesRegistrar.EnableJpaRepositoriesConfiguration]
05:28:57.635 INFO  [restartedMain] [DefaultListableBeanFactory.java-logBeanDefinitionOverriding-1334] Overriding bean definition for bean 'leagueRepository' with a different definition: replacing [Root bean: class=org.springframework.data.jdbc.repository.support.JdbcRepositoryFactoryBean; scope=; abstract=false; lazyInit=false; autowireMode=0; dependencyCheck=0; autowireCandidate=true; primary=false; fallback=false; factoryBeanName=null; factoryMethodName=null; initMethodNames=null; destroyMethodNames=null; defined in sh.user.supportershighuserbackend.league.repository.LeagueRepository defined in @EnableJdbcRepositories declared on JdbcRepositoriesRegistrar.EnableJdbcRepositoriesConfiguration] with [Root bean: class=org.springframework.data.jpa.repository.support.JpaRepositoryFactoryBean; scope=; abstract=false; lazyInit=false; autowireMode=0; dependencyCheck=0; autowireCandidate=true; primary=false; fallback=false; factoryBeanName=null; factoryMethodName=null; initMethodNames=null; destroyMethodNames=null; defined in sh.user.supportershighuserbackend.league.repository.LeagueRepository defined in @EnableJpaRepositories declared on JpaRepositoriesRegistrar.EnableJpaRepositoriesConfiguration]
05:28:57.637 INFO  [restartedMain] [DefaultListableBeanFactory.java-logBeanDefinitionOverriding-1334] Overriding bean definition for bean 'teamRepository' with a different definition: replacing [Root bean: class=org.springframework.data.jdbc.repository.support.JdbcRepositoryFactoryBean; scope=; abstract=false; lazyInit=false; autowireMode=0; dependencyCheck=0; autowireCandidate=true; primary=false; fallback=false; factoryBeanName=null; factoryMethodName=null; initMethodNames=null; destroyMethodNames=null; defined in sh.user.supportershighuserbackend.team.repository.TeamRepository defined in @EnableJdbcRepositories declared on JdbcRepositoriesRegistrar.EnableJdbcRepositoriesConfiguration] with [Root bean: class=org.springframework.data.jpa.repository.support.JpaRepositoryFactoryBean; scope=; abstract=false; lazyInit=false; autowireMode=0; dependencyCheck=0; autowireCandidate=true; primary=false; fallback=false; factoryBeanName=null; factoryMethodName=null; initMethodNames=null; destroyMethodNames=null; defined in sh.user.supportershighuserbackend.team.repository.TeamRepository defined in @EnableJpaRepositories declared on JpaRepositoriesRegistrar.EnableJpaRepositoriesConfiguration]
05:28:57.639 INFO  [restartedMain] [RepositoryConfigurationDelegate.java-registerRepositoriesIn-213] Finished Spring Data repository scanning in 20 ms. Found 5 JPA repository interfaces.
05:28:58.515 INFO  [restartedMain] [TomcatWebServer.java-initialize-111] Tomcat initialized with port 8093 (http)
05:28:58.527 INFO  [restartedMain] [DirectJDKLog.java-log-168] Initializing ProtocolHandler ["http-nio-8093"]
05:28:58.529 INFO  [restartedMain] [DirectJDKLog.java-log-168] Starting service [Tomcat]
05:28:58.529 INFO  [restartedMain] [DirectJDKLog.java-log-168] Starting Servlet engine: [Apache Tomcat/10.1.43]
05:28:58.567 INFO  [restartedMain] [DirectJDKLog.java-log-168] Initializing Spring embedded WebApplicationContext
05:28:58.573 INFO  [restartedMain] [ServletWebServerApplicationContext.java-prepareWebApplicationContext-301] Root WebApplicationContext: initialization completed in 2173 ms
05:28:58.818 INFO  [restartedMain] [LogHelper.java-logPersistenceUnitInformation-31] HHH000204: Processing PersistenceUnitInfo [name: default]
05:28:58.856 INFO  [restartedMain] [Version.java-logVersion-44] HHH000412: Hibernate ORM core version 6.6.22.Final
05:28:58.885 INFO  [restartedMain] [RegionFactoryInitiator.java-initiateService-50] HHH000026: Second-level cache disabled
05:28:59.183 INFO  [restartedMain] [SpringPersistenceUnitInfo.java-addTransformer-87] No LoadTimeWeaver setup: ignoring JPA class transformer
05:28:59.208 WARN  [restartedMain] [HikariConfig.java-validateNumerics-1109] HikariPool-1 - keepaliveTime is greater than or equal to maxLifetime, disabling it.
05:28:59.208 INFO  [restartedMain] [HikariDataSource.java-getConnection-109] HikariPool-1 - Starting...
05:29:00.370 WARN  [restartedMain] [SqlExceptionHelper.java-logExceptions-145] SQL Error: 0, SQLState: 08S01
05:29:00.370 ERROR [restartedMain] [SqlExceptionHelper.java-logExceptions-150] Communications link failure

The last packet sent successfully to the server was 0 milliseconds ago. The driver has not received any packets from the server.
05:29:00.371 WARN  [restartedMain] [JdbcEnvironmentInitiator.java-getJdbcEnvironmentUsingJdbcMetadata-405] HHH000342: Could not obtain connection to query metadata
org.hibernate.exception.JDBCConnectionException: unable to obtain isolated JDBC connection [Communications link failure

The last packet sent successfully to the server was 0 milliseconds ago. The driver has not received any packets from the server.] [n/a]
	at org.hibernate.exception.internal.SQLStateConversionDelegate.convert(SQLStateConversionDelegate.java:100)
	at org.hibernate.exception.internal.StandardSQLExceptionConverter.convert(StandardSQLExceptionConverter.java:58)
	at org.hibernate.engine.jdbc.spi.SqlExceptionHelper.convert(SqlExceptionHelper.java:108)
	at org.hibernate.engine.jdbc.spi.SqlExceptionHelper.convert(SqlExceptionHelper.java:94)
	at org.hibernate.resource.transaction.backend.jdbc.internal.JdbcIsolationDelegate.delegateWork(JdbcIsolationDelegate.java:116)
	at org.hibernate.engine.jdbc.env.internal.JdbcEnvironmentInitiator.getJdbcEnvironmentUsingJdbcMetadata(JdbcEnvironmentInitiator.java:336)
	at org.hibernate.engine.jdbc.env.internal.JdbcEnvironmentInitiator.initiateService(JdbcEnvironmentInitiator.java:129)
	at org.hibernate.engine.jdbc.env.internal.JdbcEnvironmentInitiator.initiateService(JdbcEnvironmentInitiator.java:81)
	at org.hibernate.boot.registry.internal.StandardServiceRegistryImpl.initiateService(StandardServiceRegistryImpl.java:130)
	at org.hibernate.service.internal.AbstractServiceRegistryImpl.createService(AbstractServiceRegistryImpl.java:263)
	at org.hibernate.service.internal.AbstractServiceRegistryImpl.initializeService(AbstractServiceRegistryImpl.java:238)
	at org.hibernate.service.internal.AbstractServiceRegistryImpl.getService(AbstractServiceRegistryImpl.java:215)
	at org.hibernate.boot.model.relational.Database.<init>(Database.java:45)
	at org.hibernate.boot.internal.InFlightMetadataCollectorImpl.getDatabase(InFlightMetadataCollectorImpl.java:226)
	at org.hibernate.boot.internal.InFlightMetadataCollectorImpl.<init>(InFlightMetadataCollectorImpl.java:194)
	at org.hibernate.boot.model.process.spi.MetadataBuildingProcess.complete(MetadataBuildingProcess.java:171)
	at org.hibernate.jpa.boot.internal.EntityManagerFactoryBuilderImpl.metadata(EntityManagerFactoryBuilderImpl.java:1442)
	at org.hibernate.jpa.boot.internal.EntityManagerFactoryBuilderImpl.build(EntityManagerFactoryBuilderImpl.java:1513)
	at org.springframework.orm.jpa.vendor.SpringHibernateJpaPersistenceProvider.createContainerEntityManagerFactory(SpringHibernateJpaPersistenceProvider.java:66)
	at org.springframework.orm.jpa.LocalContainerEntityManagerFactoryBean.createNativeEntityManagerFactory(LocalContainerEntityManagerFactoryBean.java:390)
	at org.springframework.orm.jpa.AbstractEntityManagerFactoryBean.buildNativeEntityManagerFactory(AbstractEntityManagerFactoryBean.java:419)
	at org.springframework.orm.jpa.AbstractEntityManagerFactoryBean.afterPropertiesSet(AbstractEntityManagerFactoryBean.java:400)
	at org.springframework.orm.jpa.LocalContainerEntityManagerFactoryBean.afterPropertiesSet(LocalContainerEntityManagerFactoryBean.java:366)
	at org.springframework.beans.factory.support.AbstractAutowireCapableBeanFactory.invokeInitMethods(AbstractAutowireCapableBeanFactory.java:1873)
	at org.springframework.beans.factory.support.AbstractAutowireCapableBeanFactory.initializeBean(AbstractAutowireCapableBeanFactory.java:1822)
	at org.springframework.beans.factory.support.AbstractAutowireCapableBeanFactory.doCreateBean(AbstractAutowireCapableBeanFactory.java:607)
	at org.springframework.beans.factory.support.AbstractAutowireCapableBeanFactory.createBean(AbstractAutowireCapableBeanFactory.java:529)
	at org.springframework.beans.factory.support.AbstractBeanFactory.lambda$doGetBean$0(AbstractBeanFactory.java:339)
	at org.springframework.beans.factory.support.DefaultSingletonBeanRegistry.getSingleton(DefaultSingletonBeanRegistry.java:373)
	at org.springframework.beans.factory.support.AbstractBeanFactory.doGetBean(AbstractBeanFactory.java:337)
	at org.springframework.beans.factory.support.AbstractBeanFactory.getBean(AbstractBeanFactory.java:207)
	at org.springframework.context.support.AbstractApplicationContext.finishBeanFactoryInitialization(AbstractApplicationContext.java:970)
	at org.springframework.context.support.AbstractApplicationContext.refresh(AbstractApplicationContext.java:627)
	at org.springframework.boot.web.servlet.context.ServletWebServerApplicationContext.refresh(ServletWebServerApplicationContext.java:146)
	at org.springframework.boot.SpringApplication.refresh(SpringApplication.java:752)
	at org.springframework.boot.SpringApplication.refreshContext(SpringApplication.java:439)
	at org.springframework.boot.SpringApplication.run(SpringApplication.java:318)
	at org.springframework.boot.SpringApplication.run(SpringApplication.java:1361)
	at org.springframework.boot.SpringApplication.run(SpringApplication.java:1350)
	at sh.user.supportershighuserbackend.SupportershighUserBackendApplication.main(SupportershighUserBackendApplication.java:12)
	at java.base/jdk.internal.reflect.DirectMethodHandleAccessor.invoke(DirectMethodHandleAccessor.java:104)
	at java.base/java.lang.reflect.Method.invoke(Method.java:565)
	at org.springframework.boot.devtools.restart.RestartLauncher.run(RestartLauncher.java:50)
Caused by: com.mysql.cj.jdbc.exceptions.CommunicationsException: Communications link failure

The last packet sent successfully to the server was 0 milliseconds ago. The driver has not received any packets from the server.
	at com.mysql.cj.jdbc.exceptions.SQLError.createCommunicationsException(SQLError.java:165)
	at com.mysql.cj.jdbc.exceptions.SQLExceptionsMapping.translateException(SQLExceptionsMapping.java:55)
	at com.mysql.cj.jdbc.ConnectionImpl.createNewIO(ConnectionImpl.java:833)
	at com.mysql.cj.jdbc.ConnectionImpl.<init>(ConnectionImpl.java:416)
	at com.mysql.cj.jdbc.ConnectionImpl.getInstance(ConnectionImpl.java:238)
	at com.mysql.cj.jdbc.NonRegisteringDriver.connect(NonRegisteringDriver.java:180)
	at com.zaxxer.hikari.util.DriverDataSource.getConnection(DriverDataSource.java:144)
	at com.zaxxer.hikari.pool.PoolBase.newConnection(PoolBase.java:368)
	at com.zaxxer.hikari.pool.PoolBase.newPoolEntry(PoolBase.java:205)
	at com.zaxxer.hikari.pool.HikariPool.createPoolEntry(HikariPool.java:488)
	at com.zaxxer.hikari.pool.HikariPool.checkFailFast(HikariPool.java:576)
	at com.zaxxer.hikari.pool.HikariPool.<init>(HikariPool.java:97)
	at com.zaxxer.hikari.HikariDataSource.getConnection(HikariDataSource.java:111)
	at org.hibernate.engine.jdbc.connections.internal.DatasourceConnectionProviderImpl.getConnection(DatasourceConnectionProviderImpl.java:126)
	at org.hibernate.engine.jdbc.env.internal.JdbcEnvironmentInitiator$ConnectionProviderJdbcConnectionAccess.obtainConnection(JdbcEnvironmentInitiator.java:483)
	at org.hibernate.resource.transaction.backend.jdbc.internal.JdbcIsolationDelegate.delegateWork(JdbcIsolationDelegate.java:61)
	... 38 common frames omitted
Caused by: com.mysql.cj.exceptions.CJCommunicationsException: Communications link failure

The last packet sent successfully to the server was 0 milliseconds ago. The driver has not received any packets from the server.
	at java.base/jdk.internal.reflect.DirectConstructorHandleAccessor.newInstance(DirectConstructorHandleAccessor.java:62)
	at java.base/java.lang.reflect.Constructor.newInstanceWithCaller(Constructor.java:499)
	at java.base/java.lang.reflect.Constructor.newInstance(Constructor.java:483)
	at com.mysql.cj.exceptions.ExceptionFactory.createException(ExceptionFactory.java:52)
	at com.mysql.cj.exceptions.ExceptionFactory.createException(ExceptionFactory.java:95)
	at com.mysql.cj.exceptions.ExceptionFactory.createException(ExceptionFactory.java:140)
	at com.mysql.cj.exceptions.ExceptionFactory.createCommunicationsException(ExceptionFactory.java:156)
	at com.mysql.cj.protocol.a.NativeSocketConnection.connect(NativeSocketConnection.java:79)
	at com.mysql.cj.NativeSession.connect(NativeSession.java:142)
	at com.mysql.cj.jdbc.ConnectionImpl.connectOneTryOnly(ConnectionImpl.java:957)
	at com.mysql.cj.jdbc.ConnectionImpl.createNewIO(ConnectionImpl.java:821)
	... 51 common frames omitted
Caused by: java.net.UnknownHostException: mysql: Name or service not known
	at java.base/java.net.Inet6AddressImpl.lookupAllHostAddr(Native Method)
	at java.base/java.net.Inet6AddressImpl.lookupAllHostAddr(Inet6AddressImpl.java:52)
	at java.base/java.net.InetAddress$PlatformResolver.lookupByName(InetAddress.java:1128)
	at java.base/java.net.InetAddress.getAddressesFromNameService(InetAddress.java:1697)
	at java.base/java.net.InetAddress$NameServiceAddresses.get(InetAddress.java:1056)
	at java.base/java.net.InetAddress.getAllByName0(InetAddress.java:1687)
	at java.base/java.net.InetAddress.getAllByName(InetAddress.java:1568)
	at com.mysql.cj.protocol.StandardSocketFactory.connect(StandardSocketFactory.java:121)
	at com.mysql.cj.protocol.a.NativeSocketConnection.connect(NativeSocketConnection.java:53)
	... 54 common frames omitted
05:29:00.375 ERROR [restartedMain] [AbstractEntityManagerFactoryBean.java-buildNativeEntityManagerFactory-436] Failed to initialize JPA EntityManagerFactory: Unable to create requested service [org.hibernate.engine.jdbc.env.spi.JdbcEnvironment] due to: Unable to determine Dialect without JDBC metadata (please set 'jakarta.persistence.jdbc.url' for common cases or 'hibernate.dialect' when a custom Dialect implementation must be provided)
05:29:00.376 WARN  [restartedMain] [AbstractApplicationContext.java-refresh-635] Exception encountered during context initialization - cancelling refresh attempt: org.springframework.beans.factory.BeanCreationException: Error creating bean with name 'entityManagerFactory' defined in class path resource [org/springframework/boot/autoconfigure/orm/jpa/HibernateJpaConfiguration.class]: Unable to create requested service [org.hibernate.engine.jdbc.env.spi.JdbcEnvironment] due to: Unable to determine Dialect without JDBC metadata (please set 'jakarta.persistence.jdbc.url' for common cases or 'hibernate.dialect' when a custom Dialect implementation must be provided)
05:29:00.381 INFO  [restartedMain] [DirectJDKLog.java-log-168] Stopping service [Tomcat]
05:29:00.416 INFO  [restartedMain] [ConditionEvaluationReportLogger.java-logMessage-82] 

Error starting ApplicationContext. To display the condition evaluation report re-run your application with 'debug' enabled.
05:29:00.434 ERROR [restartedMain] [SpringApplication.java-reportFailure-857] Application run failed
org.springframework.beans.factory.BeanCreationException: Error creating bean with name 'entityManagerFactory' defined in class path resource [org/springframework/boot/autoconfigure/orm/jpa/HibernateJpaConfiguration.class]: Unable to create requested service [org.hibernate.engine.jdbc.env.spi.JdbcEnvironment] due to: Unable to determine Dialect without JDBC metadata (please set 'jakarta.persistence.jdbc.url' for common cases or 'hibernate.dialect' when a custom Dialect implementation must be provided)
	at org.springframework.beans.factory.support.AbstractAutowireCapableBeanFactory.initializeBean(AbstractAutowireCapableBeanFactory.java:1826)
	at org.springframework.beans.factory.support.AbstractAutowireCapableBeanFactory.doCreateBean(AbstractAutowireCapableBeanFactory.java:607)
	at org.springframework.beans.factory.support.AbstractAutowireCapableBeanFactory.createBean(AbstractAutowireCapableBeanFactory.java:529)
	at org.springframework.beans.factory.support.AbstractBeanFactory.lambda$doGetBean$0(AbstractBeanFactory.java:339)
	at org.springframework.beans.factory.support.DefaultSingletonBeanRegistry.getSingleton(DefaultSingletonBeanRegistry.java:373)
	at org.springframework.beans.factory.support.AbstractBeanFactory.doGetBean(AbstractBeanFactory.java:337)
	at org.springframework.beans.factory.support.AbstractBeanFactory.getBean(AbstractBeanFactory.java:207)
	at org.springframework.context.support.AbstractApplicationContext.finishBeanFactoryInitialization(AbstractApplicationContext.java:970)
	at org.springframework.context.support.AbstractApplicationContext.refresh(AbstractApplicationContext.java:627)
	at org.springframework.boot.web.servlet.context.ServletWebServerApplicationContext.refresh(ServletWebServerApplicationContext.java:146)
	at org.springframework.boot.SpringApplication.refresh(SpringApplication.java:752)
	at org.springframework.boot.SpringApplication.refreshContext(SpringApplication.java:439)
	at org.springframework.boot.SpringApplication.run(SpringApplication.java:318)
	at org.springframework.boot.SpringApplication.run(SpringApplication.java:1361)
	at org.springframework.boot.SpringApplication.run(SpringApplication.java:1350)
	at sh.user.supportershighuserbackend.SupportershighUserBackendApplication.main(SupportershighUserBackendApplication.java:12)
	at java.base/jdk.internal.reflect.DirectMethodHandleAccessor.invoke(DirectMethodHandleAccessor.java:104)
	at java.base/java.lang.reflect.Method.invoke(Method.java:565)
	at org.springframework.boot.devtools.restart.RestartLauncher.run(RestartLauncher.java:50)
Caused by: org.hibernate.service.spi.ServiceException: Unable to create requested service [org.hibernate.engine.jdbc.env.spi.JdbcEnvironment] due to: Unable to determine Dialect without JDBC metadata (please set 'jakarta.persistence.jdbc.url' for common cases or 'hibernate.dialect' when a custom Dialect implementation must be provided)
	at org.hibernate.service.internal.AbstractServiceRegistryImpl.createService(AbstractServiceRegistryImpl.java:276)
	at org.hibernate.service.internal.AbstractServiceRegistryImpl.initializeService(AbstractServiceRegistryImpl.java:238)
	at org.hibernate.service.internal.AbstractServiceRegistryImpl.getService(AbstractServiceRegistryImpl.java:215)
	at org.hibernate.boot.model.relational.Database.<init>(Database.java:45)
	at org.hibernate.boot.internal.InFlightMetadataCollectorImpl.getDatabase(InFlightMetadataCollectorImpl.java:226)
	at org.hibernate.boot.internal.InFlightMetadataCollectorImpl.<init>(InFlightMetadataCollectorImpl.java:194)
	at org.hibernate.boot.model.process.spi.MetadataBuildingProcess.complete(MetadataBuildingProcess.java:171)
	at org.hibernate.jpa.boot.internal.EntityManagerFactoryBuilderImpl.metadata(EntityManagerFactoryBuilderImpl.java:1442)
	at org.hibernate.jpa.boot.internal.EntityManagerFactoryBuilderImpl.build(EntityManagerFactoryBuilderImpl.java:1513)
	at org.springframework.orm.jpa.vendor.SpringHibernateJpaPersistenceProvider.createContainerEntityManagerFactory(SpringHibernateJpaPersistenceProvider.java:66)
	at org.springframework.orm.jpa.LocalContainerEntityManagerFactoryBean.createNativeEntityManagerFactory(LocalContainerEntityManagerFactoryBean.java:390)
	at org.springframework.orm.jpa.AbstractEntityManagerFactoryBean.buildNativeEntityManagerFactory(AbstractEntityManagerFactoryBean.java:419)
	at org.springframework.orm.jpa.AbstractEntityManagerFactoryBean.afterPropertiesSet(AbstractEntityManagerFactoryBean.java:400)
	at org.springframework.orm.jpa.LocalContainerEntityManagerFactoryBean.afterPropertiesSet(LocalContainerEntityManagerFactoryBean.java:366)
	at org.springframework.beans.factory.support.AbstractAutowireCapableBeanFactory.invokeInitMethods(AbstractAutowireCapableBeanFactory.java:1873)
	at org.springframework.beans.factory.support.AbstractAutowireCapableBeanFactory.initializeBean(AbstractAutowireCapableBeanFactory.java:1822)
	... 18 common frames omitted
Caused by: org.hibernate.HibernateException: Unable to determine Dialect without JDBC metadata (please set 'jakarta.persistence.jdbc.url' for common cases or 'hibernate.dialect' when a custom Dialect implementation must be provided)
	at org.hibernate.engine.jdbc.dialect.internal.DialectFactoryImpl.determineDialect(DialectFactoryImpl.java:191)
	at org.hibernate.engine.jdbc.dialect.internal.DialectFactoryImpl.buildDialect(DialectFactoryImpl.java:87)
	at org.hibernate.engine.jdbc.env.internal.JdbcEnvironmentInitiator.getJdbcEnvironmentWithDefaults(JdbcEnvironmentInitiator.java:186)
	at org.hibernate.engine.jdbc.env.internal.JdbcEnvironmentInitiator.getJdbcEnvironmentUsingJdbcMetadata(JdbcEnvironmentInitiator.java:408)
	at org.hibernate.engine.jdbc.env.internal.JdbcEnvironmentInitiator.initiateService(JdbcEnvironmentInitiator.java:129)
	at org.hibernate.engine.jdbc.env.internal.JdbcEnvironmentInitiator.initiateService(JdbcEnvironmentInitiator.java:81)
	at org.hibernate.boot.registry.internal.StandardServiceRegistryImpl.initiateService(StandardServiceRegistryImpl.java:130)
	at org.hibernate.service.internal.AbstractServiceRegistryImpl.createService(AbstractServiceRegistryImpl.java:263)
	... 33 common frames omitted
05:32:28.916 INFO  [background-preinit] [Version.java-<clinit>-21] HV000001: Hibernate Validator 8.0.2.Final
05:32:29.020 INFO  [restartedMain] [StartupInfoLogger.java-logStarting-53] Starting SupportershighUserBackendApplication using Java 24 with PID 147 (/app/build/classes/java/main started by root in /app)
05:32:29.040 INFO  [restartedMain] [SpringApplication.java-logStartupProfileInfo-658] The following 1 profile is active: "dev"
05:32:29.126 INFO  [restartedMain] [DeferredLog.java-logTo-252] Devtools property defaults active! Set 'spring.devtools.add-properties' to 'false' to disable
05:32:29.135 INFO  [restartedMain] [DeferredLog.java-logTo-252] For additional web related logging consider setting the 'logging.level.web' property to 'DEBUG'
05:32:30.127 INFO  [restartedMain] [RepositoryConfigurationDelegate.java-multipleStoresDetected-294] Multiple Spring Data modules found, entering strict repository configuration mode
05:32:30.128 INFO  [restartedMain] [RepositoryConfigurationDelegate.java-registerRepositoriesIn-145] Bootstrapping Spring Data JDBC repositories in DEFAULT mode.
05:32:30.170 INFO  [restartedMain] [RepositoryConfigurationExtensionSupport.java-isStrictRepositoryCandidate-327] Spring Data JDBC - Could not safely identify store assignment for repository candidate interface sh.user.supportershighuserbackend.jwt.repository.JwtTokenRepository; If you want this repository to be a JDBC repository, consider annotating your entities with one of these annotations: org.springframework.data.relational.core.mapping.Table.
05:32:30.259 INFO  [restartedMain] [RepositoryConfigurationExtensionSupport.java-isStrictRepositoryCandidate-327] Spring Data JDBC - Could not safely identify store assignment for repository candidate interface sh.user.supportershighuserbackend.media.repository.MediaRepository; If you want this repository to be a JDBC repository, consider annotating your entities with one of these annotations: org.springframework.data.relational.core.mapping.Table.
05:32:30.280 INFO  [restartedMain] [RepositoryConfigurationDelegate.java-registerRepositoriesIn-213] Finished Spring Data repository scanning in 145 ms. Found 3 JDBC repository interfaces.
05:32:30.289 INFO  [restartedMain] [RepositoryConfigurationDelegate.java-multipleStoresDetected-294] Multiple Spring Data modules found, entering strict repository configuration mode
05:32:30.297 INFO  [restartedMain] [RepositoryConfigurationDelegate.java-registerRepositoriesIn-145] Bootstrapping Spring Data JPA repositories in DEFAULT mode.
05:32:30.339 INFO  [restartedMain] [DefaultListableBeanFactory.java-logBeanDefinitionOverriding-1334] Overriding bean definition for bean 'teamRepository' with a different definition: replacing [Root bean: class=org.springframework.data.jdbc.repository.support.JdbcRepositoryFactoryBean; scope=; abstract=false; lazyInit=false; autowireMode=0; dependencyCheck=0; autowireCandidate=true; primary=false; fallback=false; factoryBeanName=null; factoryMethodName=null; initMethodNames=null; destroyMethodNames=null; defined in sh.user.supportershighuserbackend.team.repository.TeamRepository defined in @EnableJdbcRepositories declared on JdbcRepositoriesRegistrar.EnableJdbcRepositoriesConfiguration] with [Root bean: class=org.springframework.data.jpa.repository.support.JpaRepositoryFactoryBean; scope=; abstract=false; lazyInit=false; autowireMode=0; dependencyCheck=0; autowireCandidate=true; primary=false; fallback=false; factoryBeanName=null; factoryMethodName=null; initMethodNames=null; destroyMethodNames=null; defined in sh.user.supportershighuserbackend.team.repository.TeamRepository defined in @EnableJpaRepositories declared on JpaRepositoriesRegistrar.EnableJpaRepositoriesConfiguration]
05:32:30.347 INFO  [restartedMain] [DefaultListableBeanFactory.java-logBeanDefinitionOverriding-1334] Overriding bean definition for bean 'leagueRepository' with a different definition: replacing [Root bean: class=org.springframework.data.jdbc.repository.support.JdbcRepositoryFactoryBean; scope=; abstract=false; lazyInit=false; autowireMode=0; dependencyCheck=0; autowireCandidate=true; primary=false; fallback=false; factoryBeanName=null; factoryMethodName=null; initMethodNames=null; destroyMethodNames=null; defined in sh.user.supportershighuserbackend.league.repository.LeagueRepository defined in @EnableJdbcRepositories declared on JdbcRepositoriesRegistrar.EnableJdbcRepositoriesConfiguration] with [Root bean: class=org.springframework.data.jpa.repository.support.JpaRepositoryFactoryBean; scope=; abstract=false; lazyInit=false; autowireMode=0; dependencyCheck=0; autowireCandidate=true; primary=false; fallback=false; factoryBeanName=null; factoryMethodName=null; initMethodNames=null; destroyMethodNames=null; defined in sh.user.supportershighuserbackend.league.repository.LeagueRepository defined in @EnableJpaRepositories declared on JpaRepositoriesRegistrar.EnableJpaRepositoriesConfiguration]
05:32:30.351 INFO  [restartedMain] [DefaultListableBeanFactory.java-logBeanDefinitionOverriding-1334] Overriding bean definition for bean 'memberRepository' with a different definition: replacing [Root bean: class=org.springframework.data.jdbc.repository.support.JdbcRepositoryFactoryBean; scope=; abstract=false; lazyInit=false; autowireMode=0; dependencyCheck=0; autowireCandidate=true; primary=false; fallback=false; factoryBeanName=null; factoryMethodName=null; initMethodNames=null; destroyMethodNames=null; defined in sh.user.supportershighuserbackend.member.repository.MemberRepository defined in @EnableJdbcRepositories declared on JdbcRepositoriesRegistrar.EnableJdbcRepositoriesConfiguration] with [Root bean: class=org.springframework.data.jpa.repository.support.JpaRepositoryFactoryBean; scope=; abstract=false; lazyInit=false; autowireMode=0; dependencyCheck=0; autowireCandidate=true; primary=false; fallback=false; factoryBeanName=null; factoryMethodName=null; initMethodNames=null; destroyMethodNames=null; defined in sh.user.supportershighuserbackend.member.repository.MemberRepository defined in @EnableJpaRepositories declared on JpaRepositoriesRegistrar.EnableJpaRepositoriesConfiguration]
05:32:30.355 INFO  [restartedMain] [RepositoryConfigurationDelegate.java-registerRepositoriesIn-213] Finished Spring Data repository scanning in 53 ms. Found 5 JPA repository interfaces.
05:32:31.310 INFO  [restartedMain] [TomcatWebServer.java-initialize-111] Tomcat initialized with port 8093 (http)
05:32:31.329 INFO  [restartedMain] [DirectJDKLog.java-log-168] Initializing ProtocolHandler ["http-nio-8093"]
05:32:31.332 INFO  [restartedMain] [DirectJDKLog.java-log-168] Starting service [Tomcat]
05:32:31.333 INFO  [restartedMain] [DirectJDKLog.java-log-168] Starting Servlet engine: [Apache Tomcat/10.1.43]
05:32:31.394 INFO  [restartedMain] [DirectJDKLog.java-log-168] Initializing Spring embedded WebApplicationContext
05:32:31.400 INFO  [restartedMain] [ServletWebServerApplicationContext.java-prepareWebApplicationContext-301] Root WebApplicationContext: initialization completed in 2260 ms
05:32:31.716 INFO  [restartedMain] [LogHelper.java-logPersistenceUnitInformation-31] HHH000204: Processing PersistenceUnitInfo [name: default]
05:32:31.756 INFO  [restartedMain] [Version.java-logVersion-44] HHH000412: Hibernate ORM core version 6.6.22.Final
05:32:31.785 INFO  [restartedMain] [RegionFactoryInitiator.java-initiateService-50] HHH000026: Second-level cache disabled
05:32:32.077 INFO  [restartedMain] [SpringPersistenceUnitInfo.java-addTransformer-87] No LoadTimeWeaver setup: ignoring JPA class transformer
05:32:32.101 WARN  [restartedMain] [HikariConfig.java-validateNumerics-1109] HikariPool-1 - keepaliveTime is greater than or equal to maxLifetime, disabling it.
05:32:32.102 INFO  [restartedMain] [HikariDataSource.java-getConnection-109] HikariPool-1 - Starting...
05:32:33.233 WARN  [restartedMain] [SqlExceptionHelper.java-logExceptions-145] SQL Error: 0, SQLState: 08S01
05:32:33.234 ERROR [restartedMain] [SqlExceptionHelper.java-logExceptions-150] Communications link failure

The last packet sent successfully to the server was 0 milliseconds ago. The driver has not received any packets from the server.
05:32:33.235 WARN  [restartedMain] [JdbcEnvironmentInitiator.java-getJdbcEnvironmentUsingJdbcMetadata-405] HHH000342: Could not obtain connection to query metadata
org.hibernate.exception.JDBCConnectionException: unable to obtain isolated JDBC connection [Communications link failure

The last packet sent successfully to the server was 0 milliseconds ago. The driver has not received any packets from the server.] [n/a]
	at org.hibernate.exception.internal.SQLStateConversionDelegate.convert(SQLStateConversionDelegate.java:100)
	at org.hibernate.exception.internal.StandardSQLExceptionConverter.convert(StandardSQLExceptionConverter.java:58)
	at org.hibernate.engine.jdbc.spi.SqlExceptionHelper.convert(SqlExceptionHelper.java:108)
	at org.hibernate.engine.jdbc.spi.SqlExceptionHelper.convert(SqlExceptionHelper.java:94)
	at org.hibernate.resource.transaction.backend.jdbc.internal.JdbcIsolationDelegate.delegateWork(JdbcIsolationDelegate.java:116)
	at org.hibernate.engine.jdbc.env.internal.JdbcEnvironmentInitiator.getJdbcEnvironmentUsingJdbcMetadata(JdbcEnvironmentInitiator.java:336)
	at org.hibernate.engine.jdbc.env.internal.JdbcEnvironmentInitiator.initiateService(JdbcEnvironmentInitiator.java:129)
	at org.hibernate.engine.jdbc.env.internal.JdbcEnvironmentInitiator.initiateService(JdbcEnvironmentInitiator.java:81)
	at org.hibernate.boot.registry.internal.StandardServiceRegistryImpl.initiateService(StandardServiceRegistryImpl.java:130)
	at org.hibernate.service.internal.AbstractServiceRegistryImpl.createService(AbstractServiceRegistryImpl.java:263)
	at org.hibernate.service.internal.AbstractServiceRegistryImpl.initializeService(AbstractServiceRegistryImpl.java:238)
	at org.hibernate.service.internal.AbstractServiceRegistryImpl.getService(AbstractServiceRegistryImpl.java:215)
	at org.hibernate.boot.model.relational.Database.<init>(Database.java:45)
	at org.hibernate.boot.internal.InFlightMetadataCollectorImpl.getDatabase(InFlightMetadataCollectorImpl.java:226)
	at org.hibernate.boot.internal.InFlightMetadataCollectorImpl.<init>(InFlightMetadataCollectorImpl.java:194)
	at org.hibernate.boot.model.process.spi.MetadataBuildingProcess.complete(MetadataBuildingProcess.java:171)
	at org.hibernate.jpa.boot.internal.EntityManagerFactoryBuilderImpl.metadata(EntityManagerFactoryBuilderImpl.java:1442)
	at org.hibernate.jpa.boot.internal.EntityManagerFactoryBuilderImpl.build(EntityManagerFactoryBuilderImpl.java:1513)
	at org.springframework.orm.jpa.vendor.SpringHibernateJpaPersistenceProvider.createContainerEntityManagerFactory(SpringHibernateJpaPersistenceProvider.java:66)
	at org.springframework.orm.jpa.LocalContainerEntityManagerFactoryBean.createNativeEntityManagerFactory(LocalContainerEntityManagerFactoryBean.java:390)
	at org.springframework.orm.jpa.AbstractEntityManagerFactoryBean.buildNativeEntityManagerFactory(AbstractEntityManagerFactoryBean.java:419)
	at org.springframework.orm.jpa.AbstractEntityManagerFactoryBean.afterPropertiesSet(AbstractEntityManagerFactoryBean.java:400)
	at org.springframework.orm.jpa.LocalContainerEntityManagerFactoryBean.afterPropertiesSet(LocalContainerEntityManagerFactoryBean.java:366)
	at org.springframework.beans.factory.support.AbstractAutowireCapableBeanFactory.invokeInitMethods(AbstractAutowireCapableBeanFactory.java:1873)
	at org.springframework.beans.factory.support.AbstractAutowireCapableBeanFactory.initializeBean(AbstractAutowireCapableBeanFactory.java:1822)
	at org.springframework.beans.factory.support.AbstractAutowireCapableBeanFactory.doCreateBean(AbstractAutowireCapableBeanFactory.java:607)
	at org.springframework.beans.factory.support.AbstractAutowireCapableBeanFactory.createBean(AbstractAutowireCapableBeanFactory.java:529)
	at org.springframework.beans.factory.support.AbstractBeanFactory.lambda$doGetBean$0(AbstractBeanFactory.java:339)
	at org.springframework.beans.factory.support.DefaultSingletonBeanRegistry.getSingleton(DefaultSingletonBeanRegistry.java:373)
	at org.springframework.beans.factory.support.AbstractBeanFactory.doGetBean(AbstractBeanFactory.java:337)
	at org.springframework.beans.factory.support.AbstractBeanFactory.getBean(AbstractBeanFactory.java:207)
	at org.springframework.context.support.AbstractApplicationContext.finishBeanFactoryInitialization(AbstractApplicationContext.java:970)
	at org.springframework.context.support.AbstractApplicationContext.refresh(AbstractApplicationContext.java:627)
	at org.springframework.boot.web.servlet.context.ServletWebServerApplicationContext.refresh(ServletWebServerApplicationContext.java:146)
	at org.springframework.boot.SpringApplication.refresh(SpringApplication.java:752)
	at org.springframework.boot.SpringApplication.refreshContext(SpringApplication.java:439)
	at org.springframework.boot.SpringApplication.run(SpringApplication.java:318)
	at org.springframework.boot.SpringApplication.run(SpringApplication.java:1361)
	at org.springframework.boot.SpringApplication.run(SpringApplication.java:1350)
	at sh.user.supportershighuserbackend.SupportershighUserBackendApplication.main(SupportershighUserBackendApplication.java:12)
	at java.base/jdk.internal.reflect.DirectMethodHandleAccessor.invoke(DirectMethodHandleAccessor.java:104)
	at java.base/java.lang.reflect.Method.invoke(Method.java:565)
	at org.springframework.boot.devtools.restart.RestartLauncher.run(RestartLauncher.java:50)
Caused by: com.mysql.cj.jdbc.exceptions.CommunicationsException: Communications link failure

The last packet sent successfully to the server was 0 milliseconds ago. The driver has not received any packets from the server.
	at com.mysql.cj.jdbc.exceptions.SQLError.createCommunicationsException(SQLError.java:165)
	at com.mysql.cj.jdbc.exceptions.SQLExceptionsMapping.translateException(SQLExceptionsMapping.java:55)
	at com.mysql.cj.jdbc.ConnectionImpl.createNewIO(ConnectionImpl.java:833)
	at com.mysql.cj.jdbc.ConnectionImpl.<init>(ConnectionImpl.java:416)
	at com.mysql.cj.jdbc.ConnectionImpl.getInstance(ConnectionImpl.java:238)
	at com.mysql.cj.jdbc.NonRegisteringDriver.connect(NonRegisteringDriver.java:180)
	at com.zaxxer.hikari.util.DriverDataSource.getConnection(DriverDataSource.java:144)
	at com.zaxxer.hikari.pool.PoolBase.newConnection(PoolBase.java:368)
	at com.zaxxer.hikari.pool.PoolBase.newPoolEntry(PoolBase.java:205)
	at com.zaxxer.hikari.pool.HikariPool.createPoolEntry(HikariPool.java:488)
	at com.zaxxer.hikari.pool.HikariPool.checkFailFast(HikariPool.java:576)
	at com.zaxxer.hikari.pool.HikariPool.<init>(HikariPool.java:97)
	at com.zaxxer.hikari.HikariDataSource.getConnection(HikariDataSource.java:111)
	at org.hibernate.engine.jdbc.connections.internal.DatasourceConnectionProviderImpl.getConnection(DatasourceConnectionProviderImpl.java:126)
	at org.hibernate.engine.jdbc.env.internal.JdbcEnvironmentInitiator$ConnectionProviderJdbcConnectionAccess.obtainConnection(JdbcEnvironmentInitiator.java:483)
	at org.hibernate.resource.transaction.backend.jdbc.internal.JdbcIsolationDelegate.delegateWork(JdbcIsolationDelegate.java:61)
	... 38 common frames omitted
Caused by: com.mysql.cj.exceptions.CJCommunicationsException: Communications link failure

The last packet sent successfully to the server was 0 milliseconds ago. The driver has not received any packets from the server.
	at java.base/jdk.internal.reflect.DirectConstructorHandleAccessor.newInstance(DirectConstructorHandleAccessor.java:62)
	at java.base/java.lang.reflect.Constructor.newInstanceWithCaller(Constructor.java:499)
	at java.base/java.lang.reflect.Constructor.newInstance(Constructor.java:483)
	at com.mysql.cj.exceptions.ExceptionFactory.createException(ExceptionFactory.java:52)
	at com.mysql.cj.exceptions.ExceptionFactory.createException(ExceptionFactory.java:95)
	at com.mysql.cj.exceptions.ExceptionFactory.createException(ExceptionFactory.java:140)
	at com.mysql.cj.exceptions.ExceptionFactory.createCommunicationsException(ExceptionFactory.java:156)
	at com.mysql.cj.protocol.a.NativeSocketConnection.connect(NativeSocketConnection.java:79)
	at com.mysql.cj.NativeSession.connect(NativeSession.java:142)
	at com.mysql.cj.jdbc.ConnectionImpl.connectOneTryOnly(ConnectionImpl.java:957)
	at com.mysql.cj.jdbc.ConnectionImpl.createNewIO(ConnectionImpl.java:821)
	... 51 common frames omitted
Caused by: java.net.UnknownHostException: mysql: Name or service not known
	at java.base/java.net.Inet6AddressImpl.lookupAllHostAddr(Native Method)
	at java.base/java.net.Inet6AddressImpl.lookupAllHostAddr(Inet6AddressImpl.java:52)
	at java.base/java.net.InetAddress$PlatformResolver.lookupByName(InetAddress.java:1128)
	at java.base/java.net.InetAddress.getAddressesFromNameService(InetAddress.java:1697)
	at java.base/java.net.InetAddress$NameServiceAddresses.get(InetAddress.java:1056)
	at java.base/java.net.InetAddress.getAllByName0(InetAddress.java:1687)
	at java.base/java.net.InetAddress.getAllByName(InetAddress.java:1568)
	at com.mysql.cj.protocol.StandardSocketFactory.connect(StandardSocketFactory.java:121)
	at com.mysql.cj.protocol.a.NativeSocketConnection.connect(NativeSocketConnection.java:53)
	... 54 common frames omitted
05:32:33.243 ERROR [restartedMain] [AbstractEntityManagerFactoryBean.java-buildNativeEntityManagerFactory-436] Failed to initialize JPA EntityManagerFactory: Unable to create requested service [org.hibernate.engine.jdbc.env.spi.JdbcEnvironment] due to: Unable to determine Dialect without JDBC metadata (please set 'jakarta.persistence.jdbc.url' for common cases or 'hibernate.dialect' when a custom Dialect implementation must be provided)
05:32:33.245 WARN  [restartedMain] [AbstractApplicationContext.java-refresh-635] Exception encountered during context initialization - cancelling refresh attempt: org.springframework.beans.factory.BeanCreationException: Error creating bean with name 'entityManagerFactory' defined in class path resource [org/springframework/boot/autoconfigure/orm/jpa/HibernateJpaConfiguration.class]: Unable to create requested service [org.hibernate.engine.jdbc.env.spi.JdbcEnvironment] due to: Unable to determine Dialect without JDBC metadata (please set 'jakarta.persistence.jdbc.url' for common cases or 'hibernate.dialect' when a custom Dialect implementation must be provided)
05:32:33.249 INFO  [restartedMain] [DirectJDKLog.java-log-168] Stopping service [Tomcat]
05:32:33.265 INFO  [restartedMain] [ConditionEvaluationReportLogger.java-logMessage-82] 

Error starting ApplicationContext. To display the condition evaluation report re-run your application with 'debug' enabled.
05:32:33.282 ERROR [restartedMain] [SpringApplication.java-reportFailure-857] Application run failed
org.springframework.beans.factory.BeanCreationException: Error creating bean with name 'entityManagerFactory' defined in class path resource [org/springframework/boot/autoconfigure/orm/jpa/HibernateJpaConfiguration.class]: Unable to create requested service [org.hibernate.engine.jdbc.env.spi.JdbcEnvironment] due to: Unable to determine Dialect without JDBC metadata (please set 'jakarta.persistence.jdbc.url' for common cases or 'hibernate.dialect' when a custom Dialect implementation must be provided)
	at org.springframework.beans.factory.support.AbstractAutowireCapableBeanFactory.initializeBean(AbstractAutowireCapableBeanFactory.java:1826)
	at org.springframework.beans.factory.support.AbstractAutowireCapableBeanFactory.doCreateBean(AbstractAutowireCapableBeanFactory.java:607)
	at org.springframework.beans.factory.support.AbstractAutowireCapableBeanFactory.createBean(AbstractAutowireCapableBeanFactory.java:529)
	at org.springframework.beans.factory.support.AbstractBeanFactory.lambda$doGetBean$0(AbstractBeanFactory.java:339)
	at org.springframework.beans.factory.support.DefaultSingletonBeanRegistry.getSingleton(DefaultSingletonBeanRegistry.java:373)
	at org.springframework.beans.factory.support.AbstractBeanFactory.doGetBean(AbstractBeanFactory.java:337)
	at org.springframework.beans.factory.support.AbstractBeanFactory.getBean(AbstractBeanFactory.java:207)
	at org.springframework.context.support.AbstractApplicationContext.finishBeanFactoryInitialization(AbstractApplicationContext.java:970)
	at org.springframework.context.support.AbstractApplicationContext.refresh(AbstractApplicationContext.java:627)
	at org.springframework.boot.web.servlet.context.ServletWebServerApplicationContext.refresh(ServletWebServerApplicationContext.java:146)
	at org.springframework.boot.SpringApplication.refresh(SpringApplication.java:752)
	at org.springframework.boot.SpringApplication.refreshContext(SpringApplication.java:439)
	at org.springframework.boot.SpringApplication.run(SpringApplication.java:318)
	at org.springframework.boot.SpringApplication.run(SpringApplication.java:1361)
	at org.springframework.boot.SpringApplication.run(SpringApplication.java:1350)
	at sh.user.supportershighuserbackend.SupportershighUserBackendApplication.main(SupportershighUserBackendApplication.java:12)
	at java.base/jdk.internal.reflect.DirectMethodHandleAccessor.invoke(DirectMethodHandleAccessor.java:104)
	at java.base/java.lang.reflect.Method.invoke(Method.java:565)
	at org.springframework.boot.devtools.restart.RestartLauncher.run(RestartLauncher.java:50)
Caused by: org.hibernate.service.spi.ServiceException: Unable to create requested service [org.hibernate.engine.jdbc.env.spi.JdbcEnvironment] due to: Unable to determine Dialect without JDBC metadata (please set 'jakarta.persistence.jdbc.url' for common cases or 'hibernate.dialect' when a custom Dialect implementation must be provided)
	at org.hibernate.service.internal.AbstractServiceRegistryImpl.createService(AbstractServiceRegistryImpl.java:276)
	at org.hibernate.service.internal.AbstractServiceRegistryImpl.initializeService(AbstractServiceRegistryImpl.java:238)
	at org.hibernate.service.internal.AbstractServiceRegistryImpl.getService(AbstractServiceRegistryImpl.java:215)
	at org.hibernate.boot.model.relational.Database.<init>(Database.java:45)
	at org.hibernate.boot.internal.InFlightMetadataCollectorImpl.getDatabase(InFlightMetadataCollectorImpl.java:226)
	at org.hibernate.boot.internal.InFlightMetadataCollectorImpl.<init>(InFlightMetadataCollectorImpl.java:194)
	at org.hibernate.boot.model.process.spi.MetadataBuildingProcess.complete(MetadataBuildingProcess.java:171)
	at org.hibernate.jpa.boot.internal.EntityManagerFactoryBuilderImpl.metadata(EntityManagerFactoryBuilderImpl.java:1442)
	at org.hibernate.jpa.boot.internal.EntityManagerFactoryBuilderImpl.build(EntityManagerFactoryBuilderImpl.java:1513)
	at org.springframework.orm.jpa.vendor.SpringHibernateJpaPersistenceProvider.createContainerEntityManagerFactory(SpringHibernateJpaPersistenceProvider.java:66)
	at org.springframework.orm.jpa.LocalContainerEntityManagerFactoryBean.createNativeEntityManagerFactory(LocalContainerEntityManagerFactoryBean.java:390)
	at org.springframework.orm.jpa.AbstractEntityManagerFactoryBean.buildNativeEntityManagerFactory(AbstractEntityManagerFactoryBean.java:419)
	at org.springframework.orm.jpa.AbstractEntityManagerFactoryBean.afterPropertiesSet(AbstractEntityManagerFactoryBean.java:400)
	at org.springframework.orm.jpa.LocalContainerEntityManagerFactoryBean.afterPropertiesSet(LocalContainerEntityManagerFactoryBean.java:366)
	at org.springframework.beans.factory.support.AbstractAutowireCapableBeanFactory.invokeInitMethods(AbstractAutowireCapableBeanFactory.java:1873)
	at org.springframework.beans.factory.support.AbstractAutowireCapableBeanFactory.initializeBean(AbstractAutowireCapableBeanFactory.java:1822)
	... 18 common frames omitted
Caused by: org.hibernate.HibernateException: Unable to determine Dialect without JDBC metadata (please set 'jakarta.persistence.jdbc.url' for common cases or 'hibernate.dialect' when a custom Dialect implementation must be provided)
	at org.hibernate.engine.jdbc.dialect.internal.DialectFactoryImpl.determineDialect(DialectFactoryImpl.java:191)
	at org.hibernate.engine.jdbc.dialect.internal.DialectFactoryImpl.buildDialect(DialectFactoryImpl.java:87)
	at org.hibernate.engine.jdbc.env.internal.JdbcEnvironmentInitiator.getJdbcEnvironmentWithDefaults(JdbcEnvironmentInitiator.java:186)
	at org.hibernate.engine.jdbc.env.internal.JdbcEnvironmentInitiator.getJdbcEnvironmentUsingJdbcMetadata(JdbcEnvironmentInitiator.java:408)
	at org.hibernate.engine.jdbc.env.internal.JdbcEnvironmentInitiator.initiateService(JdbcEnvironmentInitiator.java:129)
	at org.hibernate.engine.jdbc.env.internal.JdbcEnvironmentInitiator.initiateService(JdbcEnvironmentInitiator.java:81)
	at org.hibernate.boot.registry.internal.StandardServiceRegistryImpl.initiateService(StandardServiceRegistryImpl.java:130)
	at org.hibernate.service.internal.AbstractServiceRegistryImpl.createService(AbstractServiceRegistryImpl.java:263)
	... 33 common frames omitted
05:44:00.870 INFO  [background-preinit] [Version.java-<clinit>-21] HV000001: Hibernate Validator 8.0.2.Final
05:44:00.945 INFO  [restartedMain] [StartupInfoLogger.java-logStarting-53] Starting SupportershighUserBackendApplication using Java 24 with PID 147 (/app/build/classes/java/main started by root in /app)
05:44:00.948 INFO  [restartedMain] [SpringApplication.java-logStartupProfileInfo-658] The following 1 profile is active: "dev"
05:44:01.034 INFO  [restartedMain] [DeferredLog.java-logTo-252] Devtools property defaults active! Set 'spring.devtools.add-properties' to 'false' to disable
05:44:01.034 INFO  [restartedMain] [DeferredLog.java-logTo-252] For additional web related logging consider setting the 'logging.level.web' property to 'DEBUG'
05:44:02.562 INFO  [restartedMain] [RepositoryConfigurationDelegate.java-multipleStoresDetected-294] Multiple Spring Data modules found, entering strict repository configuration mode
05:44:02.564 INFO  [restartedMain] [RepositoryConfigurationDelegate.java-registerRepositoriesIn-145] Bootstrapping Spring Data JDBC repositories in DEFAULT mode.
05:44:02.607 INFO  [restartedMain] [RepositoryConfigurationExtensionSupport.java-isStrictRepositoryCandidate-327] Spring Data JDBC - Could not safely identify store assignment for repository candidate interface sh.user.supportershighuserbackend.jwt.repository.JwtTokenRepository; If you want this repository to be a JDBC repository, consider annotating your entities with one of these annotations: org.springframework.data.relational.core.mapping.Table.
05:44:02.700 INFO  [restartedMain] [RepositoryConfigurationExtensionSupport.java-isStrictRepositoryCandidate-327] Spring Data JDBC - Could not safely identify store assignment for repository candidate interface sh.user.supportershighuserbackend.media.repository.MediaRepository; If you want this repository to be a JDBC repository, consider annotating your entities with one of these annotations: org.springframework.data.relational.core.mapping.Table.
05:44:02.769 INFO  [restartedMain] [RepositoryConfigurationDelegate.java-registerRepositoriesIn-213] Finished Spring Data repository scanning in 199 ms. Found 3 JDBC repository interfaces.
05:44:02.787 INFO  [restartedMain] [RepositoryConfigurationDelegate.java-multipleStoresDetected-294] Multiple Spring Data modules found, entering strict repository configuration mode
05:44:02.789 INFO  [restartedMain] [RepositoryConfigurationDelegate.java-registerRepositoriesIn-145] Bootstrapping Spring Data JPA repositories in DEFAULT mode.
05:44:02.843 INFO  [restartedMain] [DefaultListableBeanFactory.java-logBeanDefinitionOverriding-1334] Overriding bean definition for bean 'leagueRepository' with a different definition: replacing [Root bean: class=org.springframework.data.jdbc.repository.support.JdbcRepositoryFactoryBean; scope=; abstract=false; lazyInit=false; autowireMode=0; dependencyCheck=0; autowireCandidate=true; primary=false; fallback=false; factoryBeanName=null; factoryMethodName=null; initMethodNames=null; destroyMethodNames=null; defined in sh.user.supportershighuserbackend.league.repository.LeagueRepository defined in @EnableJdbcRepositories declared on JdbcRepositoriesRegistrar.EnableJdbcRepositoriesConfiguration] with [Root bean: class=org.springframework.data.jpa.repository.support.JpaRepositoryFactoryBean; scope=; abstract=false; lazyInit=false; autowireMode=0; dependencyCheck=0; autowireCandidate=true; primary=false; fallback=false; factoryBeanName=null; factoryMethodName=null; initMethodNames=null; destroyMethodNames=null; defined in sh.user.supportershighuserbackend.league.repository.LeagueRepository defined in @EnableJpaRepositories declared on JpaRepositoriesRegistrar.EnableJpaRepositoriesConfiguration]
05:44:02.846 INFO  [restartedMain] [DefaultListableBeanFactory.java-logBeanDefinitionOverriding-1334] Overriding bean definition for bean 'teamRepository' with a different definition: replacing [Root bean: class=org.springframework.data.jdbc.repository.support.JdbcRepositoryFactoryBean; scope=; abstract=false; lazyInit=false; autowireMode=0; dependencyCheck=0; autowireCandidate=true; primary=false; fallback=false; factoryBeanName=null; factoryMethodName=null; initMethodNames=null; destroyMethodNames=null; defined in sh.user.supportershighuserbackend.team.repository.TeamRepository defined in @EnableJdbcRepositories declared on JdbcRepositoriesRegistrar.EnableJdbcRepositoriesConfiguration] with [Root bean: class=org.springframework.data.jpa.repository.support.JpaRepositoryFactoryBean; scope=; abstract=false; lazyInit=false; autowireMode=0; dependencyCheck=0; autowireCandidate=true; primary=false; fallback=false; factoryBeanName=null; factoryMethodName=null; initMethodNames=null; destroyMethodNames=null; defined in sh.user.supportershighuserbackend.team.repository.TeamRepository defined in @EnableJpaRepositories declared on JpaRepositoriesRegistrar.EnableJpaRepositoriesConfiguration]
05:44:02.847 INFO  [restartedMain] [DefaultListableBeanFactory.java-logBeanDefinitionOverriding-1334] Overriding bean definition for bean 'memberRepository' with a different definition: replacing [Root bean: class=org.springframework.data.jdbc.repository.support.JdbcRepositoryFactoryBean; scope=; abstract=false; lazyInit=false; autowireMode=0; dependencyCheck=0; autowireCandidate=true; primary=false; fallback=false; factoryBeanName=null; factoryMethodName=null; initMethodNames=null; destroyMethodNames=null; defined in sh.user.supportershighuserbackend.member.repository.MemberRepository defined in @EnableJdbcRepositories declared on JdbcRepositoriesRegistrar.EnableJdbcRepositoriesConfiguration] with [Root bean: class=org.springframework.data.jpa.repository.support.JpaRepositoryFactoryBean; scope=; abstract=false; lazyInit=false; autowireMode=0; dependencyCheck=0; autowireCandidate=true; primary=false; fallback=false; factoryBeanName=null; factoryMethodName=null; initMethodNames=null; destroyMethodNames=null; defined in sh.user.supportershighuserbackend.member.repository.MemberRepository defined in @EnableJpaRepositories declared on JpaRepositoriesRegistrar.EnableJpaRepositoriesConfiguration]
05:44:02.848 INFO  [restartedMain] [RepositoryConfigurationDelegate.java-registerRepositoriesIn-213] Finished Spring Data repository scanning in 54 ms. Found 5 JPA repository interfaces.
05:44:03.717 INFO  [restartedMain] [TomcatWebServer.java-initialize-111] Tomcat initialized with port 8093 (http)
05:44:03.741 INFO  [restartedMain] [DirectJDKLog.java-log-168] Initializing ProtocolHandler ["http-nio-8093"]
05:44:03.745 INFO  [restartedMain] [DirectJDKLog.java-log-168] Starting service [Tomcat]
05:44:03.745 INFO  [restartedMain] [DirectJDKLog.java-log-168] Starting Servlet engine: [Apache Tomcat/10.1.43]
05:44:03.783 INFO  [restartedMain] [DirectJDKLog.java-log-168] Initializing Spring embedded WebApplicationContext
05:44:03.784 INFO  [restartedMain] [ServletWebServerApplicationContext.java-prepareWebApplicationContext-301] Root WebApplicationContext: initialization completed in 2749 ms
05:44:04.033 INFO  [restartedMain] [LogHelper.java-logPersistenceUnitInformation-31] HHH000204: Processing PersistenceUnitInfo [name: default]
05:44:04.070 INFO  [restartedMain] [Version.java-logVersion-44] HHH000412: Hibernate ORM core version 6.6.22.Final
05:44:04.112 INFO  [restartedMain] [RegionFactoryInitiator.java-initiateService-50] HHH000026: Second-level cache disabled
05:44:04.419 INFO  [restartedMain] [SpringPersistenceUnitInfo.java-addTransformer-87] No LoadTimeWeaver setup: ignoring JPA class transformer
05:44:04.458 WARN  [restartedMain] [HikariConfig.java-validateNumerics-1109] HikariPool-1 - keepaliveTime is greater than or equal to maxLifetime, disabling it.
05:44:04.458 INFO  [restartedMain] [HikariDataSource.java-getConnection-109] HikariPool-1 - Starting...
05:44:06.080 WARN  [restartedMain] [SqlExceptionHelper.java-logExceptions-145] SQL Error: 1044, SQLState: 42000
05:44:06.080 ERROR [restartedMain] [SqlExceptionHelper.java-logExceptions-150] Access denied for user 'filloUser'@'%' to database 'fillo_db'
05:44:06.081 WARN  [restartedMain] [JdbcEnvironmentInitiator.java-getJdbcEnvironmentUsingJdbcMetadata-405] HHH000342: Could not obtain connection to query metadata
org.hibernate.exception.SQLGrammarException: unable to obtain isolated JDBC connection [Access denied for user 'filloUser'@'%' to database 'fillo_db'] [n/a]
	at org.hibernate.exception.internal.SQLStateConversionDelegate.convert(SQLStateConversionDelegate.java:91)
	at org.hibernate.exception.internal.StandardSQLExceptionConverter.convert(StandardSQLExceptionConverter.java:58)
	at org.hibernate.engine.jdbc.spi.SqlExceptionHelper.convert(SqlExceptionHelper.java:108)
	at org.hibernate.engine.jdbc.spi.SqlExceptionHelper.convert(SqlExceptionHelper.java:94)
	at org.hibernate.resource.transaction.backend.jdbc.internal.JdbcIsolationDelegate.delegateWork(JdbcIsolationDelegate.java:116)
	at org.hibernate.engine.jdbc.env.internal.JdbcEnvironmentInitiator.getJdbcEnvironmentUsingJdbcMetadata(JdbcEnvironmentInitiator.java:336)
	at org.hibernate.engine.jdbc.env.internal.JdbcEnvironmentInitiator.initiateService(JdbcEnvironmentInitiator.java:129)
	at org.hibernate.engine.jdbc.env.internal.JdbcEnvironmentInitiator.initiateService(JdbcEnvironmentInitiator.java:81)
	at org.hibernate.boot.registry.internal.StandardServiceRegistryImpl.initiateService(StandardServiceRegistryImpl.java:130)
	at org.hibernate.service.internal.AbstractServiceRegistryImpl.createService(AbstractServiceRegistryImpl.java:263)
	at org.hibernate.service.internal.AbstractServiceRegistryImpl.initializeService(AbstractServiceRegistryImpl.java:238)
	at org.hibernate.service.internal.AbstractServiceRegistryImpl.getService(AbstractServiceRegistryImpl.java:215)
	at org.hibernate.boot.model.relational.Database.<init>(Database.java:45)
	at org.hibernate.boot.internal.InFlightMetadataCollectorImpl.getDatabase(InFlightMetadataCollectorImpl.java:226)
	at org.hibernate.boot.internal.InFlightMetadataCollectorImpl.<init>(InFlightMetadataCollectorImpl.java:194)
	at org.hibernate.boot.model.process.spi.MetadataBuildingProcess.complete(MetadataBuildingProcess.java:171)
	at org.hibernate.jpa.boot.internal.EntityManagerFactoryBuilderImpl.metadata(EntityManagerFactoryBuilderImpl.java:1442)
	at org.hibernate.jpa.boot.internal.EntityManagerFactoryBuilderImpl.build(EntityManagerFactoryBuilderImpl.java:1513)
	at org.springframework.orm.jpa.vendor.SpringHibernateJpaPersistenceProvider.createContainerEntityManagerFactory(SpringHibernateJpaPersistenceProvider.java:66)
	at org.springframework.orm.jpa.LocalContainerEntityManagerFactoryBean.createNativeEntityManagerFactory(LocalContainerEntityManagerFactoryBean.java:390)
	at org.springframework.orm.jpa.AbstractEntityManagerFactoryBean.buildNativeEntityManagerFactory(AbstractEntityManagerFactoryBean.java:419)
	at org.springframework.orm.jpa.AbstractEntityManagerFactoryBean.afterPropertiesSet(AbstractEntityManagerFactoryBean.java:400)
	at org.springframework.orm.jpa.LocalContainerEntityManagerFactoryBean.afterPropertiesSet(LocalContainerEntityManagerFactoryBean.java:366)
	at org.springframework.beans.factory.support.AbstractAutowireCapableBeanFactory.invokeInitMethods(AbstractAutowireCapableBeanFactory.java:1873)
	at org.springframework.beans.factory.support.AbstractAutowireCapableBeanFactory.initializeBean(AbstractAutowireCapableBeanFactory.java:1822)
	at org.springframework.beans.factory.support.AbstractAutowireCapableBeanFactory.doCreateBean(AbstractAutowireCapableBeanFactory.java:607)
	at org.springframework.beans.factory.support.AbstractAutowireCapableBeanFactory.createBean(AbstractAutowireCapableBeanFactory.java:529)
	at org.springframework.beans.factory.support.AbstractBeanFactory.lambda$doGetBean$0(AbstractBeanFactory.java:339)
	at org.springframework.beans.factory.support.DefaultSingletonBeanRegistry.getSingleton(DefaultSingletonBeanRegistry.java:373)
	at org.springframework.beans.factory.support.AbstractBeanFactory.doGetBean(AbstractBeanFactory.java:337)
	at org.springframework.beans.factory.support.AbstractBeanFactory.getBean(AbstractBeanFactory.java:207)
	at org.springframework.context.support.AbstractApplicationContext.finishBeanFactoryInitialization(AbstractApplicationContext.java:970)
	at org.springframework.context.support.AbstractApplicationContext.refresh(AbstractApplicationContext.java:627)
	at org.springframework.boot.web.servlet.context.ServletWebServerApplicationContext.refresh(ServletWebServerApplicationContext.java:146)
	at org.springframework.boot.SpringApplication.refresh(SpringApplication.java:752)
	at org.springframework.boot.SpringApplication.refreshContext(SpringApplication.java:439)
	at org.springframework.boot.SpringApplication.run(SpringApplication.java:318)
	at org.springframework.boot.SpringApplication.run(SpringApplication.java:1361)
	at org.springframework.boot.SpringApplication.run(SpringApplication.java:1350)
	at sh.user.supportershighuserbackend.SupportershighUserBackendApplication.main(SupportershighUserBackendApplication.java:12)
	at java.base/jdk.internal.reflect.DirectMethodHandleAccessor.invoke(DirectMethodHandleAccessor.java:104)
	at java.base/java.lang.reflect.Method.invoke(Method.java:565)
	at org.springframework.boot.devtools.restart.RestartLauncher.run(RestartLauncher.java:50)
Caused by: java.sql.SQLSyntaxErrorException: Access denied for user 'filloUser'@'%' to database 'fillo_db'
	at com.mysql.cj.jdbc.exceptions.SQLError.createSQLException(SQLError.java:112)
	at com.mysql.cj.jdbc.exceptions.SQLExceptionsMapping.translateException(SQLExceptionsMapping.java:114)
	at com.mysql.cj.jdbc.ConnectionImpl.createNewIO(ConnectionImpl.java:833)
	at com.mysql.cj.jdbc.ConnectionImpl.<init>(ConnectionImpl.java:416)
	at com.mysql.cj.jdbc.ConnectionImpl.getInstance(ConnectionImpl.java:238)
	at com.mysql.cj.jdbc.NonRegisteringDriver.connect(NonRegisteringDriver.java:180)
	at com.zaxxer.hikari.util.DriverDataSource.getConnection(DriverDataSource.java:144)
	at com.zaxxer.hikari.pool.PoolBase.newConnection(PoolBase.java:368)
	at com.zaxxer.hikari.pool.PoolBase.newPoolEntry(PoolBase.java:205)
	at com.zaxxer.hikari.pool.HikariPool.createPoolEntry(HikariPool.java:488)
	at com.zaxxer.hikari.pool.HikariPool.checkFailFast(HikariPool.java:576)
	at com.zaxxer.hikari.pool.HikariPool.<init>(HikariPool.java:97)
	at com.zaxxer.hikari.HikariDataSource.getConnection(HikariDataSource.java:111)
	at org.hibernate.engine.jdbc.connections.internal.DatasourceConnectionProviderImpl.getConnection(DatasourceConnectionProviderImpl.java:126)
	at org.hibernate.engine.jdbc.env.internal.JdbcEnvironmentInitiator$ConnectionProviderJdbcConnectionAccess.obtainConnection(JdbcEnvironmentInitiator.java:483)
	at org.hibernate.resource.transaction.backend.jdbc.internal.JdbcIsolationDelegate.delegateWork(JdbcIsolationDelegate.java:61)
	... 38 common frames omitted
05:44:06.083 ERROR [restartedMain] [AbstractEntityManagerFactoryBean.java-buildNativeEntityManagerFactory-436] Failed to initialize JPA EntityManagerFactory: Unable to create requested service [org.hibernate.engine.jdbc.env.spi.JdbcEnvironment] due to: Unable to determine Dialect without JDBC metadata (please set 'jakarta.persistence.jdbc.url' for common cases or 'hibernate.dialect' when a custom Dialect implementation must be provided)
05:44:06.083 WARN  [restartedMain] [AbstractApplicationContext.java-refresh-635] Exception encountered during context initialization - cancelling refresh attempt: org.springframework.beans.factory.BeanCreationException: Error creating bean with name 'entityManagerFactory' defined in class path resource [org/springframework/boot/autoconfigure/orm/jpa/HibernateJpaConfiguration.class]: Unable to create requested service [org.hibernate.engine.jdbc.env.spi.JdbcEnvironment] due to: Unable to determine Dialect without JDBC metadata (please set 'jakarta.persistence.jdbc.url' for common cases or 'hibernate.dialect' when a custom Dialect implementation must be provided)
05:44:06.087 INFO  [restartedMain] [DirectJDKLog.java-log-168] Stopping service [Tomcat]
05:44:06.116 INFO  [restartedMain] [ConditionEvaluationReportLogger.java-logMessage-82] 

Error starting ApplicationContext. To display the condition evaluation report re-run your application with 'debug' enabled.
05:44:06.135 ERROR [restartedMain] [SpringApplication.java-reportFailure-857] Application run failed
org.springframework.beans.factory.BeanCreationException: Error creating bean with name 'entityManagerFactory' defined in class path resource [org/springframework/boot/autoconfigure/orm/jpa/HibernateJpaConfiguration.class]: Unable to create requested service [org.hibernate.engine.jdbc.env.spi.JdbcEnvironment] due to: Unable to determine Dialect without JDBC metadata (please set 'jakarta.persistence.jdbc.url' for common cases or 'hibernate.dialect' when a custom Dialect implementation must be provided)
	at org.springframework.beans.factory.support.AbstractAutowireCapableBeanFactory.initializeBean(AbstractAutowireCapableBeanFactory.java:1826)
	at org.springframework.beans.factory.support.AbstractAutowireCapableBeanFactory.doCreateBean(AbstractAutowireCapableBeanFactory.java:607)
	at org.springframework.beans.factory.support.AbstractAutowireCapableBeanFactory.createBean(AbstractAutowireCapableBeanFactory.java:529)
	at org.springframework.beans.factory.support.AbstractBeanFactory.lambda$doGetBean$0(AbstractBeanFactory.java:339)
	at org.springframework.beans.factory.support.DefaultSingletonBeanRegistry.getSingleton(DefaultSingletonBeanRegistry.java:373)
	at org.springframework.beans.factory.support.AbstractBeanFactory.doGetBean(AbstractBeanFactory.java:337)
	at org.springframework.beans.factory.support.AbstractBeanFactory.getBean(AbstractBeanFactory.java:207)
	at org.springframework.context.support.AbstractApplicationContext.finishBeanFactoryInitialization(AbstractApplicationContext.java:970)
	at org.springframework.context.support.AbstractApplicationContext.refresh(AbstractApplicationContext.java:627)
	at org.springframework.boot.web.servlet.context.ServletWebServerApplicationContext.refresh(ServletWebServerApplicationContext.java:146)
	at org.springframework.boot.SpringApplication.refresh(SpringApplication.java:752)
	at org.springframework.boot.SpringApplication.refreshContext(SpringApplication.java:439)
	at org.springframework.boot.SpringApplication.run(SpringApplication.java:318)
	at org.springframework.boot.SpringApplication.run(SpringApplication.java:1361)
	at org.springframework.boot.SpringApplication.run(SpringApplication.java:1350)
	at sh.user.supportershighuserbackend.SupportershighUserBackendApplication.main(SupportershighUserBackendApplication.java:12)
	at java.base/jdk.internal.reflect.DirectMethodHandleAccessor.invoke(DirectMethodHandleAccessor.java:104)
	at java.base/java.lang.reflect.Method.invoke(Method.java:565)
	at org.springframework.boot.devtools.restart.RestartLauncher.run(RestartLauncher.java:50)
Caused by: org.hibernate.service.spi.ServiceException: Unable to create requested service [org.hibernate.engine.jdbc.env.spi.JdbcEnvironment] due to: Unable to determine Dialect without JDBC metadata (please set 'jakarta.persistence.jdbc.url' for common cases or 'hibernate.dialect' when a custom Dialect implementation must be provided)
	at org.hibernate.service.internal.AbstractServiceRegistryImpl.createService(AbstractServiceRegistryImpl.java:276)
	at org.hibernate.service.internal.AbstractServiceRegistryImpl.initializeService(AbstractServiceRegistryImpl.java:238)
	at org.hibernate.service.internal.AbstractServiceRegistryImpl.getService(AbstractServiceRegistryImpl.java:215)
	at org.hibernate.boot.model.relational.Database.<init>(Database.java:45)
	at org.hibernate.boot.internal.InFlightMetadataCollectorImpl.getDatabase(InFlightMetadataCollectorImpl.java:226)
	at org.hibernate.boot.internal.InFlightMetadataCollectorImpl.<init>(InFlightMetadataCollectorImpl.java:194)
	at org.hibernate.boot.model.process.spi.MetadataBuildingProcess.complete(MetadataBuildingProcess.java:171)
	at org.hibernate.jpa.boot.internal.EntityManagerFactoryBuilderImpl.metadata(EntityManagerFactoryBuilderImpl.java:1442)
	at org.hibernate.jpa.boot.internal.EntityManagerFactoryBuilderImpl.build(EntityManagerFactoryBuilderImpl.java:1513)
	at org.springframework.orm.jpa.vendor.SpringHibernateJpaPersistenceProvider.createContainerEntityManagerFactory(SpringHibernateJpaPersistenceProvider.java:66)
	at org.springframework.orm.jpa.LocalContainerEntityManagerFactoryBean.createNativeEntityManagerFactory(LocalContainerEntityManagerFactoryBean.java:390)
	at org.springframework.orm.jpa.AbstractEntityManagerFactoryBean.buildNativeEntityManagerFactory(AbstractEntityManagerFactoryBean.java:419)
	at org.springframework.orm.jpa.AbstractEntityManagerFactoryBean.afterPropertiesSet(AbstractEntityManagerFactoryBean.java:400)
	at org.springframework.orm.jpa.LocalContainerEntityManagerFactoryBean.afterPropertiesSet(LocalContainerEntityManagerFactoryBean.java:366)
	at org.springframework.beans.factory.support.AbstractAutowireCapableBeanFactory.invokeInitMethods(AbstractAutowireCapableBeanFactory.java:1873)
	at org.springframework.beans.factory.support.AbstractAutowireCapableBeanFactory.initializeBean(AbstractAutowireCapableBeanFactory.java:1822)
	... 18 common frames omitted
Caused by: org.hibernate.HibernateException: Unable to determine Dialect without JDBC metadata (please set 'jakarta.persistence.jdbc.url' for common cases or 'hibernate.dialect' when a custom Dialect implementation must be provided)
	at org.hibernate.engine.jdbc.dialect.internal.DialectFactoryImpl.determineDialect(DialectFactoryImpl.java:191)
	at org.hibernate.engine.jdbc.dialect.internal.DialectFactoryImpl.buildDialect(DialectFactoryImpl.java:87)
	at org.hibernate.engine.jdbc.env.internal.JdbcEnvironmentInitiator.getJdbcEnvironmentWithDefaults(JdbcEnvironmentInitiator.java:186)
	at org.hibernate.engine.jdbc.env.internal.JdbcEnvironmentInitiator.getJdbcEnvironmentUsingJdbcMetadata(JdbcEnvironmentInitiator.java:408)
	at org.hibernate.engine.jdbc.env.internal.JdbcEnvironmentInitiator.initiateService(JdbcEnvironmentInitiator.java:129)
	at org.hibernate.engine.jdbc.env.internal.JdbcEnvironmentInitiator.initiateService(JdbcEnvironmentInitiator.java:81)
	at org.hibernate.boot.registry.internal.StandardServiceRegistryImpl.initiateService(StandardServiceRegistryImpl.java:130)
	at org.hibernate.service.internal.AbstractServiceRegistryImpl.createService(AbstractServiceRegistryImpl.java:263)
	... 33 common frames omitted
05:46:20.431 INFO  [background-preinit] [Version.java-<clinit>-21] HV000001: Hibernate Validator 8.0.2.Final
05:46:20.493 INFO  [restartedMain] [StartupInfoLogger.java-logStarting-53] Starting SupportershighUserBackendApplication using Java 24 with PID 152 (/app/build/classes/java/main started by root in /app)
05:46:20.494 INFO  [restartedMain] [SpringApplication.java-logStartupProfileInfo-658] The following 1 profile is active: "dev"
05:46:20.608 INFO  [restartedMain] [DeferredLog.java-logTo-252] Devtools property defaults active! Set 'spring.devtools.add-properties' to 'false' to disable
05:46:20.608 INFO  [restartedMain] [DeferredLog.java-logTo-252] For additional web related logging consider setting the 'logging.level.web' property to 'DEBUG'
05:46:21.532 INFO  [restartedMain] [RepositoryConfigurationDelegate.java-multipleStoresDetected-294] Multiple Spring Data modules found, entering strict repository configuration mode
05:46:21.537 INFO  [restartedMain] [RepositoryConfigurationDelegate.java-registerRepositoriesIn-145] Bootstrapping Spring Data JDBC repositories in DEFAULT mode.
05:46:21.580 INFO  [restartedMain] [RepositoryConfigurationExtensionSupport.java-isStrictRepositoryCandidate-327] Spring Data JDBC - Could not safely identify store assignment for repository candidate interface sh.user.supportershighuserbackend.jwt.repository.JwtTokenRepository; If you want this repository to be a JDBC repository, consider annotating your entities with one of these annotations: org.springframework.data.relational.core.mapping.Table.
05:46:21.678 INFO  [restartedMain] [RepositoryConfigurationExtensionSupport.java-isStrictRepositoryCandidate-327] Spring Data JDBC - Could not safely identify store assignment for repository candidate interface sh.user.supportershighuserbackend.media.repository.MediaRepository; If you want this repository to be a JDBC repository, consider annotating your entities with one of these annotations: org.springframework.data.relational.core.mapping.Table.
05:46:21.708 INFO  [restartedMain] [RepositoryConfigurationDelegate.java-registerRepositoriesIn-213] Finished Spring Data repository scanning in 166 ms. Found 3 JDBC repository interfaces.
05:46:21.721 INFO  [restartedMain] [RepositoryConfigurationDelegate.java-multipleStoresDetected-294] Multiple Spring Data modules found, entering strict repository configuration mode
05:46:21.721 INFO  [restartedMain] [RepositoryConfigurationDelegate.java-registerRepositoriesIn-145] Bootstrapping Spring Data JPA repositories in DEFAULT mode.
05:46:21.738 INFO  [restartedMain] [DefaultListableBeanFactory.java-logBeanDefinitionOverriding-1334] Overriding bean definition for bean 'leagueRepository' with a different definition: replacing [Root bean: class=org.springframework.data.jdbc.repository.support.JdbcRepositoryFactoryBean; scope=; abstract=false; lazyInit=false; autowireMode=0; dependencyCheck=0; autowireCandidate=true; primary=false; fallback=false; factoryBeanName=null; factoryMethodName=null; initMethodNames=null; destroyMethodNames=null; defined in sh.user.supportershighuserbackend.league.repository.LeagueRepository defined in @EnableJdbcRepositories declared on JdbcRepositoriesRegistrar.EnableJdbcRepositoriesConfiguration] with [Root bean: class=org.springframework.data.jpa.repository.support.JpaRepositoryFactoryBean; scope=; abstract=false; lazyInit=false; autowireMode=0; dependencyCheck=0; autowireCandidate=true; primary=false; fallback=false; factoryBeanName=null; factoryMethodName=null; initMethodNames=null; destroyMethodNames=null; defined in sh.user.supportershighuserbackend.league.repository.LeagueRepository defined in @EnableJpaRepositories declared on JpaRepositoriesRegistrar.EnableJpaRepositoriesConfiguration]
05:46:21.741 INFO  [restartedMain] [DefaultListableBeanFactory.java-logBeanDefinitionOverriding-1334] Overriding bean definition for bean 'memberRepository' with a different definition: replacing [Root bean: class=org.springframework.data.jdbc.repository.support.JdbcRepositoryFactoryBean; scope=; abstract=false; lazyInit=false; autowireMode=0; dependencyCheck=0; autowireCandidate=true; primary=false; fallback=false; factoryBeanName=null; factoryMethodName=null; initMethodNames=null; destroyMethodNames=null; defined in sh.user.supportershighuserbackend.member.repository.MemberRepository defined in @EnableJdbcRepositories declared on JdbcRepositoriesRegistrar.EnableJdbcRepositoriesConfiguration] with [Root bean: class=org.springframework.data.jpa.repository.support.JpaRepositoryFactoryBean; scope=; abstract=false; lazyInit=false; autowireMode=0; dependencyCheck=0; autowireCandidate=true; primary=false; fallback=false; factoryBeanName=null; factoryMethodName=null; initMethodNames=null; destroyMethodNames=null; defined in sh.user.supportershighuserbackend.member.repository.MemberRepository defined in @EnableJpaRepositories declared on JpaRepositoriesRegistrar.EnableJpaRepositoriesConfiguration]
05:46:21.744 INFO  [restartedMain] [DefaultListableBeanFactory.java-logBeanDefinitionOverriding-1334] Overriding bean definition for bean 'teamRepository' with a different definition: replacing [Root bean: class=org.springframework.data.jdbc.repository.support.JdbcRepositoryFactoryBean; scope=; abstract=false; lazyInit=false; autowireMode=0; dependencyCheck=0; autowireCandidate=true; primary=false; fallback=false; factoryBeanName=null; factoryMethodName=null; initMethodNames=null; destroyMethodNames=null; defined in sh.user.supportershighuserbackend.team.repository.TeamRepository defined in @EnableJdbcRepositories declared on JdbcRepositoriesRegistrar.EnableJdbcRepositoriesConfiguration] with [Root bean: class=org.springframework.data.jpa.repository.support.JpaRepositoryFactoryBean; scope=; abstract=false; lazyInit=false; autowireMode=0; dependencyCheck=0; autowireCandidate=true; primary=false; fallback=false; factoryBeanName=null; factoryMethodName=null; initMethodNames=null; destroyMethodNames=null; defined in sh.user.supportershighuserbackend.team.repository.TeamRepository defined in @EnableJpaRepositories declared on JpaRepositoriesRegistrar.EnableJpaRepositoriesConfiguration]
05:46:21.745 INFO  [restartedMain] [RepositoryConfigurationDelegate.java-registerRepositoriesIn-213] Finished Spring Data repository scanning in 20 ms. Found 5 JPA repository interfaces.
05:46:22.578 INFO  [restartedMain] [TomcatWebServer.java-initialize-111] Tomcat initialized with port 8093 (http)
05:46:22.590 INFO  [restartedMain] [DirectJDKLog.java-log-168] Initializing ProtocolHandler ["http-nio-8093"]
05:46:22.592 INFO  [restartedMain] [DirectJDKLog.java-log-168] Starting service [Tomcat]
05:46:22.592 INFO  [restartedMain] [DirectJDKLog.java-log-168] Starting Servlet engine: [Apache Tomcat/10.1.43]
05:46:22.637 INFO  [restartedMain] [DirectJDKLog.java-log-168] Initializing Spring embedded WebApplicationContext
05:46:22.638 INFO  [restartedMain] [ServletWebServerApplicationContext.java-prepareWebApplicationContext-301] Root WebApplicationContext: initialization completed in 2028 ms
05:46:22.920 INFO  [restartedMain] [LogHelper.java-logPersistenceUnitInformation-31] HHH000204: Processing PersistenceUnitInfo [name: default]
05:46:22.962 INFO  [restartedMain] [Version.java-logVersion-44] HHH000412: Hibernate ORM core version 6.6.22.Final
05:46:22.989 INFO  [restartedMain] [RegionFactoryInitiator.java-initiateService-50] HHH000026: Second-level cache disabled
05:46:23.280 INFO  [restartedMain] [SpringPersistenceUnitInfo.java-addTransformer-87] No LoadTimeWeaver setup: ignoring JPA class transformer
05:46:23.312 WARN  [restartedMain] [HikariConfig.java-validateNumerics-1109] HikariPool-1 - keepaliveTime is greater than or equal to maxLifetime, disabling it.
05:46:23.319 INFO  [restartedMain] [HikariDataSource.java-getConnection-109] HikariPool-1 - Starting...
05:46:23.786 INFO  [restartedMain] [HikariPool.java-checkFailFast-580] HikariPool-1 - Added connection com.mysql.cj.jdbc.ConnectionImpl@463d31d9
05:46:23.789 INFO  [restartedMain] [HikariDataSource.java-getConnection-122] HikariPool-1 - Start completed.
05:46:23.906 INFO  [restartedMain] [JdbcEnvironmentInitiator.java-logConnectionInfo-163] HHH10001005: Database info:
	Database JDBC URL [Connecting through datasource 'HikariDataSource (HikariPool-1)']
	Database driver: undefined/unknown
	Database version: 8.0.28
	Autocommit mode: undefined/unknown
	Isolation level: undefined/unknown
	Minimum pool size: undefined/unknown
	Maximum pool size: undefined/unknown
05:46:23.916 DEBUG [restartedMain] [DdlTypeRegistry.java-addDescriptor-64] addDescriptor(12, org.hibernate.type.descriptor.sql.internal.CapacityDependentDdlType@4a4b7d2a) replaced previous registration(org.hibernate.type.descriptor.sql.internal.CapacityDependentDdlType@66e3e52b)
05:46:23.917 DEBUG [restartedMain] [DdlTypeRegistry.java-addDescriptor-64] addDescriptor(-9, org.hibernate.type.descriptor.sql.internal.CapacityDependentDdlType@555338c3) replaced previous registration(org.hibernate.type.descriptor.sql.internal.CapacityDependentDdlType@606c7a84)
05:46:23.917 DEBUG [restartedMain] [DdlTypeRegistry.java-addDescriptor-64] addDescriptor(-3, org.hibernate.type.descriptor.sql.internal.CapacityDependentDdlType@71dff98e) replaced previous registration(org.hibernate.type.descriptor.sql.internal.CapacityDependentDdlType@8ec8023)
05:46:23.917 DEBUG [restartedMain] [DdlTypeRegistry.java-addDescriptor-64] addDescriptor(4003, org.hibernate.type.descriptor.sql.internal.DdlTypeImpl@44b524dd) replaced previous registration(org.hibernate.type.descriptor.sql.internal.DdlTypeImpl@470ece95)
05:46:23.917 DEBUG [restartedMain] [DdlTypeRegistry.java-addDescriptor-64] addDescriptor(4001, org.hibernate.type.descriptor.sql.internal.DdlTypeImpl@49935c73) replaced previous registration(org.hibernate.type.descriptor.sql.internal.DdlTypeImpl@259230fa)
05:46:23.918 DEBUG [restartedMain] [DdlTypeRegistry.java-addDescriptor-64] addDescriptor(4002, org.hibernate.type.descriptor.sql.internal.DdlTypeImpl@48ec6b59) replaced previous registration(org.hibernate.type.descriptor.sql.internal.DdlTypeImpl@79a76eb7)
05:46:23.918 DEBUG [restartedMain] [DdlTypeRegistry.java-addDescriptor-64] addDescriptor(2004, org.hibernate.type.descriptor.sql.internal.CapacityDependentDdlType@2a84c534) replaced previous registration(org.hibernate.type.descriptor.sql.internal.DdlTypeImpl@1e25257e)
05:46:23.918 DEBUG [restartedMain] [DdlTypeRegistry.java-addDescriptor-64] addDescriptor(2005, org.hibernate.type.descriptor.sql.internal.CapacityDependentDdlType@35383340) replaced previous registration(org.hibernate.type.descriptor.sql.internal.DdlTypeImpl@77282186)
05:46:23.918 DEBUG [restartedMain] [DdlTypeRegistry.java-addDescriptor-64] addDescriptor(2011, org.hibernate.type.descriptor.sql.internal.CapacityDependentDdlType@7b09e732) replaced previous registration(org.hibernate.type.descriptor.sql.internal.DdlTypeImpl@4c3023f8)
05:46:24.852 INFO  [restartedMain] [JtaPlatformInitiator.java-initiateService-59] HHH000489: No JTA platform available (set 'hibernate.transaction.jta.platform' to enable JTA platform integration)
05:46:25.376 INFO  [restartedMain] [AbstractEntityManagerFactoryBean.java-buildNativeEntityManagerFactory-447] Initialized JPA EntityManagerFactory for persistence unit 'default'
05:46:26.100 WARN  [restartedMain] [JpaBaseConfiguration.java-openEntityManagerInViewInterceptor-258] spring.jpa.open-in-view is enabled by default. Therefore, database queries may be performed during view rendering. Explicitly configure spring.jpa.open-in-view to disable this warning
05:46:26.365 INFO  [restartedMain] [InitializeUserDetailsBeanManagerConfigurer.java-configure-110] Global AuthenticationManager configured with UserDetailsService bean with name userDetailsServiceImpl
05:46:26.421 INFO  [restartedMain] [SecurityConfig.java-securityFilterChain-38] [ LOCAL ] Security Active
05:46:26.486 WARN  [restartedMain] [CglibAopProxy.java-doValidateClass-296] Unable to proxy interface-implementing method [public final void org.springframework.web.filter.GenericFilterBean.init(jakarta.servlet.FilterConfig) throws jakarta.servlet.ServletException] because it is marked as final, consider using interface-based JDK proxies instead.
05:46:26.500 WARN  [restartedMain] [CglibAopProxy.java-doValidateClass-296] Unable to proxy interface-implementing method [public final void org.springframework.web.filter.GenericFilterBean.init(jakarta.servlet.FilterConfig) throws jakarta.servlet.ServletException] because it is marked as final, consider using interface-based JDK proxies instead.
05:46:26.518 WARN  [restartedMain] [CglibAopProxy.java-doValidateClass-296] Unable to proxy interface-implementing method [public final void org.springframework.web.filter.GenericFilterBean.init(jakarta.servlet.FilterConfig) throws jakarta.servlet.ServletException] because it is marked as final, consider using interface-based JDK proxies instead.
05:46:26.844 INFO  [restartedMain] [OptionalLiveReloadServer.java-startServer-59] LiveReload server is running on port 35729
05:46:27.178 INFO  [restartedMain] [DirectJDKLog.java-log-168] Starting ProtocolHandler ["http-nio-8093"]
05:46:27.224 INFO  [restartedMain] [TomcatWebServer.java-start-243] Tomcat started on port 8093 (http) with context path '/'
05:46:27.230 INFO  [restartedMain] [StartupInfoLogger.java-logStarted-59] Started SupportershighUserBackendApplication in 7.717 seconds (process running for 8.2)
05:46:27.233 INFO  [restartedMain] [StartEventListener.java-onApplicationEvent-17] ApplicationReadyEvent: batch.issueCoupon=OFF
07:14:12.618 INFO  [background-preinit] [Version.java-<clinit>-21] HV000001: Hibernate Validator 8.0.2.Final
07:14:12.679 INFO  [restartedMain] [StartupInfoLogger.java-logStarting-53] Starting SupportershighUserBackendApplication using Java 24 with PID 147 (/app/build/classes/java/main started by root in /app)
07:14:12.688 INFO  [restartedMain] [SpringApplication.java-logStartupProfileInfo-658] The following 1 profile is active: "dev"
07:14:12.777 INFO  [restartedMain] [DeferredLog.java-logTo-252] Devtools property defaults active! Set 'spring.devtools.add-properties' to 'false' to disable
07:14:12.793 INFO  [restartedMain] [DeferredLog.java-logTo-252] For additional web related logging consider setting the 'logging.level.web' property to 'DEBUG'
07:14:13.795 INFO  [restartedMain] [RepositoryConfigurationDelegate.java-multipleStoresDetected-294] Multiple Spring Data modules found, entering strict repository configuration mode
07:14:13.802 INFO  [restartedMain] [RepositoryConfigurationDelegate.java-registerRepositoriesIn-145] Bootstrapping Spring Data JDBC repositories in DEFAULT mode.
07:14:13.844 INFO  [restartedMain] [RepositoryConfigurationExtensionSupport.java-isStrictRepositoryCandidate-327] Spring Data JDBC - Could not safely identify store assignment for repository candidate interface sh.user.supportershighuserbackend.jwt.repository.JwtTokenRepository; If you want this repository to be a JDBC repository, consider annotating your entities with one of these annotations: org.springframework.data.relational.core.mapping.Table.
07:14:13.929 INFO  [restartedMain] [RepositoryConfigurationExtensionSupport.java-isStrictRepositoryCandidate-327] Spring Data JDBC - Could not safely identify store assignment for repository candidate interface sh.user.supportershighuserbackend.media.repository.MediaRepository; If you want this repository to be a JDBC repository, consider annotating your entities with one of these annotations: org.springframework.data.relational.core.mapping.Table.
07:14:13.959 INFO  [restartedMain] [RepositoryConfigurationDelegate.java-registerRepositoriesIn-213] Finished Spring Data repository scanning in 152 ms. Found 3 JDBC repository interfaces.
07:14:13.970 INFO  [restartedMain] [RepositoryConfigurationDelegate.java-multipleStoresDetected-294] Multiple Spring Data modules found, entering strict repository configuration mode
07:14:13.989 INFO  [restartedMain] [RepositoryConfigurationDelegate.java-registerRepositoriesIn-145] Bootstrapping Spring Data JPA repositories in DEFAULT mode.
07:14:14.009 INFO  [restartedMain] [DefaultListableBeanFactory.java-logBeanDefinitionOverriding-1334] Overriding bean definition for bean 'memberRepository' with a different definition: replacing [Root bean: class=org.springframework.data.jdbc.repository.support.JdbcRepositoryFactoryBean; scope=; abstract=false; lazyInit=false; autowireMode=0; dependencyCheck=0; autowireCandidate=true; primary=false; fallback=false; factoryBeanName=null; factoryMethodName=null; initMethodNames=null; destroyMethodNames=null; defined in sh.user.supportershighuserbackend.member.repository.MemberRepository defined in @EnableJdbcRepositories declared on JdbcRepositoriesRegistrar.EnableJdbcRepositoriesConfiguration] with [Root bean: class=org.springframework.data.jpa.repository.support.JpaRepositoryFactoryBean; scope=; abstract=false; lazyInit=false; autowireMode=0; dependencyCheck=0; autowireCandidate=true; primary=false; fallback=false; factoryBeanName=null; factoryMethodName=null; initMethodNames=null; destroyMethodNames=null; defined in sh.user.supportershighuserbackend.member.repository.MemberRepository defined in @EnableJpaRepositories declared on JpaRepositoriesRegistrar.EnableJpaRepositoriesConfiguration]
07:14:14.018 INFO  [restartedMain] [DefaultListableBeanFactory.java-logBeanDefinitionOverriding-1334] Overriding bean definition for bean 'teamRepository' with a different definition: replacing [Root bean: class=org.springframework.data.jdbc.repository.support.JdbcRepositoryFactoryBean; scope=; abstract=false; lazyInit=false; autowireMode=0; dependencyCheck=0; autowireCandidate=true; primary=false; fallback=false; factoryBeanName=null; factoryMethodName=null; initMethodNames=null; destroyMethodNames=null; defined in sh.user.supportershighuserbackend.team.repository.TeamRepository defined in @EnableJdbcRepositories declared on JdbcRepositoriesRegistrar.EnableJdbcRepositoriesConfiguration] with [Root bean: class=org.springframework.data.jpa.repository.support.JpaRepositoryFactoryBean; scope=; abstract=false; lazyInit=false; autowireMode=0; dependencyCheck=0; autowireCandidate=true; primary=false; fallback=false; factoryBeanName=null; factoryMethodName=null; initMethodNames=null; destroyMethodNames=null; defined in sh.user.supportershighuserbackend.team.repository.TeamRepository defined in @EnableJpaRepositories declared on JpaRepositoriesRegistrar.EnableJpaRepositoriesConfiguration]
07:14:14.022 INFO  [restartedMain] [DefaultListableBeanFactory.java-logBeanDefinitionOverriding-1334] Overriding bean definition for bean 'leagueRepository' with a different definition: replacing [Root bean: class=org.springframework.data.jdbc.repository.support.JdbcRepositoryFactoryBean; scope=; abstract=false; lazyInit=false; autowireMode=0; dependencyCheck=0; autowireCandidate=true; primary=false; fallback=false; factoryBeanName=null; factoryMethodName=null; initMethodNames=null; destroyMethodNames=null; defined in sh.user.supportershighuserbackend.league.repository.LeagueRepository defined in @EnableJdbcRepositories declared on JdbcRepositoriesRegistrar.EnableJdbcRepositoriesConfiguration] with [Root bean: class=org.springframework.data.jpa.repository.support.JpaRepositoryFactoryBean; scope=; abstract=false; lazyInit=false; autowireMode=0; dependencyCheck=0; autowireCandidate=true; primary=false; fallback=false; factoryBeanName=null; factoryMethodName=null; initMethodNames=null; destroyMethodNames=null; defined in sh.user.supportershighuserbackend.league.repository.LeagueRepository defined in @EnableJpaRepositories declared on JpaRepositoriesRegistrar.EnableJpaRepositoriesConfiguration]
07:14:14.028 INFO  [restartedMain] [RepositoryConfigurationDelegate.java-registerRepositoriesIn-213] Finished Spring Data repository scanning in 34 ms. Found 5 JPA repository interfaces.
07:14:14.898 INFO  [restartedMain] [TomcatWebServer.java-initialize-111] Tomcat initialized with port 8093 (http)
07:14:14.911 INFO  [restartedMain] [DirectJDKLog.java-log-168] Initializing ProtocolHandler ["http-nio-8093"]
07:14:14.920 INFO  [restartedMain] [DirectJDKLog.java-log-168] Starting service [Tomcat]
07:14:14.920 INFO  [restartedMain] [DirectJDKLog.java-log-168] Starting Servlet engine: [Apache Tomcat/10.1.43]
07:14:14.972 INFO  [restartedMain] [DirectJDKLog.java-log-168] Initializing Spring embedded WebApplicationContext
07:14:14.975 INFO  [restartedMain] [ServletWebServerApplicationContext.java-prepareWebApplicationContext-301] Root WebApplicationContext: initialization completed in 2181 ms
07:14:15.269 INFO  [restartedMain] [LogHelper.java-logPersistenceUnitInformation-31] HHH000204: Processing PersistenceUnitInfo [name: default]
07:14:15.330 INFO  [restartedMain] [Version.java-logVersion-44] HHH000412: Hibernate ORM core version 6.6.22.Final
07:14:15.359 INFO  [restartedMain] [RegionFactoryInitiator.java-initiateService-50] HHH000026: Second-level cache disabled
07:14:15.639 INFO  [restartedMain] [SpringPersistenceUnitInfo.java-addTransformer-87] No LoadTimeWeaver setup: ignoring JPA class transformer
07:14:15.667 WARN  [restartedMain] [HikariConfig.java-validateNumerics-1109] HikariPool-1 - keepaliveTime is greater than or equal to maxLifetime, disabling it.
07:14:15.668 INFO  [restartedMain] [HikariDataSource.java-getConnection-109] HikariPool-1 - Starting...
07:14:16.177 INFO  [restartedMain] [HikariPool.java-checkFailFast-580] HikariPool-1 - Added connection com.mysql.cj.jdbc.ConnectionImpl@524d8a88
07:14:16.179 INFO  [restartedMain] [HikariDataSource.java-getConnection-122] HikariPool-1 - Start completed.
07:14:16.264 INFO  [restartedMain] [JdbcEnvironmentInitiator.java-logConnectionInfo-163] HHH10001005: Database info:
	Database JDBC URL [Connecting through datasource 'HikariDataSource (HikariPool-1)']
	Database driver: undefined/unknown
	Database version: 8.0.28
	Autocommit mode: undefined/unknown
	Isolation level: undefined/unknown
	Minimum pool size: undefined/unknown
	Maximum pool size: undefined/unknown
07:14:16.273 DEBUG [restartedMain] [DdlTypeRegistry.java-addDescriptor-64] addDescriptor(12, org.hibernate.type.descriptor.sql.internal.CapacityDependentDdlType@66e3e52b) replaced previous registration(org.hibernate.type.descriptor.sql.internal.CapacityDependentDdlType@555338c3)
07:14:16.274 DEBUG [restartedMain] [DdlTypeRegistry.java-addDescriptor-64] addDescriptor(-9, org.hibernate.type.descriptor.sql.internal.CapacityDependentDdlType@606c7a84) replaced previous registration(org.hibernate.type.descriptor.sql.internal.CapacityDependentDdlType@71dff98e)
07:14:16.274 DEBUG [restartedMain] [DdlTypeRegistry.java-addDescriptor-64] addDescriptor(-3, org.hibernate.type.descriptor.sql.internal.CapacityDependentDdlType@8ec8023) replaced previous registration(org.hibernate.type.descriptor.sql.internal.CapacityDependentDdlType@44b524dd)
07:14:16.274 DEBUG [restartedMain] [DdlTypeRegistry.java-addDescriptor-64] addDescriptor(4003, org.hibernate.type.descriptor.sql.internal.DdlTypeImpl@470ece95) replaced previous registration(org.hibernate.type.descriptor.sql.internal.DdlTypeImpl@49935c73)
07:14:16.275 DEBUG [restartedMain] [DdlTypeRegistry.java-addDescriptor-64] addDescriptor(4001, org.hibernate.type.descriptor.sql.internal.DdlTypeImpl@259230fa) replaced previous registration(org.hibernate.type.descriptor.sql.internal.DdlTypeImpl@48ec6b59)
07:14:16.275 DEBUG [restartedMain] [DdlTypeRegistry.java-addDescriptor-64] addDescriptor(4002, org.hibernate.type.descriptor.sql.internal.DdlTypeImpl@79a76eb7) replaced previous registration(org.hibernate.type.descriptor.sql.internal.DdlTypeImpl@2a84c534)
07:14:16.275 DEBUG [restartedMain] [DdlTypeRegistry.java-addDescriptor-64] addDescriptor(2004, org.hibernate.type.descriptor.sql.internal.CapacityDependentDdlType@1e25257e) replaced previous registration(org.hibernate.type.descriptor.sql.internal.DdlTypeImpl@35383340)
07:14:16.275 DEBUG [restartedMain] [DdlTypeRegistry.java-addDescriptor-64] addDescriptor(2005, org.hibernate.type.descriptor.sql.internal.CapacityDependentDdlType@77282186) replaced previous registration(org.hibernate.type.descriptor.sql.internal.DdlTypeImpl@7b09e732)
07:14:16.275 DEBUG [restartedMain] [DdlTypeRegistry.java-addDescriptor-64] addDescriptor(2011, org.hibernate.type.descriptor.sql.internal.CapacityDependentDdlType@4c3023f8) replaced previous registration(org.hibernate.type.descriptor.sql.internal.DdlTypeImpl@38e6ab0d)
07:14:17.171 INFO  [restartedMain] [JtaPlatformInitiator.java-initiateService-59] HHH000489: No JTA platform available (set 'hibernate.transaction.jta.platform' to enable JTA platform integration)
07:14:18.077 INFO  [restartedMain] [AbstractEntityManagerFactoryBean.java-buildNativeEntityManagerFactory-447] Initialized JPA EntityManagerFactory for persistence unit 'default'
07:14:18.671 WARN  [restartedMain] [JpaBaseConfiguration.java-openEntityManagerInViewInterceptor-258] spring.jpa.open-in-view is enabled by default. Therefore, database queries may be performed during view rendering. Explicitly configure spring.jpa.open-in-view to disable this warning
07:14:18.914 INFO  [restartedMain] [InitializeUserDetailsBeanManagerConfigurer.java-configure-110] Global AuthenticationManager configured with UserDetailsService bean with name userDetailsServiceImpl
07:14:18.958 INFO  [restartedMain] [SecurityConfig.java-securityFilterChain-38] [ LOCAL ] Security Active
07:14:19.029 WARN  [restartedMain] [CglibAopProxy.java-doValidateClass-296] Unable to proxy interface-implementing method [public final void org.springframework.web.filter.GenericFilterBean.init(jakarta.servlet.FilterConfig) throws jakarta.servlet.ServletException] because it is marked as final, consider using interface-based JDK proxies instead.
07:14:19.058 WARN  [restartedMain] [CglibAopProxy.java-doValidateClass-296] Unable to proxy interface-implementing method [public final void org.springframework.web.filter.GenericFilterBean.init(jakarta.servlet.FilterConfig) throws jakarta.servlet.ServletException] because it is marked as final, consider using interface-based JDK proxies instead.
07:14:19.067 WARN  [restartedMain] [CglibAopProxy.java-doValidateClass-296] Unable to proxy interface-implementing method [public final void org.springframework.web.filter.GenericFilterBean.init(jakarta.servlet.FilterConfig) throws jakarta.servlet.ServletException] because it is marked as final, consider using interface-based JDK proxies instead.
07:14:19.362 INFO  [restartedMain] [OptionalLiveReloadServer.java-startServer-59] LiveReload server is running on port 35729
07:14:19.688 INFO  [restartedMain] [DirectJDKLog.java-log-168] Starting ProtocolHandler ["http-nio-8093"]
07:14:19.727 INFO  [restartedMain] [TomcatWebServer.java-start-243] Tomcat started on port 8093 (http) with context path '/'
07:14:19.737 INFO  [restartedMain] [StartupInfoLogger.java-logStarted-59] Started SupportershighUserBackendApplication in 7.922 seconds (process running for 8.485)
07:14:19.745 INFO  [restartedMain] [StartEventListener.java-onApplicationEvent-17] ApplicationReadyEvent: batch.issueCoupon=OFF
07:58:20.071 INFO  [background-preinit] [Version.java-<clinit>-21] HV000001: Hibernate Validator 8.0.2.Final
07:58:20.096 INFO  [restartedMain] [StartupInfoLogger.java-logStarting-53] Starting SupportershighUserBackendApplication using Java 24 with PID 147 (/app/build/classes/java/main started by root in /app)
07:58:20.098 INFO  [restartedMain] [SpringApplication.java-logStartupProfileInfo-658] The following 1 profile is active: "dev"
07:58:20.172 INFO  [restartedMain] [DeferredLog.java-logTo-252] Devtools property defaults active! Set 'spring.devtools.add-properties' to 'false' to disable
07:58:20.172 INFO  [restartedMain] [DeferredLog.java-logTo-252] For additional web related logging consider setting the 'logging.level.web' property to 'DEBUG'
07:58:21.281 INFO  [restartedMain] [RepositoryConfigurationDelegate.java-multipleStoresDetected-294] Multiple Spring Data modules found, entering strict repository configuration mode
07:58:21.282 INFO  [restartedMain] [RepositoryConfigurationDelegate.java-registerRepositoriesIn-145] Bootstrapping Spring Data JDBC repositories in DEFAULT mode.
07:58:21.324 INFO  [restartedMain] [RepositoryConfigurationExtensionSupport.java-isStrictRepositoryCandidate-327] Spring Data JDBC - Could not safely identify store assignment for repository candidate interface sh.user.supportershighuserbackend.jwt.repository.JwtTokenRepository; If you want this repository to be a JDBC repository, consider annotating your entities with one of these annotations: org.springframework.data.relational.core.mapping.Table.
07:58:21.426 INFO  [restartedMain] [RepositoryConfigurationExtensionSupport.java-isStrictRepositoryCandidate-327] Spring Data JDBC - Could not safely identify store assignment for repository candidate interface sh.user.supportershighuserbackend.media.repository.MediaRepository; If you want this repository to be a JDBC repository, consider annotating your entities with one of these annotations: org.springframework.data.relational.core.mapping.Table.
07:58:21.470 INFO  [restartedMain] [RepositoryConfigurationDelegate.java-registerRepositoriesIn-213] Finished Spring Data repository scanning in 181 ms. Found 3 JDBC repository interfaces.
07:58:21.482 INFO  [restartedMain] [RepositoryConfigurationDelegate.java-multipleStoresDetected-294] Multiple Spring Data modules found, entering strict repository configuration mode
07:58:21.482 INFO  [restartedMain] [RepositoryConfigurationDelegate.java-registerRepositoriesIn-145] Bootstrapping Spring Data JPA repositories in DEFAULT mode.
07:58:21.504 INFO  [restartedMain] [DefaultListableBeanFactory.java-logBeanDefinitionOverriding-1334] Overriding bean definition for bean 'memberRepository' with a different definition: replacing [Root bean: class=org.springframework.data.jdbc.repository.support.JdbcRepositoryFactoryBean; scope=; abstract=false; lazyInit=false; autowireMode=0; dependencyCheck=0; autowireCandidate=true; primary=false; fallback=false; factoryBeanName=null; factoryMethodName=null; initMethodNames=null; destroyMethodNames=null; defined in sh.user.supportershighuserbackend.member.repository.MemberRepository defined in @EnableJdbcRepositories declared on JdbcRepositoriesRegistrar.EnableJdbcRepositoriesConfiguration] with [Root bean: class=org.springframework.data.jpa.repository.support.JpaRepositoryFactoryBean; scope=; abstract=false; lazyInit=false; autowireMode=0; dependencyCheck=0; autowireCandidate=true; primary=false; fallback=false; factoryBeanName=null; factoryMethodName=null; initMethodNames=null; destroyMethodNames=null; defined in sh.user.supportershighuserbackend.member.repository.MemberRepository defined in @EnableJpaRepositories declared on JpaRepositoriesRegistrar.EnableJpaRepositoriesConfiguration]
07:58:21.506 INFO  [restartedMain] [DefaultListableBeanFactory.java-logBeanDefinitionOverriding-1334] Overriding bean definition for bean 'leagueRepository' with a different definition: replacing [Root bean: class=org.springframework.data.jdbc.repository.support.JdbcRepositoryFactoryBean; scope=; abstract=false; lazyInit=false; autowireMode=0; dependencyCheck=0; autowireCandidate=true; primary=false; fallback=false; factoryBeanName=null; factoryMethodName=null; initMethodNames=null; destroyMethodNames=null; defined in sh.user.supportershighuserbackend.league.repository.LeagueRepository defined in @EnableJdbcRepositories declared on JdbcRepositoriesRegistrar.EnableJdbcRepositoriesConfiguration] with [Root bean: class=org.springframework.data.jpa.repository.support.JpaRepositoryFactoryBean; scope=; abstract=false; lazyInit=false; autowireMode=0; dependencyCheck=0; autowireCandidate=true; primary=false; fallback=false; factoryBeanName=null; factoryMethodName=null; initMethodNames=null; destroyMethodNames=null; defined in sh.user.supportershighuserbackend.league.repository.LeagueRepository defined in @EnableJpaRepositories declared on JpaRepositoriesRegistrar.EnableJpaRepositoriesConfiguration]
07:58:21.508 INFO  [restartedMain] [DefaultListableBeanFactory.java-logBeanDefinitionOverriding-1334] Overriding bean definition for bean 'teamRepository' with a different definition: replacing [Root bean: class=org.springframework.data.jdbc.repository.support.JdbcRepositoryFactoryBean; scope=; abstract=false; lazyInit=false; autowireMode=0; dependencyCheck=0; autowireCandidate=true; primary=false; fallback=false; factoryBeanName=null; factoryMethodName=null; initMethodNames=null; destroyMethodNames=null; defined in sh.user.supportershighuserbackend.team.repository.TeamRepository defined in @EnableJdbcRepositories declared on JdbcRepositoriesRegistrar.EnableJdbcRepositoriesConfiguration] with [Root bean: class=org.springframework.data.jpa.repository.support.JpaRepositoryFactoryBean; scope=; abstract=false; lazyInit=false; autowireMode=0; dependencyCheck=0; autowireCandidate=true; primary=false; fallback=false; factoryBeanName=null; factoryMethodName=null; initMethodNames=null; destroyMethodNames=null; defined in sh.user.supportershighuserbackend.team.repository.TeamRepository defined in @EnableJpaRepositories declared on JpaRepositoriesRegistrar.EnableJpaRepositoriesConfiguration]
07:58:21.509 INFO  [restartedMain] [RepositoryConfigurationDelegate.java-registerRepositoriesIn-213] Finished Spring Data repository scanning in 22 ms. Found 5 JPA repository interfaces.
07:58:22.386 INFO  [restartedMain] [TomcatWebServer.java-initialize-111] Tomcat initialized with port 8093 (http)
07:58:22.403 INFO  [restartedMain] [DirectJDKLog.java-log-168] Initializing ProtocolHandler ["http-nio-8093"]
07:58:22.406 INFO  [restartedMain] [DirectJDKLog.java-log-168] Starting service [Tomcat]
07:58:22.406 INFO  [restartedMain] [DirectJDKLog.java-log-168] Starting Servlet engine: [Apache Tomcat/10.1.43]
07:58:22.474 INFO  [restartedMain] [DirectJDKLog.java-log-168] Initializing Spring embedded WebApplicationContext
07:58:22.477 INFO  [restartedMain] [ServletWebServerApplicationContext.java-prepareWebApplicationContext-301] Root WebApplicationContext: initialization completed in 2304 ms
07:58:22.764 INFO  [restartedMain] [LogHelper.java-logPersistenceUnitInformation-31] HHH000204: Processing PersistenceUnitInfo [name: default]
07:58:22.808 INFO  [restartedMain] [Version.java-logVersion-44] HHH000412: Hibernate ORM core version 6.6.22.Final
07:58:22.838 INFO  [restartedMain] [RegionFactoryInitiator.java-initiateService-50] HHH000026: Second-level cache disabled
07:58:23.111 INFO  [restartedMain] [SpringPersistenceUnitInfo.java-addTransformer-87] No LoadTimeWeaver setup: ignoring JPA class transformer
07:58:23.147 WARN  [restartedMain] [HikariConfig.java-validateNumerics-1109] HikariPool-1 - keepaliveTime is greater than or equal to maxLifetime, disabling it.
07:58:23.147 INFO  [restartedMain] [HikariDataSource.java-getConnection-109] HikariPool-1 - Starting...
07:58:23.588 INFO  [restartedMain] [HikariPool.java-checkFailFast-580] HikariPool-1 - Added connection com.mysql.cj.jdbc.ConnectionImpl@463d31d9
07:58:23.592 INFO  [restartedMain] [HikariDataSource.java-getConnection-122] HikariPool-1 - Start completed.
07:58:23.683 INFO  [restartedMain] [JdbcEnvironmentInitiator.java-logConnectionInfo-163] HHH10001005: Database info:
	Database JDBC URL [Connecting through datasource 'HikariDataSource (HikariPool-1)']
	Database driver: undefined/unknown
	Database version: 8.0.28
	Autocommit mode: undefined/unknown
	Isolation level: undefined/unknown
	Minimum pool size: undefined/unknown
	Maximum pool size: undefined/unknown
07:58:23.690 DEBUG [restartedMain] [DdlTypeRegistry.java-addDescriptor-64] addDescriptor(12, org.hibernate.type.descriptor.sql.internal.CapacityDependentDdlType@4a4b7d2a) replaced previous registration(org.hibernate.type.descriptor.sql.internal.CapacityDependentDdlType@66e3e52b)
07:58:23.690 DEBUG [restartedMain] [DdlTypeRegistry.java-addDescriptor-64] addDescriptor(-9, org.hibernate.type.descriptor.sql.internal.CapacityDependentDdlType@555338c3) replaced previous registration(org.hibernate.type.descriptor.sql.internal.CapacityDependentDdlType@606c7a84)
07:58:23.690 DEBUG [restartedMain] [DdlTypeRegistry.java-addDescriptor-64] addDescriptor(-3, org.hibernate.type.descriptor.sql.internal.CapacityDependentDdlType@71dff98e) replaced previous registration(org.hibernate.type.descriptor.sql.internal.CapacityDependentDdlType@8ec8023)
07:58:23.691 DEBUG [restartedMain] [DdlTypeRegistry.java-addDescriptor-64] addDescriptor(4003, org.hibernate.type.descriptor.sql.internal.DdlTypeImpl@44b524dd) replaced previous registration(org.hibernate.type.descriptor.sql.internal.DdlTypeImpl@470ece95)
07:58:23.691 DEBUG [restartedMain] [DdlTypeRegistry.java-addDescriptor-64] addDescriptor(4001, org.hibernate.type.descriptor.sql.internal.DdlTypeImpl@49935c73) replaced previous registration(org.hibernate.type.descriptor.sql.internal.DdlTypeImpl@259230fa)
07:58:23.691 DEBUG [restartedMain] [DdlTypeRegistry.java-addDescriptor-64] addDescriptor(4002, org.hibernate.type.descriptor.sql.internal.DdlTypeImpl@48ec6b59) replaced previous registration(org.hibernate.type.descriptor.sql.internal.DdlTypeImpl@79a76eb7)
07:58:23.691 DEBUG [restartedMain] [DdlTypeRegistry.java-addDescriptor-64] addDescriptor(2004, org.hibernate.type.descriptor.sql.internal.CapacityDependentDdlType@2a84c534) replaced previous registration(org.hibernate.type.descriptor.sql.internal.DdlTypeImpl@1e25257e)
07:58:23.691 DEBUG [restartedMain] [DdlTypeRegistry.java-addDescriptor-64] addDescriptor(2005, org.hibernate.type.descriptor.sql.internal.CapacityDependentDdlType@35383340) replaced previous registration(org.hibernate.type.descriptor.sql.internal.DdlTypeImpl@77282186)
07:58:23.691 DEBUG [restartedMain] [DdlTypeRegistry.java-addDescriptor-64] addDescriptor(2011, org.hibernate.type.descriptor.sql.internal.CapacityDependentDdlType@7b09e732) replaced previous registration(org.hibernate.type.descriptor.sql.internal.DdlTypeImpl@4c3023f8)
07:58:24.679 INFO  [restartedMain] [JtaPlatformInitiator.java-initiateService-59] HHH000489: No JTA platform available (set 'hibernate.transaction.jta.platform' to enable JTA platform integration)
07:58:25.464 INFO  [restartedMain] [AbstractEntityManagerFactoryBean.java-buildNativeEntityManagerFactory-447] Initialized JPA EntityManagerFactory for persistence unit 'default'
07:58:26.070 WARN  [restartedMain] [JpaBaseConfiguration.java-openEntityManagerInViewInterceptor-258] spring.jpa.open-in-view is enabled by default. Therefore, database queries may be performed during view rendering. Explicitly configure spring.jpa.open-in-view to disable this warning
07:58:26.363 INFO  [restartedMain] [InitializeUserDetailsBeanManagerConfigurer.java-configure-110] Global AuthenticationManager configured with UserDetailsService bean with name userDetailsServiceImpl
07:58:26.410 INFO  [restartedMain] [SecurityConfig.java-securityFilterChain-38] [ LOCAL ] Security Active
07:58:26.473 WARN  [restartedMain] [CglibAopProxy.java-doValidateClass-296] Unable to proxy interface-implementing method [public final void org.springframework.web.filter.GenericFilterBean.init(jakarta.servlet.FilterConfig) throws jakarta.servlet.ServletException] because it is marked as final, consider using interface-based JDK proxies instead.
07:58:26.490 WARN  [restartedMain] [CglibAopProxy.java-doValidateClass-296] Unable to proxy interface-implementing method [public final void org.springframework.web.filter.GenericFilterBean.init(jakarta.servlet.FilterConfig) throws jakarta.servlet.ServletException] because it is marked as final, consider using interface-based JDK proxies instead.
07:58:26.500 WARN  [restartedMain] [CglibAopProxy.java-doValidateClass-296] Unable to proxy interface-implementing method [public final void org.springframework.web.filter.GenericFilterBean.init(jakarta.servlet.FilterConfig) throws jakarta.servlet.ServletException] because it is marked as final, consider using interface-based JDK proxies instead.
07:58:26.835 INFO  [restartedMain] [OptionalLiveReloadServer.java-startServer-59] LiveReload server is running on port 35729
07:58:27.149 INFO  [restartedMain] [DirectJDKLog.java-log-168] Starting ProtocolHandler ["http-nio-8093"]
07:58:27.164 INFO  [restartedMain] [TomcatWebServer.java-start-243] Tomcat started on port 8093 (http) with context path '/'
07:58:27.175 INFO  [restartedMain] [StartupInfoLogger.java-logStarted-59] Started SupportershighUserBackendApplication in 7.718 seconds (process running for 8.33)
07:58:27.179 INFO  [restartedMain] [StartEventListener.java-onApplicationEvent-17] ApplicationReadyEvent: batch.issueCoupon=OFF
08:23:54.082 INFO  [background-preinit] [Version.java-<clinit>-21] HV000001: Hibernate Validator 8.0.2.Final
08:23:54.146 INFO  [restartedMain] [StartupInfoLogger.java-logStarting-53] Starting SupportershighUserBackendApplication using Java 24 with PID 146 (/app/build/classes/java/main started by root in /app)
08:23:54.147 INFO  [restartedMain] [SpringApplication.java-logStartupProfileInfo-658] The following 1 profile is active: "dev"
08:23:54.266 INFO  [restartedMain] [DeferredLog.java-logTo-252] Devtools property defaults active! Set 'spring.devtools.add-properties' to 'false' to disable
08:23:54.267 INFO  [restartedMain] [DeferredLog.java-logTo-252] For additional web related logging consider setting the 'logging.level.web' property to 'DEBUG'
08:23:55.348 INFO  [restartedMain] [RepositoryConfigurationDelegate.java-multipleStoresDetected-294] Multiple Spring Data modules found, entering strict repository configuration mode
08:23:55.356 INFO  [restartedMain] [RepositoryConfigurationDelegate.java-registerRepositoriesIn-145] Bootstrapping Spring Data JDBC repositories in DEFAULT mode.
08:23:55.414 INFO  [restartedMain] [RepositoryConfigurationExtensionSupport.java-isStrictRepositoryCandidate-327] Spring Data JDBC - Could not safely identify store assignment for repository candidate interface sh.user.supportershighuserbackend.jwt.repository.JwtTokenRepository; If you want this repository to be a JDBC repository, consider annotating your entities with one of these annotations: org.springframework.data.relational.core.mapping.Table.
08:23:55.545 INFO  [restartedMain] [RepositoryConfigurationExtensionSupport.java-isStrictRepositoryCandidate-327] Spring Data JDBC - Could not safely identify store assignment for repository candidate interface sh.user.supportershighuserbackend.media.repository.MediaRepository; If you want this repository to be a JDBC repository, consider annotating your entities with one of these annotations: org.springframework.data.relational.core.mapping.Table.
08:23:55.590 INFO  [restartedMain] [RepositoryConfigurationDelegate.java-registerRepositoriesIn-213] Finished Spring Data repository scanning in 229 ms. Found 3 JDBC repository interfaces.
08:23:55.611 INFO  [restartedMain] [RepositoryConfigurationDelegate.java-multipleStoresDetected-294] Multiple Spring Data modules found, entering strict repository configuration mode
08:23:55.613 INFO  [restartedMain] [RepositoryConfigurationDelegate.java-registerRepositoriesIn-145] Bootstrapping Spring Data JPA repositories in DEFAULT mode.
08:23:55.632 INFO  [restartedMain] [DefaultListableBeanFactory.java-logBeanDefinitionOverriding-1334] Overriding bean definition for bean 'leagueRepository' with a different definition: replacing [Root bean: class=org.springframework.data.jdbc.repository.support.JdbcRepositoryFactoryBean; scope=; abstract=false; lazyInit=false; autowireMode=0; dependencyCheck=0; autowireCandidate=true; primary=false; fallback=false; factoryBeanName=null; factoryMethodName=null; initMethodNames=null; destroyMethodNames=null; defined in sh.user.supportershighuserbackend.league.repository.LeagueRepository defined in @EnableJdbcRepositories declared on JdbcRepositoriesRegistrar.EnableJdbcRepositoriesConfiguration] with [Root bean: class=org.springframework.data.jpa.repository.support.JpaRepositoryFactoryBean; scope=; abstract=false; lazyInit=false; autowireMode=0; dependencyCheck=0; autowireCandidate=true; primary=false; fallback=false; factoryBeanName=null; factoryMethodName=null; initMethodNames=null; destroyMethodNames=null; defined in sh.user.supportershighuserbackend.league.repository.LeagueRepository defined in @EnableJpaRepositories declared on JpaRepositoriesRegistrar.EnableJpaRepositoriesConfiguration]
08:23:55.634 INFO  [restartedMain] [DefaultListableBeanFactory.java-logBeanDefinitionOverriding-1334] Overriding bean definition for bean 'memberRepository' with a different definition: replacing [Root bean: class=org.springframework.data.jdbc.repository.support.JdbcRepositoryFactoryBean; scope=; abstract=false; lazyInit=false; autowireMode=0; dependencyCheck=0; autowireCandidate=true; primary=false; fallback=false; factoryBeanName=null; factoryMethodName=null; initMethodNames=null; destroyMethodNames=null; defined in sh.user.supportershighuserbackend.member.repository.MemberRepository defined in @EnableJdbcRepositories declared on JdbcRepositoriesRegistrar.EnableJdbcRepositoriesConfiguration] with [Root bean: class=org.springframework.data.jpa.repository.support.JpaRepositoryFactoryBean; scope=; abstract=false; lazyInit=false; autowireMode=0; dependencyCheck=0; autowireCandidate=true; primary=false; fallback=false; factoryBeanName=null; factoryMethodName=null; initMethodNames=null; destroyMethodNames=null; defined in sh.user.supportershighuserbackend.member.repository.MemberRepository defined in @EnableJpaRepositories declared on JpaRepositoriesRegistrar.EnableJpaRepositoriesConfiguration]
08:23:55.637 INFO  [restartedMain] [DefaultListableBeanFactory.java-logBeanDefinitionOverriding-1334] Overriding bean definition for bean 'teamRepository' with a different definition: replacing [Root bean: class=org.springframework.data.jdbc.repository.support.JdbcRepositoryFactoryBean; scope=; abstract=false; lazyInit=false; autowireMode=0; dependencyCheck=0; autowireCandidate=true; primary=false; fallback=false; factoryBeanName=null; factoryMethodName=null; initMethodNames=null; destroyMethodNames=null; defined in sh.user.supportershighuserbackend.team.repository.TeamRepository defined in @EnableJdbcRepositories declared on JdbcRepositoriesRegistrar.EnableJdbcRepositoriesConfiguration] with [Root bean: class=org.springframework.data.jpa.repository.support.JpaRepositoryFactoryBean; scope=; abstract=false; lazyInit=false; autowireMode=0; dependencyCheck=0; autowireCandidate=true; primary=false; fallback=false; factoryBeanName=null; factoryMethodName=null; initMethodNames=null; destroyMethodNames=null; defined in sh.user.supportershighuserbackend.team.repository.TeamRepository defined in @EnableJpaRepositories declared on JpaRepositoriesRegistrar.EnableJpaRepositoriesConfiguration]
08:23:55.639 INFO  [restartedMain] [RepositoryConfigurationDelegate.java-registerRepositoriesIn-213] Finished Spring Data repository scanning in 21 ms. Found 5 JPA repository interfaces.
08:23:56.494 INFO  [restartedMain] [TomcatWebServer.java-initialize-111] Tomcat initialized with port 8093 (http)
08:23:56.520 INFO  [restartedMain] [DirectJDKLog.java-log-168] Initializing ProtocolHandler ["http-nio-8093"]
08:23:56.537 INFO  [restartedMain] [DirectJDKLog.java-log-168] Starting service [Tomcat]
08:23:56.539 INFO  [restartedMain] [DirectJDKLog.java-log-168] Starting Servlet engine: [Apache Tomcat/10.1.43]
08:23:56.573 INFO  [restartedMain] [DirectJDKLog.java-log-168] Initializing Spring embedded WebApplicationContext
08:23:56.580 INFO  [restartedMain] [ServletWebServerApplicationContext.java-prepareWebApplicationContext-301] Root WebApplicationContext: initialization completed in 2306 ms
08:23:56.808 INFO  [restartedMain] [LogHelper.java-logPersistenceUnitInformation-31] HHH000204: Processing PersistenceUnitInfo [name: default]
08:23:56.846 INFO  [restartedMain] [Version.java-logVersion-44] HHH000412: Hibernate ORM core version 6.6.22.Final
08:23:56.875 INFO  [restartedMain] [RegionFactoryInitiator.java-initiateService-50] HHH000026: Second-level cache disabled
08:23:57.164 INFO  [restartedMain] [SpringPersistenceUnitInfo.java-addTransformer-87] No LoadTimeWeaver setup: ignoring JPA class transformer
08:23:57.195 WARN  [restartedMain] [HikariConfig.java-validateNumerics-1109] HikariPool-1 - keepaliveTime is greater than or equal to maxLifetime, disabling it.
08:23:57.196 INFO  [restartedMain] [HikariDataSource.java-getConnection-109] HikariPool-1 - Starting...
08:23:57.640 INFO  [restartedMain] [HikariPool.java-checkFailFast-580] HikariPool-1 - Added connection com.mysql.cj.jdbc.ConnectionImpl@524d8a88
08:23:57.642 INFO  [restartedMain] [HikariDataSource.java-getConnection-122] HikariPool-1 - Start completed.
08:23:57.712 INFO  [restartedMain] [JdbcEnvironmentInitiator.java-logConnectionInfo-163] HHH10001005: Database info:
	Database JDBC URL [Connecting through datasource 'HikariDataSource (HikariPool-1)']
	Database driver: undefined/unknown
	Database version: 8.0.28
	Autocommit mode: undefined/unknown
	Isolation level: undefined/unknown
	Minimum pool size: undefined/unknown
	Maximum pool size: undefined/unknown
08:23:57.718 DEBUG [restartedMain] [DdlTypeRegistry.java-addDescriptor-64] addDescriptor(12, org.hibernate.type.descriptor.sql.internal.CapacityDependentDdlType@66e3e52b) replaced previous registration(org.hibernate.type.descriptor.sql.internal.CapacityDependentDdlType@555338c3)
08:23:57.719 DEBUG [restartedMain] [DdlTypeRegistry.java-addDescriptor-64] addDescriptor(-9, org.hibernate.type.descriptor.sql.internal.CapacityDependentDdlType@606c7a84) replaced previous registration(org.hibernate.type.descriptor.sql.internal.CapacityDependentDdlType@71dff98e)
08:23:57.719 DEBUG [restartedMain] [DdlTypeRegistry.java-addDescriptor-64] addDescriptor(-3, org.hibernate.type.descriptor.sql.internal.CapacityDependentDdlType@8ec8023) replaced previous registration(org.hibernate.type.descriptor.sql.internal.CapacityDependentDdlType@44b524dd)
08:23:57.728 DEBUG [restartedMain] [DdlTypeRegistry.java-addDescriptor-64] addDescriptor(4003, org.hibernate.type.descriptor.sql.internal.DdlTypeImpl@470ece95) replaced previous registration(org.hibernate.type.descriptor.sql.internal.DdlTypeImpl@49935c73)
08:23:57.728 DEBUG [restartedMain] [DdlTypeRegistry.java-addDescriptor-64] addDescriptor(4001, org.hibernate.type.descriptor.sql.internal.DdlTypeImpl@259230fa) replaced previous registration(org.hibernate.type.descriptor.sql.internal.DdlTypeImpl@48ec6b59)
08:23:57.728 DEBUG [restartedMain] [DdlTypeRegistry.java-addDescriptor-64] addDescriptor(4002, org.hibernate.type.descriptor.sql.internal.DdlTypeImpl@79a76eb7) replaced previous registration(org.hibernate.type.descriptor.sql.internal.DdlTypeImpl@2a84c534)
08:23:57.728 DEBUG [restartedMain] [DdlTypeRegistry.java-addDescriptor-64] addDescriptor(2004, org.hibernate.type.descriptor.sql.internal.CapacityDependentDdlType@1e25257e) replaced previous registration(org.hibernate.type.descriptor.sql.internal.DdlTypeImpl@35383340)
08:23:57.729 DEBUG [restartedMain] [DdlTypeRegistry.java-addDescriptor-64] addDescriptor(2005, org.hibernate.type.descriptor.sql.internal.CapacityDependentDdlType@77282186) replaced previous registration(org.hibernate.type.descriptor.sql.internal.DdlTypeImpl@7b09e732)
08:23:57.729 DEBUG [restartedMain] [DdlTypeRegistry.java-addDescriptor-64] addDescriptor(2011, org.hibernate.type.descriptor.sql.internal.CapacityDependentDdlType@4c3023f8) replaced previous registration(org.hibernate.type.descriptor.sql.internal.DdlTypeImpl@38e6ab0d)
08:23:58.814 INFO  [restartedMain] [JtaPlatformInitiator.java-initiateService-59] HHH000489: No JTA platform available (set 'hibernate.transaction.jta.platform' to enable JTA platform integration)
08:23:59.850 INFO  [restartedMain] [AbstractEntityManagerFactoryBean.java-buildNativeEntityManagerFactory-447] Initialized JPA EntityManagerFactory for persistence unit 'default'
08:24:00.446 WARN  [restartedMain] [JpaBaseConfiguration.java-openEntityManagerInViewInterceptor-258] spring.jpa.open-in-view is enabled by default. Therefore, database queries may be performed during view rendering. Explicitly configure spring.jpa.open-in-view to disable this warning
08:24:00.747 INFO  [restartedMain] [InitializeUserDetailsBeanManagerConfigurer.java-configure-110] Global AuthenticationManager configured with UserDetailsService bean with name userDetailsServiceImpl
08:24:00.806 INFO  [restartedMain] [SecurityConfig.java-securityFilterChain-38] [ LOCAL ] Security Active
08:24:00.900 WARN  [restartedMain] [CglibAopProxy.java-doValidateClass-296] Unable to proxy interface-implementing method [public final void org.springframework.web.filter.GenericFilterBean.init(jakarta.servlet.FilterConfig) throws jakarta.servlet.ServletException] because it is marked as final, consider using interface-based JDK proxies instead.
08:24:00.927 WARN  [restartedMain] [CglibAopProxy.java-doValidateClass-296] Unable to proxy interface-implementing method [public final void org.springframework.web.filter.GenericFilterBean.init(jakarta.servlet.FilterConfig) throws jakarta.servlet.ServletException] because it is marked as final, consider using interface-based JDK proxies instead.
08:24:00.940 WARN  [restartedMain] [CglibAopProxy.java-doValidateClass-296] Unable to proxy interface-implementing method [public final void org.springframework.web.filter.GenericFilterBean.init(jakarta.servlet.FilterConfig) throws jakarta.servlet.ServletException] because it is marked as final, consider using interface-based JDK proxies instead.
08:24:01.232 INFO  [restartedMain] [OptionalLiveReloadServer.java-startServer-59] LiveReload server is running on port 35729
08:24:01.603 INFO  [restartedMain] [DirectJDKLog.java-log-168] Starting ProtocolHandler ["http-nio-8093"]
08:24:01.637 INFO  [restartedMain] [TomcatWebServer.java-start-243] Tomcat started on port 8093 (http) with context path '/'
08:24:01.646 INFO  [restartedMain] [StartupInfoLogger.java-logStarted-59] Started SupportershighUserBackendApplication in 8.235 seconds (process running for 8.782)
08:24:01.652 INFO  [restartedMain] [StartEventListener.java-onApplicationEvent-17] ApplicationReadyEvent: batch.issueCoupon=OFF
